# Converted from Roblox mesh format
# Vertices: 3799, Faces: 2888

v -1.051894 0.111532 -0.030607 1.000000 1.000000 1.000000
v -1.051894 0.081367 -0.028459 1.000000 1.000000 1.000000
v -1.051894 0.101177 -0.020253 1.000000 1.000000 1.000000
v -1.051894 0.081367 -0.043102 1.000000 1.000000 1.000000
v -1.051894 0.124026 -0.000443 1.000000 1.000000 1.000000
v -1.051894 0.051202 -0.030607 1.000000 1.000000 1.000000
v -1.051894 0.109382 -0.000443 1.000000 1.000000 1.000000
v -1.051894 0.061557 -0.020253 1.000000 1.000000 1.000000
v -1.051894 0.101177 0.019367 1.000000 1.000000 1.000000
v -1.051894 0.053351 -0.000443 1.000000 1.000000 1.000000
v -1.051894 0.111532 0.029722 1.000000 1.000000 1.000000
v -1.051894 0.038707 -0.000443 1.000000 1.000000 1.000000
v -1.051894 0.081367 0.042216 1.000000 1.000000 1.000000
v -1.051894 0.051202 0.029722 1.000000 1.000000 1.000000
v -1.051894 0.081367 0.027573 1.000000 1.000000 1.000000
v -1.051894 0.061557 0.019367 1.000000 1.000000 1.000000
v -1.051894 0.109382 -0.000443 1.000000 1.000000 1.000000
v -1.008825 0.101177 0.019367 1.000000 1.000000 1.000000
v -1.051894 0.101177 0.019367 1.000000 1.000000 1.000000
v -1.051894 0.081367 0.027573 1.000000 1.000000 1.000000
v -1.008825 0.081367 0.027573 1.000000 1.000000 1.000000
v -1.051894 0.061557 0.019367 1.000000 1.000000 1.000000
v -1.008825 0.061557 0.019367 1.000000 1.000000 1.000000
v -1.051894 0.053351 -0.000443 1.000000 1.000000 1.000000
v -1.008825 0.109382 -0.000443 1.000000 1.000000 1.000000
v -1.051894 0.101177 -0.020253 1.000000 1.000000 1.000000
v -1.008825 0.053351 -0.000443 1.000000 1.000000 1.000000
v -1.051894 0.061557 -0.020253 1.000000 1.000000 1.000000
v -1.008825 0.061557 -0.020253 1.000000 1.000000 1.000000
v -1.051894 0.081367 -0.028459 1.000000 1.000000 1.000000
v -1.008825 0.101177 -0.020253 1.000000 1.000000 1.000000
v -1.008825 0.081367 -0.028459 1.000000 1.000000 1.000000
v 1.050207 -0.062232 0.088675 1.000000 1.000000 1.000000
v 1.051894 -0.034512 -0.088692 1.000000 1.000000 1.000000
v 1.051893 -0.034512 0.088694 1.000000 1.000000 1.000000
v 1.050208 -0.062233 -0.088673 1.000000 1.000000 1.000000
v 1.043844 -0.097152 0.088623 1.000000 1.000000 1.000000
v 1.050208 -0.062233 -0.088673 1.000000 1.000000 1.000000
v 1.050207 -0.062232 0.088675 1.000000 1.000000 1.000000
v 1.043844 -0.097152 -0.088620 1.000000 1.000000 1.000000
v 1.051893 -0.034512 0.088694 1.000000 1.000000 1.000000
v 1.049627 0.027060 -0.088674 1.000000 1.000000 1.000000
v 1.049626 0.027060 0.088677 1.000000 1.000000 1.000000
v 1.051894 -0.034512 -0.088692 1.000000 1.000000 1.000000
v 1.049626 0.027060 0.088677 1.000000 1.000000 1.000000
v 1.043823 0.063898 -0.088678 1.000000 1.000000 1.000000
v 1.043822 0.063899 0.088680 1.000000 1.000000 1.000000
v 1.049627 0.027060 -0.088674 1.000000 1.000000 1.000000
v 1.024227 0.120499 0.088596 1.000000 1.000000 1.000000
v 1.036467 0.090587 -0.088666 1.000000 1.000000 1.000000
v 1.024225 0.120497 -0.088597 1.000000 1.000000 1.000000
v 1.036465 0.090587 0.088670 1.000000 1.000000 1.000000
v 1.043822 0.063899 0.088680 1.000000 1.000000 1.000000
v 1.043823 0.063898 -0.088678 1.000000 1.000000 1.000000
v 1.008799 0.143555 0.088572 1.000000 1.000000 1.000000
v 1.024225 0.120497 -0.088597 1.000000 1.000000 1.000000
v 1.008795 0.143553 -0.088579 1.000000 1.000000 1.000000
v 1.024227 0.120499 0.088596 1.000000 1.000000 1.000000
v 1.032082 -0.128517 0.088591 1.000000 1.000000 1.000000
v 1.043844 -0.097152 -0.088620 1.000000 1.000000 1.000000
v 1.043844 -0.097152 0.088623 1.000000 1.000000 1.000000
v 1.032082 -0.128517 -0.088588 1.000000 1.000000 1.000000
v 1.014448 -0.156355 -0.088508 1.000000 1.000000 1.000000
v 1.014447 -0.156356 0.088512 1.000000 1.000000 1.000000
v 0.987774 -0.179694 0.088474 1.000000 1.000000 1.000000
v 0.987775 -0.179694 -0.088472 1.000000 1.000000 1.000000
v 0.957419 -0.192760 -0.088511 1.000000 1.000000 1.000000
v 0.957417 -0.192760 0.088513 1.000000 1.000000 1.000000
v 0.987775 -0.179694 -0.088472 1.000000 1.000000 1.000000
v -0.600961 0.323104 0.000761 1.000000 1.000000 1.000000
v -0.604503 0.302740 -0.005190 1.000000 1.000000 1.000000
v -0.604503 0.302740 0.004304 1.000000 1.000000 1.000000
v -0.600961 0.323104 -0.001647 1.000000 1.000000 1.000000
v -0.631829 0.160737 0.039492 1.000000 1.000000 1.000000
v -0.631829 -0.046950 -0.040335 1.000000 1.000000 1.000000
v -0.631829 -0.046950 0.039492 1.000000 1.000000 1.000000
v -0.631829 0.160737 -0.040335 1.000000 1.000000 1.000000
v -0.616372 0.302195 0.013998 1.000000 1.000000 1.000000
v -0.616372 0.222059 -0.014884 1.000000 1.000000 1.000000
v -0.616372 0.222059 0.013998 1.000000 1.000000 1.000000
v -0.616372 0.302195 -0.014884 1.000000 1.000000 1.000000
v -0.616372 0.363574 -0.000443 1.000000 1.000000 1.000000
v -0.616372 0.360105 -0.026849 1.000000 1.000000 1.000000
v -0.616372 0.354824 -0.021568 1.000000 1.000000 1.000000
v -0.616372 0.333700 -0.030318 1.000000 1.000000 1.000000
v -0.616372 0.371043 -0.000443 1.000000 1.000000 1.000000
v -0.616372 0.333700 -0.037786 1.000000 1.000000 1.000000
v -0.616372 0.354824 0.020681 1.000000 1.000000 1.000000
v -0.616372 0.312576 -0.021568 1.000000 1.000000 1.000000
v -0.616372 0.360105 0.025963 1.000000 1.000000 1.000000
v -0.616372 0.307294 -0.026849 1.000000 1.000000 1.000000
v -0.616372 0.333700 0.029432 1.000000 1.000000 1.000000
v -0.616372 0.303826 -0.000443 1.000000 1.000000 1.000000
v -0.616372 0.333700 0.036900 1.000000 1.000000 1.000000
v -0.616372 0.296357 -0.000443 1.000000 1.000000 1.000000
v -0.616372 0.312576 0.020681 1.000000 1.000000 1.000000
v -0.616372 0.307294 0.025963 1.000000 1.000000 1.000000
v 0.872549 0.058537 -0.088679 1.000000 1.000000 1.000000
v 0.872549 0.058538 0.088682 1.000000 1.000000 1.000000
v 0.871160 0.015924 0.088680 1.000000 1.000000 1.000000
v 0.871160 0.015923 -0.088678 1.000000 1.000000 1.000000
v 0.875484 0.078429 0.088661 1.000000 1.000000 1.000000
v 0.872549 0.058538 0.088682 1.000000 1.000000 1.000000
v 0.875484 0.078427 -0.088661 1.000000 1.000000 1.000000
v 0.879910 0.093646 -0.088626 1.000000 1.000000 1.000000
v 0.875484 0.078429 0.088661 1.000000 1.000000 1.000000
v 0.879758 0.093615 0.088852 1.000000 1.000000 1.000000
v 0.871160 0.015923 -0.088678 1.000000 1.000000 1.000000
v 0.871160 0.015924 0.088680 1.000000 1.000000 1.000000
v 0.876099 -0.043756 0.088685 1.000000 1.000000 1.000000
v 0.876100 -0.043758 -0.088683 1.000000 1.000000 1.000000
v 0.880516 -0.066488 0.088685 1.000000 1.000000 1.000000
v 0.876100 -0.043758 -0.088683 1.000000 1.000000 1.000000
v 0.876099 -0.043756 0.088685 1.000000 1.000000 1.000000
v 0.880516 -0.066489 -0.088682 1.000000 1.000000 1.000000
v 0.989731 0.161967 0.088556 1.000000 1.000000 1.000000
v 1.008795 0.143553 -0.088579 1.000000 1.000000 1.000000
v 0.989726 0.161965 -0.088562 1.000000 1.000000 1.000000
v 1.008799 0.143555 0.088572 1.000000 1.000000 1.000000
v 0.886724 -0.086473 0.088654 1.000000 1.000000 1.000000
v 0.880516 -0.066489 -0.088682 1.000000 1.000000 1.000000
v 0.880516 -0.066488 0.088685 1.000000 1.000000 1.000000
v 0.886724 -0.086474 -0.088650 1.000000 1.000000 1.000000
v -0.540409 0.079952 0.065147 1.000000 1.000000 1.000000
v -0.540409 0.079952 -0.065556 1.000000 1.000000 1.000000
v -0.542318 0.037207 0.065173 1.000000 1.000000 1.000000
v -0.542318 0.037207 -0.065583 1.000000 1.000000 1.000000
v -0.535890 0.105548 0.065154 1.000000 1.000000 1.000000
v -0.535890 0.105548 -0.065563 1.000000 1.000000 1.000000
v -0.540409 0.079952 0.065147 1.000000 1.000000 1.000000
v -0.542318 0.037207 -0.065583 1.000000 1.000000 1.000000
v -0.541143 0.017741 -0.065557 1.000000 1.000000 1.000000
v -0.541143 0.017741 0.065148 1.000000 1.000000 1.000000
v -0.536451 -0.006913 0.065078 1.000000 1.000000 1.000000
v -0.536451 -0.006913 -0.065488 1.000000 1.000000 1.000000
v -0.527594 -0.029320 -0.065454 1.000000 1.000000 1.000000
v -0.527594 -0.029320 0.065045 1.000000 1.000000 1.000000
v -0.514186 -0.049496 0.064951 1.000000 1.000000 1.000000
v -0.514186 -0.049496 -0.065361 1.000000 1.000000 1.000000
v 0.766728 -0.053015 0.050944 1.000000 1.000000 1.000000
v 0.775875 -0.009478 -0.051511 1.000000 1.000000 1.000000
v 0.775874 -0.009477 0.050934 1.000000 1.000000 1.000000
v 0.766728 -0.053015 -0.051521 1.000000 1.000000 1.000000
v 0.778228 0.017347 0.050935 1.000000 1.000000 1.000000
v 0.775874 -0.009477 0.050934 1.000000 1.000000 1.000000
v 0.778228 0.017346 -0.051513 1.000000 1.000000 1.000000
v 0.777726 0.037329 -0.051507 1.000000 1.000000 1.000000
v 0.778228 0.017346 -0.051513 1.000000 1.000000 1.000000
v 0.777726 0.037330 0.050930 1.000000 1.000000 1.000000
v 0.774363 0.060422 0.050887 1.000000 1.000000 1.000000
v 0.774362 0.060421 -0.051466 1.000000 1.000000 1.000000
v -0.520812 0.144831 -0.065454 1.000000 1.000000 1.000000
v -0.520812 0.144831 0.065045 1.000000 1.000000 1.000000
v -0.508882 0.160802 0.065027 1.000000 1.000000 1.000000
v -0.508882 0.160802 -0.065436 1.000000 1.000000 1.000000
v -0.530214 0.124086 0.065144 1.000000 1.000000 1.000000
v -0.530214 0.124086 -0.065554 1.000000 1.000000 1.000000
v -0.535890 0.105548 -0.065563 1.000000 1.000000 1.000000
v -0.535890 0.105548 0.065154 1.000000 1.000000 1.000000
v 0.760715 -0.072145 0.050933 1.000000 1.000000 1.000000
v 0.766728 -0.053015 -0.051521 1.000000 1.000000 1.000000
v 0.766728 -0.053015 0.050944 1.000000 1.000000 1.000000
v 0.760717 -0.072145 -0.051510 1.000000 1.000000 1.000000
v 0.894767 -0.103524 0.088557 1.000000 1.000000 1.000000
v 0.886724 -0.086474 -0.088650 1.000000 1.000000 1.000000
v 0.886724 -0.086473 0.088654 1.000000 1.000000 1.000000
v 0.894769 -0.103525 -0.088555 1.000000 1.000000 1.000000
v 0.750169 -0.095503 0.050903 1.000000 1.000000 1.000000
v 0.760717 -0.072145 -0.051510 1.000000 1.000000 1.000000
v 0.760715 -0.072145 0.050933 1.000000 1.000000 1.000000
v 0.750170 -0.095503 -0.051480 1.000000 1.000000 1.000000
v 0.885792 0.105704 0.088567 1.000000 1.000000 1.000000
v 0.892213 0.113757 -0.088558 1.000000 1.000000 1.000000
v 0.892217 0.113751 0.088551 1.000000 1.000000 1.000000
v 0.885790 0.105716 -0.088578 1.000000 1.000000 1.000000
v 0.879910 0.093646 -0.088626 1.000000 1.000000 1.000000
v 0.879758 0.093615 0.088852 1.000000 1.000000 1.000000
v 0.767573 0.079267 0.050874 1.000000 1.000000 1.000000
v 0.757418 0.095491 -0.051446 1.000000 1.000000 1.000000
v 0.757422 0.095492 0.050864 1.000000 1.000000 1.000000
v 0.767570 0.079265 -0.051456 1.000000 1.000000 1.000000
v 0.774362 0.060421 -0.051466 1.000000 1.000000 1.000000
v 0.774363 0.060422 0.050887 1.000000 1.000000 1.000000
v -0.563441 0.226590 -0.040335 1.000000 1.000000 1.000000
v -0.624405 0.226590 0.039492 1.000000 1.000000 1.000000
v -0.563441 0.226590 0.039492 1.000000 1.000000 1.000000
v -0.624405 0.226590 -0.040335 1.000000 1.000000 1.000000
v -0.663280 0.201811 -0.040335 1.000000 1.000000 1.000000
v -0.663280 0.201811 0.039492 1.000000 1.000000 1.000000
v -0.663280 0.160737 -0.040335 1.000000 1.000000 1.000000
v -0.663280 0.160737 0.039492 1.000000 1.000000 1.000000
v 0.736461 -0.115430 0.050884 1.000000 1.000000 1.000000
v 0.750170 -0.095503 -0.051480 1.000000 1.000000 1.000000
v 0.750169 -0.095503 0.050903 1.000000 1.000000 1.000000
v 0.736462 -0.115430 -0.051461 1.000000 1.000000 1.000000
v 0.719253 -0.131862 -0.051415 1.000000 1.000000 1.000000
v 0.719251 -0.131862 0.050838 1.000000 1.000000 1.000000
v 0.969263 0.174345 0.088587 1.000000 1.000000 1.000000
v 0.989726 0.161965 -0.088562 1.000000 1.000000 1.000000
v 0.969258 0.174343 -0.088592 1.000000 1.000000 1.000000
v 0.989731 0.161967 0.088556 1.000000 1.000000 1.000000
v -0.407119 0.067642 -0.065562 1.000000 1.000000 1.000000
v -0.410984 0.026853 0.065159 1.000000 1.000000 1.000000
v -0.407119 0.067642 0.065152 1.000000 1.000000 1.000000
v -0.410984 0.026853 -0.065569 1.000000 1.000000 1.000000
v -0.414299 0.011551 -0.065569 1.000000 1.000000 1.000000
v -0.410984 0.026853 -0.065569 1.000000 1.000000 1.000000
v -0.414299 0.011551 0.065159 1.000000 1.000000 1.000000
v -0.414299 0.011551 -0.065569 1.000000 1.000000 1.000000
v -0.418905 -0.001778 -0.065531 1.000000 1.000000 1.000000
v -0.418905 -0.001778 0.065122 1.000000 1.000000 1.000000
v -0.410085 0.110295 0.065128 1.000000 1.000000 1.000000
v -0.413225 0.120515 -0.065498 1.000000 1.000000 1.000000
v -0.410085 0.110295 -0.065538 1.000000 1.000000 1.000000
v -0.412281 0.117825 -0.065704 1.000000 1.000000 1.000000
v -0.413225 0.120515 0.065089 1.000000 1.000000 1.000000
v -0.408000 0.096798 -0.065564 1.000000 1.000000 1.000000
v -0.408000 0.096798 0.065155 1.000000 1.000000 1.000000
v -0.407119 0.067642 0.065152 1.000000 1.000000 1.000000
v -0.407119 0.067642 -0.065562 1.000000 1.000000 1.000000
v -0.408000 0.096798 0.065155 1.000000 1.000000 1.000000
v 0.648883 0.013828 -0.051513 1.000000 1.000000 1.000000
v 0.648882 0.013829 0.050937 1.000000 1.000000 1.000000
v 0.641941 -0.028850 0.050939 1.000000 1.000000 1.000000
v 0.641941 -0.028850 -0.051515 1.000000 1.000000 1.000000
v -0.508882 0.160802 -0.065436 1.000000 1.000000 1.000000
v -0.508882 0.160802 0.065027 1.000000 1.000000 1.000000
v -0.494154 0.173403 0.065013 1.000000 1.000000 1.000000
v -0.494154 0.173403 -0.065422 1.000000 1.000000 1.000000
v 0.641073 -0.045547 0.050938 1.000000 1.000000 1.000000
v 0.641941 -0.028850 -0.051515 1.000000 1.000000 1.000000
v 0.641941 -0.028850 0.050939 1.000000 1.000000 1.000000
v 0.641074 -0.045548 -0.051515 1.000000 1.000000 1.000000
v 0.905438 -0.116888 0.088438 1.000000 1.000000 1.000000
v 0.894769 -0.103525 -0.088555 1.000000 1.000000 1.000000
v 0.894767 -0.103524 0.088557 1.000000 1.000000 1.000000
v 0.905439 -0.116888 -0.088435 1.000000 1.000000 1.000000
v 0.641939 -0.060632 0.050920 1.000000 1.000000 1.000000
v 0.641074 -0.045548 -0.051515 1.000000 1.000000 1.000000
v 0.641073 -0.045547 0.050938 1.000000 1.000000 1.000000
v 0.641939 -0.060632 -0.051497 1.000000 1.000000 1.000000
v 0.657284 0.043445 -0.051514 1.000000 1.000000 1.000000
v 0.657284 0.043446 0.050937 1.000000 1.000000 1.000000
v 0.648882 0.013829 0.050937 1.000000 1.000000 1.000000
v 0.648883 0.013828 -0.051513 1.000000 1.000000 1.000000
v 0.662808 0.056872 0.050925 1.000000 1.000000 1.000000
v 0.657284 0.043446 0.050937 1.000000 1.000000 1.000000
v 0.662808 0.056871 -0.051503 1.000000 1.000000 1.000000
v 0.668562 0.066763 -0.051483 1.000000 1.000000 1.000000
v 0.662808 0.056872 0.050925 1.000000 1.000000 1.000000
v 0.668450 0.066767 0.051035 1.000000 1.000000 1.000000
v 0.644603 -0.073982 0.050864 1.000000 1.000000 1.000000
v 0.641939 -0.060632 -0.051497 1.000000 1.000000 1.000000
v 0.641939 -0.060632 0.050920 1.000000 1.000000 1.000000
v 0.644603 -0.073983 -0.051442 1.000000 1.000000 1.000000
v -0.424763 -0.012907 -0.065414 1.000000 1.000000 1.000000
v -0.424763 -0.012907 0.065004 1.000000 1.000000 1.000000
v -0.418905 -0.001778 0.065122 1.000000 1.000000 1.000000
v -0.418905 -0.001778 -0.065531 1.000000 1.000000 1.000000
v -0.323080 0.128914 0.059344 1.000000 1.000000 1.000000
v -0.323079 0.128913 -0.059788 1.000000 1.000000 1.000000
v -0.330473 0.090398 0.059355 1.000000 1.000000 1.000000
v -0.330472 0.090397 -0.059800 1.000000 1.000000 1.000000
v -0.323080 0.128914 0.059344 1.000000 1.000000 1.000000
v -0.315883 0.151410 -0.059791 1.000000 1.000000 1.000000
v -0.323079 0.128913 -0.059788 1.000000 1.000000 1.000000
v -0.315884 0.151410 0.059346 1.000000 1.000000 1.000000
v 0.349632 -0.371043 0.047480 1.000000 1.000000 1.000000
v 0.349632 -0.371043 -0.048367 1.000000 1.000000 1.000000
v 0.447583 -0.310831 0.047480 1.000000 1.000000 1.000000
v 0.447583 -0.310831 -0.048367 1.000000 1.000000 1.000000
v -0.315884 0.151410 0.059346 1.000000 1.000000 1.000000
v -0.308707 0.167320 -0.059783 1.000000 1.000000 1.000000
v -0.315883 0.151410 -0.059791 1.000000 1.000000 1.000000
v -0.308707 0.167320 0.059338 1.000000 1.000000 1.000000
v 0.736240 0.113867 0.050915 1.000000 1.000000 1.000000
v 0.745234 0.107732 -0.051464 1.000000 1.000000 1.000000
v 0.736236 0.113866 -0.051497 1.000000 1.000000 1.000000
v 0.745237 0.107733 0.050883 1.000000 1.000000 1.000000
v 0.757422 0.095492 0.050864 1.000000 1.000000 1.000000
v 0.757418 0.095491 -0.051446 1.000000 1.000000 1.000000
v -0.308707 0.167320 0.059338 1.000000 1.000000 1.000000
v -0.298174 0.184661 -0.059734 1.000000 1.000000 1.000000
v -0.308707 0.167320 -0.059783 1.000000 1.000000 1.000000
v -0.298174 0.184658 0.059292 1.000000 1.000000 1.000000
v 0.572830 -0.025023 0.063239 1.000000 1.000000 1.000000
v 0.574755 0.000310 -0.063663 1.000000 1.000000 1.000000
v 0.574754 0.000310 0.063276 1.000000 1.000000 1.000000
v 0.572830 -0.025023 -0.063626 1.000000 1.000000 1.000000
v 0.566798 -0.048228 -0.063603 1.000000 1.000000 1.000000
v 0.566797 -0.048228 0.063215 1.000000 1.000000 1.000000
v 0.573885 0.020169 0.063291 1.000000 1.000000 1.000000
v 0.573886 0.020169 -0.063677 1.000000 1.000000 1.000000
v 0.567680 0.063832 0.063278 1.000000 1.000000 1.000000
v 0.567680 0.063832 -0.063665 1.000000 1.000000 1.000000
v 0.574754 0.000310 0.063276 1.000000 1.000000 1.000000
v 0.574755 0.000310 -0.063663 1.000000 1.000000 1.000000
v 0.573885 0.020169 0.063291 1.000000 1.000000 1.000000
v 0.560799 0.089623 -0.063667 1.000000 1.000000 1.000000
v 0.567680 0.063832 -0.063665 1.000000 1.000000 1.000000
v 0.560799 0.089623 0.063279 1.000000 1.000000 1.000000
v 0.566797 -0.048228 0.063215 1.000000 1.000000 1.000000
v 0.556321 -0.069361 -0.063547 1.000000 1.000000 1.000000
v 0.566798 -0.048228 -0.063603 1.000000 1.000000 1.000000
v 0.556320 -0.069361 0.063159 1.000000 1.000000 1.000000
v -0.493789 -0.066740 0.064918 1.000000 1.000000 1.000000
v -0.514186 -0.049496 -0.065361 1.000000 1.000000 1.000000
v -0.493789 -0.066740 -0.065328 1.000000 1.000000 1.000000
v -0.514186 -0.049496 0.064951 1.000000 1.000000 1.000000
v -0.493789 -0.066740 -0.065328 1.000000 1.000000 1.000000
v -0.470542 -0.076768 -0.065386 1.000000 1.000000 1.000000
v -0.470542 -0.076768 0.064976 1.000000 1.000000 1.000000
v 0.719251 -0.131862 0.050838 1.000000 1.000000 1.000000
v 0.696496 -0.143566 -0.051394 1.000000 1.000000 1.000000
v 0.719253 -0.131862 -0.051415 1.000000 1.000000 1.000000
v 0.696494 -0.143566 0.050816 1.000000 1.000000 1.000000
v 0.955120 0.179582 0.088645 1.000000 1.000000 1.000000
v 0.969258 0.174343 -0.088592 1.000000 1.000000 1.000000
v 0.955114 0.179579 -0.088650 1.000000 1.000000 1.000000
v 0.969263 0.174345 0.088587 1.000000 1.000000 1.000000
v 0.649750 -0.085206 0.050795 1.000000 1.000000 1.000000
v 0.644603 -0.073983 -0.051442 1.000000 1.000000 1.000000
v 0.644603 -0.073982 0.050864 1.000000 1.000000 1.000000
v 0.649751 -0.085206 -0.051373 1.000000 1.000000 1.000000
v -0.298174 0.184658 0.059292 1.000000 1.000000 1.000000
v -0.286321 0.197289 -0.059718 1.000000 1.000000 1.000000
v -0.298174 0.184661 -0.059734 1.000000 1.000000 1.000000
v -0.286320 0.197285 0.059280 1.000000 1.000000 1.000000
v 0.542626 0.128453 0.063220 1.000000 1.000000 1.000000
v 0.553571 0.108073 -0.063659 1.000000 1.000000 1.000000
v 0.542625 0.128451 -0.063609 1.000000 1.000000 1.000000
v 0.553570 0.108073 0.063271 1.000000 1.000000 1.000000
v 0.560799 0.089623 0.063279 1.000000 1.000000 1.000000
v 0.560799 0.089623 -0.063667 1.000000 1.000000 1.000000
v -0.332117 0.072726 0.059341 1.000000 1.000000 1.000000
v -0.330472 0.090397 -0.059800 1.000000 1.000000 1.000000
v -0.332116 0.072725 -0.059787 1.000000 1.000000 1.000000
v -0.330473 0.090398 0.059355 1.000000 1.000000 1.000000
v -0.332116 0.072725 -0.059787 1.000000 1.000000 1.000000
v -0.331543 0.049941 -0.059752 1.000000 1.000000 1.000000
v -0.331544 0.049941 0.059307 1.000000 1.000000 1.000000
v -0.327262 0.028733 0.059285 1.000000 1.000000 1.000000
v -0.327262 0.028733 -0.059730 1.000000 1.000000 1.000000
v -0.318977 0.009023 -0.059676 1.000000 1.000000 1.000000
v -0.318978 0.009024 0.059232 1.000000 1.000000 1.000000
v -0.304626 -0.008962 0.059206 1.000000 1.000000 1.000000
v -0.304625 -0.008963 -0.059651 1.000000 1.000000 1.000000
v -0.304625 -0.008963 -0.059651 1.000000 1.000000 1.000000
v -0.286979 -0.020929 -0.059677 1.000000 1.000000 1.000000
v -0.286980 -0.020929 0.059233 1.000000 1.000000 1.000000
v -0.269771 -0.027079 0.059248 1.000000 1.000000 1.000000
v -0.269771 -0.027080 -0.059692 1.000000 1.000000 1.000000
v 0.892217 0.113751 0.088551 1.000000 1.000000 1.000000
v 0.896532 0.117129 -0.088594 1.000000 1.000000 1.000000
v 0.896537 0.117124 0.088586 1.000000 1.000000 1.000000
v 0.892213 0.113757 -0.088558 1.000000 1.000000 1.000000
v -0.424596 0.136004 0.065085 1.000000 1.000000 1.000000
v -0.424596 0.136004 -0.065495 1.000000 1.000000 1.000000
v -0.421788 0.133845 0.065009 1.000000 1.000000 1.000000
v -0.421788 0.133845 -0.065419 1.000000 1.000000 1.000000
v -0.421788 0.133845 -0.065419 1.000000 1.000000 1.000000
v -0.417354 0.128538 -0.065437 1.000000 1.000000 1.000000
v -0.417354 0.128538 0.065028 1.000000 1.000000 1.000000
v -0.413225 0.120515 0.065089 1.000000 1.000000 1.000000
v -0.413225 0.120515 -0.065498 1.000000 1.000000 1.000000
v -0.205014 -0.129121 -0.042264 1.000000 1.000000 1.000000
v -0.205015 -0.129121 0.041547 1.000000 1.000000 1.000000
v -0.210313 -0.113976 0.041571 1.000000 1.000000 1.000000
v -0.210312 -0.113976 -0.042289 1.000000 1.000000 1.000000
v -0.197571 -0.142408 0.041531 1.000000 1.000000 1.000000
v -0.197571 -0.142408 -0.042248 1.000000 1.000000 1.000000
v 0.529924 0.143715 0.063203 1.000000 1.000000 1.000000
v 0.542625 0.128451 -0.063609 1.000000 1.000000 1.000000
v 0.529921 0.143712 -0.063596 1.000000 1.000000 1.000000
v 0.542626 0.128453 0.063220 1.000000 1.000000 1.000000
v -0.286320 0.197285 0.059280 1.000000 1.000000 1.000000
v -0.272651 0.206544 -0.059707 1.000000 1.000000 1.000000
v -0.286321 0.197289 -0.059718 1.000000 1.000000 1.000000
v -0.272649 0.206540 0.059269 1.000000 1.000000 1.000000
v -0.216375 -0.074377 0.041572 1.000000 1.000000 1.000000
v -0.216375 -0.074377 -0.042290 1.000000 1.000000 1.000000
v -0.213023 -0.101780 0.041580 1.000000 1.000000 1.000000
v -0.213023 -0.101780 -0.042297 1.000000 1.000000 1.000000
v -0.216406 -0.057750 0.041574 1.000000 1.000000 1.000000
v -0.216405 -0.057750 -0.042292 1.000000 1.000000 1.000000
v -0.216375 -0.074377 0.041572 1.000000 1.000000 1.000000
v -0.213023 -0.101780 -0.042297 1.000000 1.000000 1.000000
v -0.210312 -0.113976 -0.042289 1.000000 1.000000 1.000000
v -0.210313 -0.113976 0.041571 1.000000 1.000000 1.000000
v 0.674786 0.074186 0.050870 1.000000 1.000000 1.000000
v 0.680689 0.078710 -0.051444 1.000000 1.000000 1.000000
v 0.680690 0.078705 0.050861 1.000000 1.000000 1.000000
v 0.674786 0.074195 -0.051456 1.000000 1.000000 1.000000
v 0.668562 0.066763 -0.051483 1.000000 1.000000 1.000000
v 0.668450 0.066767 0.051035 1.000000 1.000000 1.000000
v -0.212956 0.099942 -0.059791 1.000000 1.000000 1.000000
v -0.221833 0.062948 0.059348 1.000000 1.000000 1.000000
v -0.212957 0.099942 0.059346 1.000000 1.000000 1.000000
v -0.221833 0.062948 -0.059794 1.000000 1.000000 1.000000
v -0.209580 0.139870 0.059332 1.000000 1.000000 1.000000
v -0.209682 0.126962 -0.059792 1.000000 1.000000 1.000000
v -0.209683 0.126963 0.059346 1.000000 1.000000 1.000000
v -0.209579 0.139871 -0.059779 1.000000 1.000000 1.000000
v -0.212957 0.099942 0.059346 1.000000 1.000000 1.000000
v -0.209683 0.126963 0.059346 1.000000 1.000000 1.000000
v -0.212956 0.099942 -0.059791 1.000000 1.000000 1.000000
v 0.957417 -0.192760 0.088513 1.000000 1.000000 1.000000
v 0.929140 -0.197000 -0.088532 1.000000 1.000000 1.000000
v 0.957419 -0.192760 -0.088511 1.000000 1.000000 1.000000
v 0.929140 -0.197000 0.088535 1.000000 1.000000 1.000000
v -0.226794 0.049169 0.059348 1.000000 1.000000 1.000000
v -0.221833 0.062948 -0.059794 1.000000 1.000000 1.000000
v -0.226793 0.049169 -0.059793 1.000000 1.000000 1.000000
v -0.221833 0.062948 0.059348 1.000000 1.000000 1.000000
v -0.232603 0.037341 0.059327 1.000000 1.000000 1.000000
v -0.226793 0.049169 -0.059793 1.000000 1.000000 1.000000
v -0.232603 0.037341 -0.059772 1.000000 1.000000 1.000000
v -0.226794 0.049169 0.059348 1.000000 1.000000 1.000000
v -0.215028 -0.045541 0.041568 1.000000 1.000000 1.000000
v -0.211710 -0.031649 -0.042251 1.000000 1.000000 1.000000
v -0.215028 -0.045541 -0.042286 1.000000 1.000000 1.000000
v -0.211710 -0.031651 0.041536 1.000000 1.000000 1.000000
v -0.216405 -0.057750 -0.042292 1.000000 1.000000 1.000000
v -0.216406 -0.057750 0.041574 1.000000 1.000000 1.000000
v 0.514975 0.155399 0.063191 1.000000 1.000000 1.000000
v 0.529921 0.143712 -0.063596 1.000000 1.000000 1.000000
v 0.514972 0.155397 -0.063585 1.000000 1.000000 1.000000
v 0.529924 0.143715 0.063203 1.000000 1.000000 1.000000
v 0.556320 -0.069361 0.063159 1.000000 1.000000 1.000000
v 0.539075 -0.087965 -0.063520 1.000000 1.000000 1.000000
v 0.556321 -0.069361 -0.063547 1.000000 1.000000 1.000000
v 0.539074 -0.087965 0.063132 1.000000 1.000000 1.000000
v 0.518439 -0.099532 0.063159 1.000000 1.000000 1.000000
v 0.539074 -0.087965 0.063132 1.000000 1.000000 1.000000
v 0.518439 -0.099532 -0.063548 1.000000 1.000000 1.000000
v 0.498626 -0.104659 -0.063564 1.000000 1.000000 1.000000
v 0.498625 -0.104659 0.063175 1.000000 1.000000 1.000000
v -0.187769 -0.153828 0.041494 1.000000 1.000000 1.000000
v -0.197571 -0.142408 -0.042248 1.000000 1.000000 1.000000
v -0.187769 -0.153829 -0.042212 1.000000 1.000000 1.000000
v -0.197571 -0.142408 0.041531 1.000000 1.000000 1.000000
v -0.174272 -0.162785 -0.042193 1.000000 1.000000 1.000000
v -0.174273 -0.162785 0.041476 1.000000 1.000000 1.000000
v -0.159867 -0.166998 0.041495 1.000000 1.000000 1.000000
v -0.174273 -0.162785 0.041476 1.000000 1.000000 1.000000
v -0.159866 -0.166998 -0.042212 1.000000 1.000000 1.000000
v -0.147009 -0.167407 -0.042222 1.000000 1.000000 1.000000
v -0.147010 -0.167407 0.041506 1.000000 1.000000 1.000000
v 0.439274 0.073027 -0.063668 1.000000 1.000000 1.000000
v 0.439274 0.073028 0.063281 1.000000 1.000000 1.000000
v 0.441464 0.042588 0.063281 1.000000 1.000000 1.000000
v 0.441465 0.042588 -0.063668 1.000000 1.000000 1.000000
v 0.439880 0.087407 0.063266 1.000000 1.000000 1.000000
v 0.439274 0.073028 0.063281 1.000000 1.000000 1.000000
v 0.439879 0.087405 -0.063656 1.000000 1.000000 1.000000
v 0.441895 0.098569 -0.063630 1.000000 1.000000 1.000000
v 0.439880 0.087407 0.063266 1.000000 1.000000 1.000000
v 0.441789 0.098536 0.063403 1.000000 1.000000 1.000000
v 0.441465 0.042588 -0.063668 1.000000 1.000000 1.000000
v 0.441464 0.042588 0.063281 1.000000 1.000000 1.000000
v 0.449434 0.000472 0.063283 1.000000 1.000000 1.000000
v 0.449434 0.000472 -0.063671 1.000000 1.000000 1.000000
v -0.272649 0.206540 0.059269 1.000000 1.000000 1.000000
v -0.258694 0.211825 -0.059728 1.000000 1.000000 1.000000
v -0.272651 0.206544 -0.059707 1.000000 1.000000 1.000000
v -0.258692 0.211822 0.059290 1.000000 1.000000 1.000000
v 0.220646 -0.247854 0.051206 1.000000 1.000000 1.000000
v 0.202143 -0.253108 -0.051800 1.000000 1.000000 1.000000
v 0.220646 -0.247854 -0.051777 1.000000 1.000000 1.000000
v 0.202142 -0.253107 0.051229 1.000000 1.000000 1.000000
v 0.185503 -0.253424 0.051242 1.000000 1.000000 1.000000
v 0.185504 -0.253424 -0.051814 1.000000 1.000000 1.000000
v 0.896537 0.117124 0.088586 1.000000 1.000000 1.000000
v 0.902210 0.120184 -0.088502 1.000000 1.000000 1.000000
v 0.902215 0.120180 0.088494 1.000000 1.000000 1.000000
v 0.896532 0.117129 -0.088594 1.000000 1.000000 1.000000
v 0.454273 -0.015380 0.063283 1.000000 1.000000 1.000000
v 0.449434 0.000472 -0.063671 1.000000 1.000000 1.000000
v 0.449434 0.000472 0.063283 1.000000 1.000000 1.000000
v 0.454274 -0.015380 -0.063671 1.000000 1.000000 1.000000
v -0.142684 -0.042555 0.041565 1.000000 1.000000 1.000000
v -0.139968 -0.051226 -0.042292 1.000000 1.000000 1.000000
v -0.139969 -0.051226 0.041575 1.000000 1.000000 1.000000
v -0.142684 -0.042554 -0.042283 1.000000 1.000000 1.000000
v -0.136335 -0.070038 0.041574 1.000000 1.000000 1.000000
v -0.139969 -0.051226 0.041575 1.000000 1.000000 1.000000
v -0.136335 -0.070039 -0.042292 1.000000 1.000000 1.000000
v -0.598553 0.323104 -0.001647 1.000000 1.000000 1.000000
v -0.600961 0.323104 0.000761 1.000000 1.000000 1.000000
v -0.598553 0.323104 0.000761 1.000000 1.000000 1.000000
v -0.600961 0.323104 -0.001647 1.000000 1.000000 1.000000
v 0.656123 -0.091684 0.050763 1.000000 1.000000 1.000000
v 0.649751 -0.085206 -0.051373 1.000000 1.000000 1.000000
v 0.649750 -0.085206 0.050795 1.000000 1.000000 1.000000
v 0.656123 -0.091685 -0.051341 1.000000 1.000000 1.000000
v -0.239272 0.027587 0.059262 1.000000 1.000000 1.000000
v -0.232603 0.037341 -0.059772 1.000000 1.000000 1.000000
v -0.239272 0.027587 -0.059708 1.000000 1.000000 1.000000
v -0.232603 0.037341 0.059327 1.000000 1.000000 1.000000
v -0.247218 0.020480 -0.059627 1.000000 1.000000 1.000000
v -0.247219 0.020480 0.059182 1.000000 1.000000 1.000000
v -0.222175 0.169452 0.059227 1.000000 1.000000 1.000000
v -0.218938 0.166828 -0.059729 1.000000 1.000000 1.000000
v -0.218934 0.166829 0.059290 1.000000 1.000000 1.000000
v -0.222179 0.169452 -0.059667 1.000000 1.000000 1.000000
v -0.216571 0.164173 0.059265 1.000000 1.000000 1.000000
v -0.216573 0.164172 -0.059705 1.000000 1.000000 1.000000
v -0.218934 0.166829 0.059290 1.000000 1.000000 1.000000
v -0.216573 0.164172 -0.059705 1.000000 1.000000 1.000000
v -0.213346 0.158297 -0.059715 1.000000 1.000000 1.000000
v -0.213344 0.158299 0.059276 1.000000 1.000000 1.000000
v -0.210858 0.149985 0.059310 1.000000 1.000000 1.000000
v -0.210856 0.149982 -0.059755 1.000000 1.000000 1.000000
v -0.210500 0.147188 -0.059786 1.000000 1.000000 1.000000
v -0.209580 0.139870 0.059332 1.000000 1.000000 1.000000
v -0.209579 0.139871 -0.059779 1.000000 1.000000 1.000000
v -0.136335 -0.070039 -0.042292 1.000000 1.000000 1.000000
v -0.134304 -0.096742 0.041576 1.000000 1.000000 1.000000
v -0.136335 -0.070038 0.041574 1.000000 1.000000 1.000000
v -0.134303 -0.096743 -0.042294 1.000000 1.000000 1.000000
v -0.134655 -0.107045 -0.042293 1.000000 1.000000 1.000000
v -0.134303 -0.096743 -0.042294 1.000000 1.000000 1.000000
v -0.134656 -0.107045 0.041575 1.000000 1.000000 1.000000
v -0.149182 -0.031019 -0.042238 1.000000 1.000000 1.000000
v -0.149181 -0.031017 0.041524 1.000000 1.000000 1.000000
v -0.152610 -0.027777 0.041517 1.000000 1.000000 1.000000
v -0.152612 -0.027779 -0.042231 1.000000 1.000000 1.000000
v -0.145722 -0.036052 0.041549 1.000000 1.000000 1.000000
v -0.145720 -0.036055 -0.042267 1.000000 1.000000 1.000000
v -0.144878 -0.037850 -0.042288 1.000000 1.000000 1.000000
v -0.142684 -0.042555 0.041565 1.000000 1.000000 1.000000
v -0.142684 -0.042554 -0.042283 1.000000 1.000000 1.000000
v 0.388562 -0.068119 0.036697 1.000000 1.000000 1.000000
v 0.385794 -0.082707 -0.037471 1.000000 1.000000 1.000000
v 0.388562 -0.068119 -0.037492 1.000000 1.000000 1.000000
v 0.385793 -0.082707 0.036675 1.000000 1.000000 1.000000
v 0.380777 -0.095791 0.036662 1.000000 1.000000 1.000000
v 0.380777 -0.095791 -0.037458 1.000000 1.000000 1.000000
v 0.460184 -0.029143 0.063261 1.000000 1.000000 1.000000
v 0.454274 -0.015380 -0.063671 1.000000 1.000000 1.000000
v 0.454273 -0.015380 0.063283 1.000000 1.000000 1.000000
v 0.460185 -0.029144 -0.063648 1.000000 1.000000 1.000000
v 0.696494 -0.143566 0.050816 1.000000 1.000000 1.000000
v 0.672947 -0.147429 -0.051417 1.000000 1.000000 1.000000
v 0.696496 -0.143566 -0.051394 1.000000 1.000000 1.000000
v 0.672945 -0.147429 0.050839 1.000000 1.000000 1.000000
v 0.916169 -0.123464 0.088381 1.000000 1.000000 1.000000
v 0.905439 -0.116888 -0.088435 1.000000 1.000000 1.000000
v 0.905438 -0.116888 0.088438 1.000000 1.000000 1.000000
v 0.916171 -0.123465 -0.088380 1.000000 1.000000 1.000000
v 0.499481 0.162684 0.063213 1.000000 1.000000 1.000000
v 0.514972 0.155397 -0.063585 1.000000 1.000000 1.000000
v 0.499478 0.162681 -0.063606 1.000000 1.000000 1.000000
v 0.514975 0.155399 0.063191 1.000000 1.000000 1.000000
v -0.112399 0.119948 -0.051245 1.000000 1.000000 1.000000
v -0.112399 0.119948 0.050621 1.000000 1.000000 1.000000
v -0.104061 0.142021 0.050543 1.000000 1.000000 1.000000
v -0.104061 0.142021 -0.051167 1.000000 1.000000 1.000000
v 0.389352 -0.056528 0.036705 1.000000 1.000000 1.000000
v 0.388562 -0.068119 -0.037492 1.000000 1.000000 1.000000
v 0.389352 -0.056528 -0.037500 1.000000 1.000000 1.000000
v 0.388562 -0.068119 0.036697 1.000000 1.000000 1.000000
v -0.117032 0.100406 -0.051252 1.000000 1.000000 1.000000
v -0.117032 0.100406 0.050629 1.000000 1.000000 1.000000
v -0.112399 0.119948 0.050621 1.000000 1.000000 1.000000
v -0.112399 0.119948 -0.051245 1.000000 1.000000 1.000000
v 0.169151 -0.249927 0.051228 1.000000 1.000000 1.000000
v 0.151698 -0.241209 -0.051777 1.000000 1.000000 1.000000
v 0.169151 -0.249928 -0.051801 1.000000 1.000000 1.000000
v 0.151698 -0.241208 0.051206 1.000000 1.000000 1.000000
v 0.185504 -0.253424 -0.051814 1.000000 1.000000 1.000000
v 0.185503 -0.253424 0.051242 1.000000 1.000000 1.000000
v -0.119999 0.073645 0.050623 1.000000 1.000000 1.000000
v -0.119999 0.073645 -0.051247 1.000000 1.000000 1.000000
v -0.119125 0.029329 0.050645 1.000000 1.000000 1.000000
v -0.119125 0.029329 -0.051268 1.000000 1.000000 1.000000
v -0.117032 0.100406 0.050629 1.000000 1.000000 1.000000
v -0.117032 0.100406 -0.051252 1.000000 1.000000 1.000000
v -0.119999 0.073645 0.050623 1.000000 1.000000 1.000000
v 0.373315 -0.107383 0.036628 1.000000 1.000000 1.000000
v 0.380777 -0.095791 -0.037458 1.000000 1.000000 1.000000
v 0.380777 -0.095791 0.036662 1.000000 1.000000 1.000000
v 0.373315 -0.107383 -0.037424 1.000000 1.000000 1.000000
v 0.362086 -0.117064 -0.037409 1.000000 1.000000 1.000000
v 0.362086 -0.117064 0.036613 1.000000 1.000000 1.000000
v 0.349347 -0.122437 0.036629 1.000000 1.000000 1.000000
v 0.362086 -0.117064 0.036613 1.000000 1.000000 1.000000
v 0.349347 -0.122437 -0.037425 1.000000 1.000000 1.000000
v 0.337505 -0.124124 -0.037434 1.000000 1.000000 1.000000
v 0.337505 -0.124124 0.036638 1.000000 1.000000 1.000000
v -0.432295 -0.021303 -0.065274 1.000000 1.000000 1.000000
v -0.432295 -0.021303 0.064864 1.000000 1.000000 1.000000
v -0.424763 -0.012907 0.065004 1.000000 1.000000 1.000000
v -0.424763 -0.012907 -0.065414 1.000000 1.000000 1.000000
v -0.439535 -0.025150 0.064817 1.000000 1.000000 1.000000
v -0.439535 -0.025150 -0.065226 1.000000 1.000000 1.000000
v -0.445360 -0.025837 -0.065224 1.000000 1.000000 1.000000
v -0.445360 -0.025837 0.064815 1.000000 1.000000 1.000000
v 0.445182 0.107592 0.063198 1.000000 1.000000 1.000000
v 0.449153 0.113804 -0.063582 1.000000 1.000000 1.000000
v 0.449155 0.113800 0.063187 1.000000 1.000000 1.000000
v 0.445180 0.107600 -0.063596 1.000000 1.000000 1.000000
v 0.441895 0.098569 -0.063630 1.000000 1.000000 1.000000
v 0.441789 0.098536 0.063403 1.000000 1.000000 1.000000
v -0.116614 0.009285 0.050624 1.000000 1.000000 1.000000
v -0.119125 0.029329 -0.051268 1.000000 1.000000 1.000000
v -0.116614 0.009285 -0.051248 1.000000 1.000000 1.000000
v -0.119125 0.029329 0.050645 1.000000 1.000000 1.000000
v -0.110122 -0.015889 -0.051194 1.000000 1.000000 1.000000
v -0.110122 -0.015889 0.050570 1.000000 1.000000 1.000000
v -0.099472 -0.038463 0.050545 1.000000 1.000000 1.000000
v -0.099472 -0.038463 -0.051168 1.000000 1.000000 1.000000
v -0.084268 -0.058428 -0.051094 1.000000 1.000000 1.000000
v -0.084268 -0.058428 0.050471 1.000000 1.000000 1.000000
v -0.135998 -0.116224 -0.042278 1.000000 1.000000 1.000000
v -0.135998 -0.116224 0.041561 1.000000 1.000000 1.000000
v -0.134656 -0.107045 0.041575 1.000000 1.000000 1.000000
v -0.134655 -0.107045 -0.042293 1.000000 1.000000 1.000000
v 0.283998 0.254261 0.020896 1.000000 1.000000 1.000000
v 0.283998 0.212277 0.020896 1.000000 1.000000 1.000000
v 0.283998 0.212277 -0.021782 1.000000 1.000000 1.000000
v 0.283998 0.254261 -0.021782 1.000000 1.000000 1.000000
v 0.275461 0.262797 -0.021782 1.000000 1.000000 1.000000
v 0.275461 0.262797 0.020896 1.000000 1.000000 1.000000
v 0.219981 0.262797 0.020896 1.000000 1.000000 1.000000
v 0.219981 0.262797 -0.021782 1.000000 1.000000 1.000000
v 0.203976 0.284136 -0.021782 1.000000 1.000000 1.000000
v 0.203976 0.284136 0.020896 1.000000 1.000000 1.000000
v 0.182638 0.284136 0.020896 1.000000 1.000000 1.000000
v 0.182638 0.284136 -0.021782 1.000000 1.000000 1.000000
v 0.389352 -0.056528 0.036705 1.000000 1.000000 1.000000
v 0.389352 -0.056528 -0.037500 1.000000 1.000000 1.000000
v 0.388592 -0.030764 0.036698 1.000000 1.000000 1.000000
v 0.388593 -0.030764 -0.037494 1.000000 1.000000 1.000000
v 0.386277 -0.015336 -0.037495 1.000000 1.000000 1.000000
v 0.388593 -0.030764 -0.037494 1.000000 1.000000 1.000000
v 0.386277 -0.015336 0.036699 1.000000 1.000000 1.000000
v 0.383281 -0.004149 0.036694 1.000000 1.000000 1.000000
v 0.383281 -0.004149 -0.037490 1.000000 1.000000 1.000000
v 0.386277 -0.015336 0.036699 1.000000 1.000000 1.000000
v 0.467182 -0.040682 0.063191 1.000000 1.000000 1.000000
v 0.460185 -0.029144 -0.063648 1.000000 1.000000 1.000000
v 0.460184 -0.029143 0.063261 1.000000 1.000000 1.000000
v 0.467183 -0.040682 -0.063579 1.000000 1.000000 1.000000
v 0.259224 -0.204443 0.051293 1.000000 1.000000 1.000000
v 0.265529 -0.184770 -0.051895 1.000000 1.000000 1.000000
v 0.265528 -0.184770 0.051324 1.000000 1.000000 1.000000
v 0.259224 -0.204443 -0.051865 1.000000 1.000000 1.000000
v 0.250073 -0.221657 -0.051846 1.000000 1.000000 1.000000
v 0.250073 -0.221657 0.051275 1.000000 1.000000 1.000000
v 0.237798 -0.236395 0.051228 1.000000 1.000000 1.000000
v 0.237798 -0.236395 -0.051799 1.000000 1.000000 1.000000
v 0.220646 -0.247854 -0.051777 1.000000 1.000000 1.000000
v 0.220646 -0.247854 0.051206 1.000000 1.000000 1.000000
v -0.258692 0.211822 0.059290 1.000000 1.000000 1.000000
v -0.249373 0.213384 -0.059767 1.000000 1.000000 1.000000
v -0.258694 0.211825 -0.059728 1.000000 1.000000 1.000000
v -0.249371 0.213381 0.059329 1.000000 1.000000 1.000000
v -0.199326 -0.011482 0.041520 1.000000 1.000000 1.000000
v -0.191114 -0.004931 -0.042248 1.000000 1.000000 1.000000
v -0.199327 -0.011480 -0.042233 1.000000 1.000000 1.000000
v -0.191112 -0.004934 0.041535 1.000000 1.000000 1.000000
v -0.199327 -0.011480 -0.042233 1.000000 1.000000 1.000000
v -0.206491 -0.020630 -0.042241 1.000000 1.000000 1.000000
v -0.206490 -0.020633 0.041528 1.000000 1.000000 1.000000
v -0.211710 -0.031651 0.041536 1.000000 1.000000 1.000000
v -0.211710 -0.031649 -0.042251 1.000000 1.000000 1.000000
v 0.269616 0.225537 0.060522 1.000000 1.000000 1.000000
v 0.279507 0.219840 -0.060917 1.000000 1.000000 1.000000
v 0.269611 0.225536 -0.060957 1.000000 1.000000 1.000000
v 0.279511 0.219841 0.060482 1.000000 1.000000 1.000000
v 0.279511 0.219841 0.060482 1.000000 1.000000 1.000000
v 0.293063 0.208390 -0.060896 1.000000 1.000000 1.000000
v 0.279507 0.219840 -0.060917 1.000000 1.000000 1.000000
v 0.293066 0.208390 0.060461 1.000000 1.000000 1.000000
v 0.304599 0.193127 0.060472 1.000000 1.000000 1.000000
v 0.293066 0.208390 0.060461 1.000000 1.000000 1.000000
v 0.304596 0.193125 -0.060908 1.000000 1.000000 1.000000
v 0.312630 0.175325 -0.060920 1.000000 1.000000 1.000000
v 0.312630 0.175326 0.060488 1.000000 1.000000 1.000000
v -0.138363 -0.124198 -0.042233 1.000000 1.000000 1.000000
v -0.138363 -0.124198 0.041516 1.000000 1.000000 1.000000
v -0.135998 -0.116224 0.041561 1.000000 1.000000 1.000000
v -0.135998 -0.116224 -0.042278 1.000000 1.000000 1.000000
v -0.448881 -0.080486 -0.065415 1.000000 1.000000 1.000000
v -0.448881 -0.080486 0.065006 1.000000 1.000000 1.000000
v -0.470542 -0.076768 0.064976 1.000000 1.000000 1.000000
v -0.470542 -0.076768 -0.065386 1.000000 1.000000 1.000000
v 0.378253 0.008401 0.036665 1.000000 1.000000 1.000000
v 0.383281 -0.004149 -0.037490 1.000000 1.000000 1.000000
v 0.378252 0.008400 -0.037461 1.000000 1.000000 1.000000
v 0.383281 -0.004149 0.036694 1.000000 1.000000 1.000000
v 0.489023 0.165356 0.063254 1.000000 1.000000 1.000000
v 0.499478 0.162681 -0.063606 1.000000 1.000000 1.000000
v 0.489019 0.165354 -0.063648 1.000000 1.000000 1.000000
v 0.499481 0.162684 0.063213 1.000000 1.000000 1.000000
v -0.062034 -0.074895 -0.051069 1.000000 1.000000 1.000000
v -0.062034 -0.074895 0.050445 1.000000 1.000000 1.000000
v -0.084268 -0.058428 0.050471 1.000000 1.000000 1.000000
v -0.084268 -0.058428 -0.051094 1.000000 1.000000 1.000000
v 0.256279 0.231466 0.060477 1.000000 1.000000 1.000000
v 0.234926 0.236744 -0.060927 1.000000 1.000000 1.000000
v 0.234931 0.236742 0.060498 1.000000 1.000000 1.000000
v 0.256273 0.231466 -0.060911 1.000000 1.000000 1.000000
v 0.213050 0.238985 -0.060908 1.000000 1.000000 1.000000
v 0.213055 0.238980 0.060482 1.000000 1.000000 1.000000
v 0.269611 0.225536 -0.060957 1.000000 1.000000 1.000000
v 0.269616 0.225537 0.060522 1.000000 1.000000 1.000000
v 0.256273 0.231466 -0.060911 1.000000 1.000000 1.000000
v 0.213050 0.238985 -0.060908 1.000000 1.000000 1.000000
v 0.198495 0.237906 -0.060952 1.000000 1.000000 1.000000
v 0.198498 0.237902 0.060529 1.000000 1.000000 1.000000
v 0.187260 0.235881 0.060489 1.000000 1.000000 1.000000
v 0.187257 0.235885 -0.060913 1.000000 1.000000 1.000000
v 0.198498 0.237902 0.060529 1.000000 1.000000 1.000000
v -0.154767 -0.026508 0.041534 1.000000 1.000000 1.000000
v -0.152612 -0.027779 -0.042231 1.000000 1.000000 1.000000
v -0.152610 -0.027777 0.041517 1.000000 1.000000 1.000000
v -0.154769 -0.026509 -0.042248 1.000000 1.000000 1.000000
v 0.724047 0.120295 0.050878 1.000000 1.000000 1.000000
v 0.704359 0.126152 -0.051473 1.000000 1.000000 1.000000
v 0.704364 0.126150 0.050895 1.000000 1.000000 1.000000
v 0.724041 0.120295 -0.051459 1.000000 1.000000 1.000000
v 0.684067 0.128820 -0.051456 1.000000 1.000000 1.000000
v 0.684070 0.128816 0.050883 1.000000 1.000000 1.000000
v 0.736236 0.113866 -0.051497 1.000000 1.000000 1.000000
v 0.736240 0.113867 0.050915 1.000000 1.000000 1.000000
v 0.724041 0.120295 -0.051459 1.000000 1.000000 1.000000
v 0.670468 0.127888 0.050922 1.000000 1.000000 1.000000
v 0.670465 0.127892 -0.051493 1.000000 1.000000 1.000000
v 0.684070 0.128816 0.050883 1.000000 1.000000 1.000000
v 0.312630 0.175326 0.060488 1.000000 1.000000 1.000000
v 0.317152 0.153440 -0.060968 1.000000 1.000000 1.000000
v 0.312630 0.175325 -0.060920 1.000000 1.000000 1.000000
v 0.317152 0.153441 0.060538 1.000000 1.000000 1.000000
v 0.151698 -0.241208 0.051206 1.000000 1.000000 1.000000
v 0.136504 -0.226631 -0.051800 1.000000 1.000000 1.000000
v 0.151698 -0.241209 -0.051777 1.000000 1.000000 1.000000
v 0.136503 -0.226631 0.051228 1.000000 1.000000 1.000000
v 0.371869 0.018093 0.036654 1.000000 1.000000 1.000000
v 0.378252 0.008400 -0.037461 1.000000 1.000000 1.000000
v 0.371868 0.018092 -0.037454 1.000000 1.000000 1.000000
v 0.378253 0.008401 0.036665 1.000000 1.000000 1.000000
v 0.314614 -0.017055 -0.037495 1.000000 1.000000 1.000000
v 0.314613 -0.017055 0.036700 1.000000 1.000000 1.000000
v 0.313902 -0.034877 0.036699 1.000000 1.000000 1.000000
v 0.313902 -0.034877 -0.037495 1.000000 1.000000 1.000000
v 0.315903 -0.008743 0.036691 1.000000 1.000000 1.000000
v 0.314613 -0.017055 0.036700 1.000000 1.000000 1.000000
v 0.315902 -0.008743 -0.037488 1.000000 1.000000 1.000000
v 0.317800 -0.002391 -0.037473 1.000000 1.000000 1.000000
v 0.315903 -0.008743 0.036691 1.000000 1.000000 1.000000
v 0.317737 -0.002403 0.036771 1.000000 1.000000 1.000000
v 0.680690 0.078705 0.050861 1.000000 1.000000 1.000000
v 0.684303 0.080319 -0.051465 1.000000 1.000000 1.000000
v 0.684305 0.080315 0.050881 1.000000 1.000000 1.000000
v 0.680689 0.078710 -0.051444 1.000000 1.000000 1.000000
v 0.317152 0.153441 0.060538 1.000000 1.000000 1.000000
v 0.318482 0.134467 -0.060975 1.000000 1.000000 1.000000
v 0.317152 0.153440 -0.060968 1.000000 1.000000 1.000000
v 0.318482 0.134468 0.060546 1.000000 1.000000 1.000000
v 0.317017 0.108954 0.060544 1.000000 1.000000 1.000000
v 0.317018 0.108954 -0.060973 1.000000 1.000000 1.000000
v 0.318482 0.134468 0.060546 1.000000 1.000000 1.000000
v 0.475775 -0.049399 0.063106 1.000000 1.000000 1.000000
v 0.467183 -0.040682 -0.063579 1.000000 1.000000 1.000000
v 0.467182 -0.040682 0.063191 1.000000 1.000000 1.000000
v 0.475776 -0.049399 -0.063494 1.000000 1.000000 1.000000
v 0.320298 0.002636 0.036652 1.000000 1.000000 1.000000
v 0.323009 0.005984 -0.037445 1.000000 1.000000 1.000000
v 0.323010 0.005982 0.036645 1.000000 1.000000 1.000000
v 0.320297 0.002641 -0.037454 1.000000 1.000000 1.000000
v 0.317800 -0.002391 -0.037473 1.000000 1.000000 1.000000
v 0.317737 -0.002403 0.036771 1.000000 1.000000 1.000000
v -0.037334 -0.083713 -0.051114 1.000000 1.000000 1.000000
v -0.037334 -0.083713 0.050491 1.000000 1.000000 1.000000
v -0.062034 -0.074895 0.050445 1.000000 1.000000 1.000000
v -0.062034 -0.074895 -0.051069 1.000000 1.000000 1.000000
v 0.447583 -0.310831 -0.048367 1.000000 1.000000 1.000000
v 0.378466 -0.122139 0.047480 1.000000 1.000000 1.000000
v 0.447583 -0.310831 0.047480 1.000000 1.000000 1.000000
v 0.378466 -0.122139 -0.048367 1.000000 1.000000 1.000000
v 0.313902 -0.034877 -0.037495 1.000000 1.000000 1.000000
v 0.313902 -0.034877 0.036699 1.000000 1.000000 1.000000
v 0.315786 -0.059857 0.036701 1.000000 1.000000 1.000000
v 0.315786 -0.059857 -0.037497 1.000000 1.000000 1.000000
v 0.929140 -0.197000 -0.088532 1.000000 1.000000 1.000000
v 0.929140 -0.197000 0.088535 1.000000 1.000000 1.000000
v 0.900501 -0.194681 0.088513 1.000000 1.000000 1.000000
v 0.900504 -0.194681 -0.088511 1.000000 1.000000 1.000000
v 0.265528 -0.184770 0.051324 1.000000 1.000000 1.000000
v 0.268589 -0.168900 -0.051906 1.000000 1.000000 1.000000
v 0.268589 -0.168900 0.051334 1.000000 1.000000 1.000000
v 0.265529 -0.184770 -0.051895 1.000000 1.000000 1.000000
v -0.428418 0.137965 -0.065312 1.000000 1.000000 1.000000
v -0.424596 0.136004 0.065085 1.000000 1.000000 1.000000
v -0.428418 0.137965 0.064903 1.000000 1.000000 1.000000
v -0.424596 0.136004 -0.065495 1.000000 1.000000 1.000000
v 0.170633 0.229680 0.060468 1.000000 1.000000 1.000000
v 0.187257 0.235885 -0.060913 1.000000 1.000000 1.000000
v 0.170632 0.229683 -0.060891 1.000000 1.000000 1.000000
v 0.187260 0.235881 0.060489 1.000000 1.000000 1.000000
v 0.308929 0.067468 0.060556 1.000000 1.000000 1.000000
v 0.317018 0.108954 -0.060973 1.000000 1.000000 1.000000
v 0.317017 0.108954 0.060544 1.000000 1.000000 1.000000
v 0.308930 0.067467 -0.060985 1.000000 1.000000 1.000000
v -0.157504 -0.025449 0.041491 1.000000 1.000000 1.000000
v -0.154769 -0.026509 -0.042248 1.000000 1.000000 1.000000
v -0.154767 -0.026508 0.041534 1.000000 1.000000 1.000000
v -0.157507 -0.025449 -0.042204 1.000000 1.000000 1.000000
v 0.449155 0.113800 0.063187 1.000000 1.000000 1.000000
v 0.451976 0.116526 -0.063607 1.000000 1.000000 1.000000
v 0.451979 0.116523 0.063212 1.000000 1.000000 1.000000
v 0.449153 0.113804 -0.063582 1.000000 1.000000 1.000000
v 0.317564 -0.069380 0.036701 1.000000 1.000000 1.000000
v 0.315786 -0.059857 -0.037497 1.000000 1.000000 1.000000
v 0.315786 -0.059857 0.036701 1.000000 1.000000 1.000000
v 0.317564 -0.069380 -0.037497 1.000000 1.000000 1.000000
v 0.007667 0.190940 -0.051169 1.000000 1.000000 1.000000
v -0.014694 0.192563 0.050582 1.000000 1.000000 1.000000
v 0.007667 0.190940 0.050545 1.000000 1.000000 1.000000
v -0.014694 0.192563 -0.051204 1.000000 1.000000 1.000000
v -0.037054 0.190940 0.050545 1.000000 1.000000 1.000000
v -0.037054 0.190940 -0.051169 1.000000 1.000000 1.000000
v -0.037054 0.190940 -0.051169 1.000000 1.000000 1.000000
v -0.051557 0.187114 -0.051245 1.000000 1.000000 1.000000
v -0.051557 0.187114 0.050623 1.000000 1.000000 1.000000
v 0.022170 0.187114 -0.051245 1.000000 1.000000 1.000000
v 0.022170 0.187114 0.050623 1.000000 1.000000 1.000000
v 0.007667 0.190940 -0.051169 1.000000 1.000000 1.000000
v -0.062635 0.182930 0.050551 1.000000 1.000000 1.000000
v -0.051557 0.187114 0.050623 1.000000 1.000000 1.000000
v -0.062635 0.182930 -0.051174 1.000000 1.000000 1.000000
v -0.078406 0.173332 -0.051142 1.000000 1.000000 1.000000
v -0.078406 0.173332 0.050518 1.000000 1.000000 1.000000
v 0.033247 0.182930 0.050551 1.000000 1.000000 1.000000
v 0.022170 0.187114 0.050623 1.000000 1.000000 1.000000
v 0.033247 0.182930 -0.051174 1.000000 1.000000 1.000000
v 0.049018 0.173332 -0.051142 1.000000 1.000000 1.000000
v 0.049018 0.173332 0.050518 1.000000 1.000000 1.000000
v 0.063405 0.159325 0.050530 1.000000 1.000000 1.000000
v 0.063405 0.159325 -0.051154 1.000000 1.000000 1.000000
v 0.049018 0.173332 0.050518 1.000000 1.000000 1.000000
v -0.092793 0.159325 0.050530 1.000000 1.000000 1.000000
v -0.078406 0.173332 0.050518 1.000000 1.000000 1.000000
v -0.092793 0.159325 -0.051154 1.000000 1.000000 1.000000
v -0.104061 0.142021 -0.051167 1.000000 1.000000 1.000000
v -0.104061 0.142021 0.050543 1.000000 1.000000 1.000000
v -0.142155 -0.130675 -0.042177 1.000000 1.000000 1.000000
v -0.142156 -0.130675 0.041459 1.000000 1.000000 1.000000
v -0.138363 -0.124198 0.041516 1.000000 1.000000 1.000000
v -0.138363 -0.124198 -0.042233 1.000000 1.000000 1.000000
v 0.268589 -0.168900 0.051334 1.000000 1.000000 1.000000
v 0.271921 -0.133195 -0.051895 1.000000 1.000000 1.000000
v 0.271921 -0.133194 0.051324 1.000000 1.000000 1.000000
v 0.268589 -0.168900 -0.051906 1.000000 1.000000 1.000000
v -0.134457 -0.164892 0.041495 1.000000 1.000000 1.000000
v -0.147009 -0.167407 -0.042222 1.000000 1.000000 1.000000
v -0.134456 -0.164892 -0.042212 1.000000 1.000000 1.000000
v -0.147010 -0.167407 0.041506 1.000000 1.000000 1.000000
v -0.014694 -0.086114 -0.051137 1.000000 1.000000 1.000000
v -0.014694 -0.086114 0.050513 1.000000 1.000000 1.000000
v -0.037334 -0.083713 0.050491 1.000000 1.000000 1.000000
v -0.037334 -0.083713 -0.051114 1.000000 1.000000 1.000000
v 0.154624 0.219204 0.060479 1.000000 1.000000 1.000000
v 0.170632 0.229683 -0.060891 1.000000 1.000000 1.000000
v 0.154623 0.219209 -0.060903 1.000000 1.000000 1.000000
v 0.170633 0.229680 0.060468 1.000000 1.000000 1.000000
v 0.272057 0.296357 -0.000443 1.000000 1.000000 1.000000
v 0.272057 0.312576 -0.021568 1.000000 1.000000 1.000000
v 0.272057 0.303826 -0.000443 1.000000 1.000000 1.000000
v 0.272057 0.307294 -0.026849 1.000000 1.000000 1.000000
v 0.272057 0.307294 0.025962 1.000000 1.000000 1.000000
v 0.272057 0.333700 -0.037786 1.000000 1.000000 1.000000
v 0.272057 0.312576 0.020681 1.000000 1.000000 1.000000
v 0.272057 0.333700 -0.030318 1.000000 1.000000 1.000000
v 0.272057 0.333700 0.036900 1.000000 1.000000 1.000000
v 0.272057 0.360105 -0.026849 1.000000 1.000000 1.000000
v 0.272057 0.333700 0.029432 1.000000 1.000000 1.000000
v 0.272057 0.354824 -0.021568 1.000000 1.000000 1.000000
v 0.272057 0.360105 0.025962 1.000000 1.000000 1.000000
v 0.272057 0.371043 -0.000443 1.000000 1.000000 1.000000
v 0.272057 0.354824 0.020681 1.000000 1.000000 1.000000
v 0.272057 0.363574 -0.000443 1.000000 1.000000 1.000000
v 0.272057 0.301658 0.013998 1.000000 1.000000 1.000000
v 0.272057 0.254418 0.013998 1.000000 1.000000 1.000000
v 0.272057 0.301658 -0.014884 1.000000 1.000000 1.000000
v 0.272057 0.254418 -0.014884 1.000000 1.000000 1.000000
v 0.303236 0.049211 0.060542 1.000000 1.000000 1.000000
v 0.308930 0.067467 -0.060985 1.000000 1.000000 1.000000
v 0.308929 0.067468 0.060556 1.000000 1.000000 1.000000
v 0.303237 0.049210 -0.060972 1.000000 1.000000 1.000000
v 0.292847 0.026870 -0.060936 1.000000 1.000000 1.000000
v 0.292847 0.026870 0.060507 1.000000 1.000000 1.000000
v 0.278929 0.007745 0.060484 1.000000 1.000000 1.000000
v 0.278929 0.007745 -0.060914 1.000000 1.000000 1.000000
v 0.261117 -0.008112 -0.060860 1.000000 1.000000 1.000000
v 0.261117 -0.008112 0.060431 1.000000 1.000000 1.000000
v 0.672945 -0.147429 0.050839 1.000000 1.000000 1.000000
v 0.652394 -0.145472 -0.051429 1.000000 1.000000 1.000000
v 0.672947 -0.147429 -0.051417 1.000000 1.000000 1.000000
v 0.652392 -0.145471 0.050852 1.000000 1.000000 1.000000
v 0.136503 -0.226631 0.051228 1.000000 1.000000 1.000000
v 0.126606 -0.209757 -0.051846 1.000000 1.000000 1.000000
v 0.136504 -0.226631 -0.051800 1.000000 1.000000 1.000000
v 0.126605 -0.209756 0.051274 1.000000 1.000000 1.000000
v 0.324828 0.007380 0.036660 1.000000 1.000000 1.000000
v 0.324826 0.007382 -0.037460 1.000000 1.000000 1.000000
v 0.327212 0.008641 0.036621 1.000000 1.000000 1.000000
v 0.327210 0.008643 -0.037422 1.000000 1.000000 1.000000
v 0.323010 0.005982 0.036645 1.000000 1.000000 1.000000
v 0.323009 0.005984 -0.037445 1.000000 1.000000 1.000000
v 0.324828 0.007380 0.036660 1.000000 1.000000 1.000000
v 0.269112 -0.095541 0.051320 1.000000 1.000000 1.000000
v 0.271347 -0.111497 -0.051897 1.000000 1.000000 1.000000
v 0.269113 -0.095541 -0.051891 1.000000 1.000000 1.000000
v 0.271347 -0.111497 0.051326 1.000000 1.000000 1.000000
v 0.271921 -0.133194 0.051324 1.000000 1.000000 1.000000
v 0.271921 -0.133195 -0.051895 1.000000 1.000000 1.000000
v 0.271347 -0.111497 0.051326 1.000000 1.000000 1.000000
v 0.190357 -0.069682 0.051272 1.000000 1.000000 1.000000
v 0.193862 -0.068344 -0.051794 1.000000 1.000000 1.000000
v 0.193865 -0.068346 0.051218 1.000000 1.000000 1.000000
v 0.190355 -0.069680 -0.051848 1.000000 1.000000 1.000000
v 0.187610 -0.071303 0.051251 1.000000 1.000000 1.000000
v 0.190355 -0.069680 -0.051848 1.000000 1.000000 1.000000
v 0.190357 -0.069682 0.051272 1.000000 1.000000 1.000000
v 0.187608 -0.071300 -0.051828 1.000000 1.000000 1.000000
v -0.247219 0.020480 0.059182 1.000000 1.000000 1.000000
v -0.254544 0.017657 -0.059590 1.000000 1.000000 1.000000
v -0.254545 0.017657 0.059145 1.000000 1.000000 1.000000
v -0.247218 0.020480 -0.059627 1.000000 1.000000 1.000000
v 0.018612 0.069797 0.050628 1.000000 1.000000 1.000000
v 0.017334 0.027374 -0.051257 1.000000 1.000000 1.000000
v 0.017334 0.027374 0.050633 1.000000 1.000000 1.000000
v 0.018612 0.069797 -0.051251 1.000000 1.000000 1.000000
v 0.014925 0.011334 -0.051257 1.000000 1.000000 1.000000
v 0.017334 0.027374 0.050633 1.000000 1.000000 1.000000
v 0.014925 0.011334 0.050633 1.000000 1.000000 1.000000
v 0.014925 0.011334 -0.051257 1.000000 1.000000 1.000000
v 0.011051 -0.002752 -0.051227 1.000000 1.000000 1.000000
v 0.011051 -0.002752 0.050604 1.000000 1.000000 1.000000
v 0.015759 0.099879 -0.051253 1.000000 1.000000 1.000000
v 0.015759 0.099879 0.050630 1.000000 1.000000 1.000000
v 0.018612 0.069797 -0.051251 1.000000 1.000000 1.000000
v 0.012705 0.113693 0.050609 1.000000 1.000000 1.000000
v 0.015759 0.099879 0.050630 1.000000 1.000000 1.000000
v 0.012705 0.113693 -0.051233 1.000000 1.000000 1.000000
v 0.349525 0.033328 0.036684 1.000000 1.000000 1.000000
v 0.355424 0.031093 -0.037459 1.000000 1.000000 1.000000
v 0.349523 0.033327 -0.037483 1.000000 1.000000 1.000000
v 0.355426 0.031094 0.036660 1.000000 1.000000 1.000000
v 0.363949 0.025853 0.036647 1.000000 1.000000 1.000000
v 0.363948 0.025853 -0.037446 1.000000 1.000000 1.000000
v 0.371868 0.018092 -0.037454 1.000000 1.000000 1.000000
v 0.371869 0.018093 0.036654 1.000000 1.000000 1.000000
v 0.363948 0.025853 -0.037446 1.000000 1.000000 1.000000
v 0.936581 0.184144 0.088580 1.000000 1.000000 1.000000
v 0.908164 0.185433 -0.088607 1.000000 1.000000 1.000000
v 0.908170 0.185432 0.088611 1.000000 1.000000 1.000000
v 0.936575 0.184142 -0.088584 1.000000 1.000000 1.000000
v 0.879998 0.182234 -0.088578 1.000000 1.000000 1.000000
v 0.880005 0.182230 0.088588 1.000000 1.000000 1.000000
v 0.955114 0.179579 -0.088650 1.000000 1.000000 1.000000
v 0.955120 0.179582 0.088645 1.000000 1.000000 1.000000
v 0.936575 0.184142 -0.088584 1.000000 1.000000 1.000000
v 0.862034 0.176435 0.088655 1.000000 1.000000 1.000000
v 0.862028 0.176439 -0.088644 1.000000 1.000000 1.000000
v 0.880005 0.182230 0.088588 1.000000 1.000000 1.000000
v 0.320100 -0.077758 0.036687 1.000000 1.000000 1.000000
v 0.317564 -0.069380 -0.037497 1.000000 1.000000 1.000000
v 0.317564 -0.069380 0.036701 1.000000 1.000000 1.000000
v 0.320100 -0.077758 -0.037484 1.000000 1.000000 1.000000
v 0.323412 -0.084916 -0.037443 1.000000 1.000000 1.000000
v 0.323412 -0.084916 0.036647 1.000000 1.000000 1.000000
v 0.327835 -0.090539 0.036598 1.000000 1.000000 1.000000
v 0.327836 -0.090539 -0.037394 1.000000 1.000000 1.000000
v 0.451979 0.116523 0.063212 1.000000 1.000000 1.000000
v 0.455789 0.119125 -0.063541 1.000000 1.000000 1.000000
v 0.455794 0.119122 0.063146 1.000000 1.000000 1.000000
v 0.451976 0.116526 -0.063607 1.000000 1.000000 1.000000
v 0.141053 0.205162 0.060490 1.000000 1.000000 1.000000
v 0.154623 0.219209 -0.060903 1.000000 1.000000 1.000000
v 0.141053 0.205165 -0.060919 1.000000 1.000000 1.000000
v 0.154624 0.219204 0.060479 1.000000 1.000000 1.000000
v 0.193865 -0.068346 0.051218 1.000000 1.000000 1.000000
v 0.199441 -0.068018 -0.052009 1.000000 1.000000 1.000000
v 0.199446 -0.068020 0.051436 1.000000 1.000000 1.000000
v 0.193862 -0.068344 -0.051794 1.000000 1.000000 1.000000
v -0.191112 -0.004934 0.041535 1.000000 1.000000 1.000000
v -0.185205 -0.001876 -0.042275 1.000000 1.000000 1.000000
v -0.191114 -0.004931 -0.042248 1.000000 1.000000 1.000000
v -0.185202 -0.001878 0.041562 1.000000 1.000000 1.000000
v 0.183296 -0.075463 0.051260 1.000000 1.000000 1.000000
v 0.187608 -0.071300 -0.051828 1.000000 1.000000 1.000000
v 0.187610 -0.071303 0.051251 1.000000 1.000000 1.000000
v 0.183295 -0.075457 -0.051840 1.000000 1.000000 1.000000
v 0.178993 -0.081979 -0.051868 1.000000 1.000000 1.000000
v 0.178903 -0.081985 0.051427 1.000000 1.000000 1.000000
v -0.014694 -0.086114 0.050513 1.000000 1.000000 1.000000
v 0.007946 -0.083713 -0.051114 1.000000 1.000000 1.000000
v 0.007946 -0.083713 0.050491 1.000000 1.000000 1.000000
v -0.014694 -0.086114 -0.051137 1.000000 1.000000 1.000000
v 0.478065 -0.105145 0.063159 1.000000 1.000000 1.000000
v 0.454700 -0.099698 -0.063520 1.000000 1.000000 1.000000
v 0.478066 -0.105145 -0.063548 1.000000 1.000000 1.000000
v 0.454699 -0.099698 0.063131 1.000000 1.000000 1.000000
v 0.478066 -0.105145 -0.063548 1.000000 1.000000 1.000000
v 0.498626 -0.104659 -0.063564 1.000000 1.000000 1.000000
v 0.498625 -0.104659 0.063175 1.000000 1.000000 1.000000
v 0.264303 -0.077356 0.051277 1.000000 1.000000 1.000000
v 0.269113 -0.095541 -0.051891 1.000000 1.000000 1.000000
v 0.264302 -0.077357 -0.051851 1.000000 1.000000 1.000000
v 0.269112 -0.095541 0.051320 1.000000 1.000000 1.000000
v 0.684305 0.080315 0.050881 1.000000 1.000000 1.000000
v 0.688814 0.081470 -0.051411 1.000000 1.000000 1.000000
v 0.688816 0.081467 0.050828 1.000000 1.000000 1.000000
v 0.684303 0.080319 -0.051465 1.000000 1.000000 1.000000
v -0.426922 -0.079578 0.064976 1.000000 1.000000 1.000000
v -0.448881 -0.080486 -0.065415 1.000000 1.000000 1.000000
v -0.426922 -0.079578 -0.065386 1.000000 1.000000 1.000000
v -0.448881 -0.080486 0.065006 1.000000 1.000000 1.000000
v 0.936581 0.184144 0.088580 1.000000 1.000000 1.000000
v 0.927236 0.118165 0.088596 1.000000 1.000000 1.000000
v 0.955120 0.179582 0.088645 1.000000 1.000000 1.000000
v 0.921245 0.120827 0.088503 1.000000 1.000000 1.000000
v 0.931908 0.115097 0.088561 1.000000 1.000000 1.000000
v 0.908170 0.185432 0.088611 1.000000 1.000000 1.000000
v 0.969263 0.174345 0.088587 1.000000 1.000000 1.000000
v 0.911651 0.121978 0.088870 1.000000 1.000000 1.000000
v 0.989731 0.161967 0.088556 1.000000 1.000000 1.000000
v 0.902215 0.120180 0.088494 1.000000 1.000000 1.000000
v 0.939204 0.107494 0.088576 1.000000 1.000000 1.000000
v 0.880005 0.182230 0.088588 1.000000 1.000000 1.000000
v 1.008799 0.143555 0.088572 1.000000 1.000000 1.000000
v 0.896537 0.117124 0.088586 1.000000 1.000000 1.000000
v 0.946369 0.095885 0.088627 1.000000 1.000000 1.000000
v 0.862034 0.176435 0.088655 1.000000 1.000000 1.000000
v 1.024227 0.120499 0.088596 1.000000 1.000000 1.000000
v 0.892217 0.113751 0.088551 1.000000 1.000000 1.000000
v 0.952436 0.081047 0.088660 1.000000 1.000000 1.000000
v 0.848515 0.170265 0.088597 1.000000 1.000000 1.000000
v 1.036465 0.090587 0.088670 1.000000 1.000000 1.000000
v 0.829476 0.156553 0.088566 1.000000 1.000000 1.000000
v 0.957546 0.061407 0.088681 1.000000 1.000000 1.000000
v 0.885792 0.105704 0.088567 1.000000 1.000000 1.000000
v 1.043822 0.063899 0.088680 1.000000 1.000000 1.000000
v 0.812495 0.136923 0.088582 1.000000 1.000000 1.000000
v 0.879758 0.093615 0.088852 1.000000 1.000000 1.000000
v 0.799646 0.112915 0.088600 1.000000 1.000000 1.000000
v 0.963594 0.019043 0.088679 1.000000 1.000000 1.000000
v 1.049626 0.027060 0.088677 1.000000 1.000000 1.000000
v 1.051893 -0.034512 0.088694 1.000000 1.000000 1.000000
v 0.965207 -0.040749 0.088685 1.000000 1.000000 1.000000
v 1.050207 -0.062232 0.088675 1.000000 1.000000 1.000000
v 0.963295 -0.063695 0.088683 1.000000 1.000000 1.000000
v 1.043844 -0.097152 0.088623 1.000000 1.000000 1.000000
v 0.959298 -0.084024 0.088652 1.000000 1.000000 1.000000
v 1.032082 -0.128517 0.088591 1.000000 1.000000 1.000000
v 0.953151 -0.101554 0.088556 1.000000 1.000000 1.000000
v 1.014447 -0.156356 0.088512 1.000000 1.000000 1.000000
v 0.943983 -0.115588 0.088436 1.000000 1.000000 1.000000
v 0.987774 -0.179694 0.088474 1.000000 1.000000 1.000000
v 0.934011 -0.122863 0.088381 1.000000 1.000000 1.000000
v 0.957417 -0.192760 0.088513 1.000000 1.000000 1.000000
v 0.925187 -0.124939 0.088371 1.000000 1.000000 1.000000
v 0.929140 -0.197000 0.088535 1.000000 1.000000 1.000000
v 0.900501 -0.194681 0.088513 1.000000 1.000000 1.000000
v 0.916169 -0.123464 0.088381 1.000000 1.000000 1.000000
v 0.868827 -0.183709 0.088473 1.000000 1.000000 1.000000
v 0.905438 -0.116888 0.088438 1.000000 1.000000 1.000000
v 0.839698 -0.162253 0.088511 1.000000 1.000000 1.000000
v 0.894767 -0.103524 0.088557 1.000000 1.000000 1.000000
v 0.819080 -0.135705 0.088590 1.000000 1.000000 1.000000
v 0.886724 -0.086473 0.088654 1.000000 1.000000 1.000000
v 0.803928 -0.105249 0.088622 1.000000 1.000000 1.000000
v 0.880516 -0.066488 0.088685 1.000000 1.000000 1.000000
v 0.793765 -0.070887 0.088674 1.000000 1.000000 1.000000
v 0.876099 -0.043756 0.088685 1.000000 1.000000 1.000000
v 0.789051 -0.043384 0.088694 1.000000 1.000000 1.000000
v 0.871160 0.015924 0.088680 1.000000 1.000000 1.000000
v 0.784568 0.018115 0.088676 1.000000 1.000000 1.000000
v 0.786317 0.055208 0.088679 1.000000 1.000000 1.000000
v 0.872549 0.058538 0.088682 1.000000 1.000000 1.000000
v 0.790726 0.082294 0.088669 1.000000 1.000000 1.000000
v 0.875484 0.078429 0.088661 1.000000 1.000000 1.000000
v 0.879758 0.093615 0.088852 1.000000 1.000000 1.000000
v 0.012705 0.113693 0.050609 1.000000 1.000000 1.000000
v 0.009933 0.121331 -0.051362 1.000000 1.000000 1.000000
v 0.012705 0.113693 -0.051233 1.000000 1.000000 1.000000
v 0.008777 0.124048 0.050579 1.000000 1.000000 1.000000
v 0.008777 0.124048 -0.051202 1.000000 1.000000 1.000000
v 0.199446 -0.068020 0.051436 1.000000 1.000000 1.000000
v 0.204892 -0.069408 -0.051792 1.000000 1.000000 1.000000
v 0.204896 -0.069407 0.051224 1.000000 1.000000 1.000000
v 0.199441 -0.068018 -0.052009 1.000000 1.000000 1.000000
v 0.876100 -0.043758 -0.088683 1.000000 1.000000 1.000000
v 0.789052 -0.043384 -0.088694 1.000000 1.000000 1.000000
v 0.871160 0.015923 -0.088678 1.000000 1.000000 1.000000
v 0.784568 0.018114 -0.088675 1.000000 1.000000 1.000000
v 0.793766 -0.070888 -0.088674 1.000000 1.000000 1.000000
v 0.786319 0.055207 -0.088679 1.000000 1.000000 1.000000
v 0.880516 -0.066489 -0.088682 1.000000 1.000000 1.000000
v 0.872549 0.058537 -0.088679 1.000000 1.000000 1.000000
v 0.803930 -0.105250 -0.088622 1.000000 1.000000 1.000000
v 0.790726 0.082292 -0.088668 1.000000 1.000000 1.000000
v 0.886724 -0.086474 -0.088650 1.000000 1.000000 1.000000
v 0.875484 0.078427 -0.088661 1.000000 1.000000 1.000000
v 0.819082 -0.135706 -0.088590 1.000000 1.000000 1.000000
v 0.799645 0.112919 -0.088595 1.000000 1.000000 1.000000
v 0.894769 -0.103525 -0.088555 1.000000 1.000000 1.000000
v 0.879910 0.093646 -0.088626 1.000000 1.000000 1.000000
v 0.839699 -0.162254 -0.088510 1.000000 1.000000 1.000000
v 0.812492 0.136929 -0.088571 1.000000 1.000000 1.000000
v 0.905439 -0.116888 -0.088435 1.000000 1.000000 1.000000
v 0.885790 0.105716 -0.088578 1.000000 1.000000 1.000000
v 0.868829 -0.183709 -0.088472 1.000000 1.000000 1.000000
v 0.829473 0.156558 -0.088555 1.000000 1.000000 1.000000
v 0.916171 -0.123465 -0.088380 1.000000 1.000000 1.000000
v 0.892213 0.113757 -0.088558 1.000000 1.000000 1.000000
v 0.900504 -0.194681 -0.088511 1.000000 1.000000 1.000000
v 0.848510 0.170270 -0.088586 1.000000 1.000000 1.000000
v 0.925189 -0.124939 -0.088369 1.000000 1.000000 1.000000
v 0.862028 0.176439 -0.088644 1.000000 1.000000 1.000000
v 0.929140 -0.197000 -0.088532 1.000000 1.000000 1.000000
v 0.896532 0.117129 -0.088594 1.000000 1.000000 1.000000
v 0.957419 -0.192760 -0.088511 1.000000 1.000000 1.000000
v 0.879998 0.182234 -0.088578 1.000000 1.000000 1.000000
v 0.934012 -0.122862 -0.088380 1.000000 1.000000 1.000000
v 0.902210 0.120184 -0.088502 1.000000 1.000000 1.000000
v 0.987775 -0.179694 -0.088472 1.000000 1.000000 1.000000
v 0.908164 0.185433 -0.088607 1.000000 1.000000 1.000000
v 0.943984 -0.115588 -0.088436 1.000000 1.000000 1.000000
v 0.911643 0.121980 -0.088870 1.000000 1.000000 1.000000
v 1.014448 -0.156355 -0.088508 1.000000 1.000000 1.000000
v 0.921239 0.120825 -0.088496 1.000000 1.000000 1.000000
v 0.953153 -0.101554 -0.088556 1.000000 1.000000 1.000000
v 0.936575 0.184142 -0.088584 1.000000 1.000000 1.000000
v 1.032082 -0.128517 -0.088588 1.000000 1.000000 1.000000
v 0.927232 0.118163 -0.088587 1.000000 1.000000 1.000000
v 0.959300 -0.084024 -0.088651 1.000000 1.000000 1.000000
v 0.955114 0.179579 -0.088650 1.000000 1.000000 1.000000
v 1.043844 -0.097152 -0.088620 1.000000 1.000000 1.000000
v 0.931905 0.115094 -0.088552 1.000000 1.000000 1.000000
v 0.963296 -0.063695 -0.088683 1.000000 1.000000 1.000000
v 0.969258 0.174343 -0.088592 1.000000 1.000000 1.000000
v 1.050208 -0.062233 -0.088673 1.000000 1.000000 1.000000
v 0.989726 0.161965 -0.088562 1.000000 1.000000 1.000000
v 0.965207 -0.040750 -0.088684 1.000000 1.000000 1.000000
v 0.939201 0.107491 -0.088567 1.000000 1.000000 1.000000
v 1.051894 -0.034512 -0.088692 1.000000 1.000000 1.000000
v 1.008795 0.143553 -0.088579 1.000000 1.000000 1.000000
v 0.963595 0.019042 -0.088679 1.000000 1.000000 1.000000
v 0.946374 0.095879 -0.088628 1.000000 1.000000 1.000000
v 1.049627 0.027060 -0.088674 1.000000 1.000000 1.000000
v 1.024225 0.120497 -0.088597 1.000000 1.000000 1.000000
v 1.043823 0.063898 -0.088678 1.000000 1.000000 1.000000
v 0.948055 0.091782 -0.088672 1.000000 1.000000 1.000000
v 0.957546 0.061406 -0.088680 1.000000 1.000000 1.000000
v 0.952437 0.081048 -0.088660 1.000000 1.000000 1.000000
v 1.036467 0.090587 -0.088666 1.000000 1.000000 1.000000
v -0.631829 -0.046950 0.039492 1.000000 1.000000 1.000000
v -0.563441 -0.046950 -0.040335 1.000000 1.000000 1.000000
v -0.563441 -0.046950 0.039492 1.000000 1.000000 1.000000
v -0.631829 -0.046950 -0.040335 1.000000 1.000000 1.000000
v 0.662185 -0.094290 0.050756 1.000000 1.000000 1.000000
v 0.656123 -0.091685 -0.051341 1.000000 1.000000 1.000000
v 0.656123 -0.091684 0.050763 1.000000 1.000000 1.000000
v 0.662186 -0.094290 -0.051335 1.000000 1.000000 1.000000
v -0.161820 -0.025144 0.041663 1.000000 1.000000 1.000000
v -0.157507 -0.025449 -0.042204 1.000000 1.000000 1.000000
v -0.157504 -0.025449 0.041491 1.000000 1.000000 1.000000
v -0.161824 -0.025144 -0.042381 1.000000 1.000000 1.000000
v 0.129408 0.186091 0.060537 1.000000 1.000000 1.000000
v 0.141053 0.205165 -0.060919 1.000000 1.000000 1.000000
v 0.129409 0.186091 -0.060969 1.000000 1.000000 1.000000
v 0.141053 0.205162 0.060490 1.000000 1.000000 1.000000
v 0.175292 -0.090427 0.051315 1.000000 1.000000 1.000000
v 0.178993 -0.081979 -0.051868 1.000000 1.000000 1.000000
v 0.178903 -0.081985 0.051427 1.000000 1.000000 1.000000
v 0.175291 -0.090428 -0.051888 1.000000 1.000000 1.000000
v 0.175292 -0.090427 0.051315 1.000000 1.000000 1.000000
v 0.172099 -0.101686 -0.051899 1.000000 1.000000 1.000000
v 0.172099 -0.101686 0.051327 1.000000 1.000000 1.000000
v 0.475485 0.167221 0.063207 1.000000 1.000000 1.000000
v 0.455159 0.166018 -0.063617 1.000000 1.000000 1.000000
v 0.455164 0.166018 0.063230 1.000000 1.000000 1.000000
v 0.475480 0.167219 -0.063600 1.000000 1.000000 1.000000
v 0.435348 0.161640 -0.063596 1.000000 1.000000 1.000000
v 0.435353 0.161637 0.063214 1.000000 1.000000 1.000000
v 0.489019 0.165354 -0.063648 1.000000 1.000000 1.000000
v 0.489023 0.165356 0.063254 1.000000 1.000000 1.000000
v 0.475480 0.167219 -0.063600 1.000000 1.000000 1.000000
v 0.422992 0.156171 0.063261 1.000000 1.000000 1.000000
v 0.422988 0.156173 -0.063643 1.000000 1.000000 1.000000
v 0.435353 0.161637 0.063214 1.000000 1.000000 1.000000
v 0.261117 -0.008112 0.060431 1.000000 1.000000 1.000000
v 0.237166 -0.019559 -0.060833 1.000000 1.000000 1.000000
v 0.261117 -0.008112 -0.060860 1.000000 1.000000 1.000000
v 0.237165 -0.019559 0.060404 1.000000 1.000000 1.000000
v 0.212055 -0.023570 0.060431 1.000000 1.000000 1.000000
v 0.212056 -0.023570 -0.060861 1.000000 1.000000 1.000000
v 0.237165 -0.019559 0.060404 1.000000 1.000000 1.000000
v 0.189929 -0.022008 -0.060877 1.000000 1.000000 1.000000
v 0.212056 -0.023570 -0.060861 1.000000 1.000000 1.000000
v 0.189927 -0.022007 0.060446 1.000000 1.000000 1.000000
v 0.005737 -0.014647 -0.051135 1.000000 1.000000 1.000000
v 0.005737 -0.014647 0.050512 1.000000 1.000000 1.000000
v 0.011051 -0.002752 0.050604 1.000000 1.000000 1.000000
v 0.011051 -0.002752 -0.051227 1.000000 1.000000 1.000000
v -0.001490 -0.023828 0.050404 1.000000 1.000000 1.000000
v -0.001490 -0.023828 -0.051027 1.000000 1.000000 1.000000
v -0.008717 -0.028287 -0.050990 1.000000 1.000000 1.000000
v -0.008718 -0.028287 0.050366 1.000000 1.000000 1.000000
v 0.483905 -0.053280 0.063066 1.000000 1.000000 1.000000
v 0.475776 -0.049399 -0.063494 1.000000 1.000000 1.000000
v 0.475775 -0.049399 0.063106 1.000000 1.000000 1.000000
v 0.483906 -0.053280 -0.063454 1.000000 1.000000 1.000000
v -0.396410 0.180437 0.065146 1.000000 1.000000 1.000000
v -0.421788 0.133845 0.065009 1.000000 1.000000 1.000000
v -0.385998 0.175720 0.065054 1.000000 1.000000 1.000000
v -0.417354 0.128538 0.065028 1.000000 1.000000 1.000000
v -0.424596 0.136004 0.065085 1.000000 1.000000 1.000000
v -0.371402 0.165494 0.065013 1.000000 1.000000 1.000000
v -0.410144 0.185023 0.065047 1.000000 1.000000 1.000000
v -0.413225 0.120515 0.065089 1.000000 1.000000 1.000000
v -0.428418 0.137965 0.064903 1.000000 1.000000 1.000000
v -0.358412 0.151107 0.065027 1.000000 1.000000 1.000000
v -0.431584 0.187974 0.065092 1.000000 1.000000 1.000000
v -0.348630 0.133737 0.065045 1.000000 1.000000 1.000000
v -0.434698 0.139640 0.065666 1.000000 1.000000 1.000000
v -0.410085 0.110295 0.065128 1.000000 1.000000 1.000000
v -0.441142 0.138785 0.064903 1.000000 1.000000 1.000000
v -0.341969 0.111957 0.065144 1.000000 1.000000 1.000000
v -0.453225 0.187798 0.065047 1.000000 1.000000 1.000000
v -0.408000 0.096798 0.065155 1.000000 1.000000 1.000000
v -0.445184 0.137330 0.065085 1.000000 1.000000 1.000000
v -0.338718 0.092844 0.065154 1.000000 1.000000 1.000000
v -0.467434 0.185013 0.065146 1.000000 1.000000 1.000000
v -0.407119 0.067642 0.065152 1.000000 1.000000 1.000000
v -0.448246 0.135550 0.065009 1.000000 1.000000 1.000000
v -0.337521 0.066880 0.065147 1.000000 1.000000 1.000000
v -0.478365 0.181671 0.065054 1.000000 1.000000 1.000000
v -0.341114 0.024243 0.065173 1.000000 1.000000 1.000000
v -0.453323 0.130856 0.065026 1.000000 1.000000 1.000000
v -0.410984 0.026853 0.065159 1.000000 1.000000 1.000000
v -0.494154 0.173403 0.065013 1.000000 1.000000 1.000000
v -0.344776 0.005089 0.065148 1.000000 1.000000 1.000000
v -0.458724 0.123514 0.065510 1.000000 1.000000 1.000000
v -0.508882 0.160802 0.065027 1.000000 1.000000 1.000000
v -0.520812 0.144831 0.065045 1.000000 1.000000 1.000000
v -0.414299 0.011551 0.065159 1.000000 1.000000 1.000000
v -0.352593 -0.018759 0.065078 1.000000 1.000000 1.000000
v -0.418905 -0.001778 0.065122 1.000000 1.000000 1.000000
v -0.364253 -0.039843 0.065045 1.000000 1.000000 1.000000
v -0.424763 -0.012907 0.065004 1.000000 1.000000 1.000000
v -0.380139 -0.058133 0.064951 1.000000 1.000000 1.000000
v -0.432295 -0.021303 0.064864 1.000000 1.000000 1.000000
v -0.402580 -0.072616 0.064918 1.000000 1.000000 1.000000
v -0.439535 -0.025150 0.064817 1.000000 1.000000 1.000000
v -0.426922 -0.079578 0.064976 1.000000 1.000000 1.000000
v -0.448881 -0.080486 0.065006 1.000000 1.000000 1.000000
v -0.445360 -0.025837 0.064815 1.000000 1.000000 1.000000
v -0.451049 -0.024408 0.064817 1.000000 1.000000 1.000000
v -0.470542 -0.076768 0.064976 1.000000 1.000000 1.000000
v -0.493789 -0.066740 0.064918 1.000000 1.000000 1.000000
v -0.457735 -0.019664 0.064864 1.000000 1.000000 1.000000
v -0.514186 -0.049496 0.064951 1.000000 1.000000 1.000000
v -0.464127 -0.010371 0.065004 1.000000 1.000000 1.000000
v -0.527594 -0.029320 0.065045 1.000000 1.000000 1.000000
v -0.468509 0.001419 0.065122 1.000000 1.000000 1.000000
v -0.536451 -0.006913 0.065078 1.000000 1.000000 1.000000
v -0.471366 0.015228 0.065159 1.000000 1.000000 1.000000
v -0.541143 0.017741 0.065148 1.000000 1.000000 1.000000
v -0.472690 0.030829 0.065159 1.000000 1.000000 1.000000
v -0.542318 0.037207 0.065173 1.000000 1.000000 1.000000
v -0.471290 0.071777 0.065152 1.000000 1.000000 1.000000
v -0.540409 0.079952 0.065147 1.000000 1.000000 1.000000
v -0.535890 0.105548 0.065154 1.000000 1.000000 1.000000
v -0.466673 0.100579 0.065155 1.000000 1.000000 1.000000
v -0.530214 0.124086 0.065144 1.000000 1.000000 1.000000
v -0.462874 0.113697 0.065128 1.000000 1.000000 1.000000
v -0.458724 0.123514 0.065510 1.000000 1.000000 1.000000
v 0.121751 0.168681 0.060545 1.000000 1.000000 1.000000
v 0.129409 0.186091 -0.060969 1.000000 1.000000 1.000000
v 0.121751 0.168681 -0.060976 1.000000 1.000000 1.000000
v 0.129408 0.186091 0.060537 1.000000 1.000000 1.000000
v 0.327212 0.008641 0.036621 1.000000 1.000000 1.000000
v 0.331162 0.009365 -0.037575 1.000000 1.000000 1.000000
v 0.331165 0.009364 0.036778 1.000000 1.000000 1.000000
v 0.327210 0.008643 -0.037422 1.000000 1.000000 1.000000
v -0.202306 0.205815 0.059278 1.000000 1.000000 1.000000
v -0.219550 0.211296 -0.059743 1.000000 1.000000 1.000000
v -0.219546 0.211294 0.059299 1.000000 1.000000 1.000000
v -0.202311 0.205815 -0.059726 1.000000 1.000000 1.000000
v -0.237378 0.213979 -0.059723 1.000000 1.000000 1.000000
v -0.237375 0.213975 0.059284 1.000000 1.000000 1.000000
v -0.249371 0.213381 0.059329 1.000000 1.000000 1.000000
v -0.249373 0.213384 -0.059767 1.000000 1.000000 1.000000
v -0.237375 0.213975 0.059284 1.000000 1.000000 1.000000
v -0.191676 0.199953 -0.059771 1.000000 1.000000 1.000000
v -0.191672 0.199953 0.059322 1.000000 1.000000 1.000000
v -0.202311 0.205815 -0.059726 1.000000 1.000000 1.000000
v -0.183849 0.194403 0.059283 1.000000 1.000000 1.000000
v -0.191672 0.199953 0.059322 1.000000 1.000000 1.000000
v -0.183852 0.194402 -0.059732 1.000000 1.000000 1.000000
v -0.462874 0.113697 -0.065538 1.000000 1.000000 1.000000
v -0.520812 0.144831 -0.065454 1.000000 1.000000 1.000000
v -0.458447 0.123429 -0.065498 1.000000 1.000000 1.000000
v -0.508882 0.160802 -0.065436 1.000000 1.000000 1.000000
v -0.530214 0.124086 -0.065554 1.000000 1.000000 1.000000
v -0.494154 0.173403 -0.065422 1.000000 1.000000 1.000000
v -0.466673 0.100579 -0.065564 1.000000 1.000000 1.000000
v -0.453324 0.130857 -0.065437 1.000000 1.000000 1.000000
v -0.535890 0.105548 -0.065563 1.000000 1.000000 1.000000
v -0.478365 0.181671 -0.065464 1.000000 1.000000 1.000000
v -0.471290 0.071777 -0.065562 1.000000 1.000000 1.000000
v -0.448246 0.135550 -0.065419 1.000000 1.000000 1.000000
v -0.540409 0.079952 -0.065556 1.000000 1.000000 1.000000
v -0.467434 0.185013 -0.065555 1.000000 1.000000 1.000000
v -0.542318 0.037207 -0.065583 1.000000 1.000000 1.000000
v -0.445184 0.137330 -0.065495 1.000000 1.000000 1.000000
v -0.472690 0.030829 -0.065569 1.000000 1.000000 1.000000
v -0.453225 0.187798 -0.065457 1.000000 1.000000 1.000000
v -0.541143 0.017741 -0.065557 1.000000 1.000000 1.000000
v -0.441142 0.138785 -0.065312 1.000000 1.000000 1.000000
v -0.471366 0.015228 -0.065569 1.000000 1.000000 1.000000
v -0.431584 0.187974 -0.065502 1.000000 1.000000 1.000000
v -0.536451 -0.006913 -0.065488 1.000000 1.000000 1.000000
v -0.434698 0.139640 -0.066075 1.000000 1.000000 1.000000
v -0.468509 0.001419 -0.065531 1.000000 1.000000 1.000000
v -0.428418 0.137965 -0.065312 1.000000 1.000000 1.000000
v -0.527594 -0.029320 -0.065454 1.000000 1.000000 1.000000
v -0.410144 0.185023 -0.065457 1.000000 1.000000 1.000000
v -0.464127 -0.010371 -0.065414 1.000000 1.000000 1.000000
v -0.424596 0.136004 -0.065495 1.000000 1.000000 1.000000
v -0.514186 -0.049496 -0.065361 1.000000 1.000000 1.000000
v -0.396410 0.180437 -0.065555 1.000000 1.000000 1.000000
v -0.457735 -0.019664 -0.065275 1.000000 1.000000 1.000000
v -0.421788 0.133845 -0.065419 1.000000 1.000000 1.000000
v -0.493789 -0.066740 -0.065328 1.000000 1.000000 1.000000
v -0.385998 0.175720 -0.065464 1.000000 1.000000 1.000000
v -0.451049 -0.024408 -0.065226 1.000000 1.000000 1.000000
v -0.417354 0.128538 -0.065437 1.000000 1.000000 1.000000
v -0.470542 -0.076768 -0.065386 1.000000 1.000000 1.000000
v -0.371402 0.165494 -0.065422 1.000000 1.000000 1.000000
v -0.448881 -0.080486 -0.065415 1.000000 1.000000 1.000000
v -0.413225 0.120515 -0.065498 1.000000 1.000000 1.000000
v -0.445360 -0.025837 -0.065224 1.000000 1.000000 1.000000
v -0.358412 0.151107 -0.065436 1.000000 1.000000 1.000000
v -0.439535 -0.025150 -0.065226 1.000000 1.000000 1.000000
v -0.412281 0.117825 -0.065704 1.000000 1.000000 1.000000
v -0.426922 -0.079578 -0.065386 1.000000 1.000000 1.000000
v -0.348630 0.133737 -0.065454 1.000000 1.000000 1.000000
v -0.402580 -0.072616 -0.065328 1.000000 1.000000 1.000000
v -0.410085 0.110295 -0.065538 1.000000 1.000000 1.000000
v -0.432295 -0.021303 -0.065274 1.000000 1.000000 1.000000
v -0.341969 0.111957 -0.065554 1.000000 1.000000 1.000000
v -0.380139 -0.058133 -0.065361 1.000000 1.000000 1.000000
v -0.408000 0.096798 -0.065564 1.000000 1.000000 1.000000
v -0.424763 -0.012907 -0.065414 1.000000 1.000000 1.000000
v -0.338718 0.092844 -0.065563 1.000000 1.000000 1.000000
v -0.364253 -0.039843 -0.065454 1.000000 1.000000 1.000000
v -0.407119 0.067642 -0.065562 1.000000 1.000000 1.000000
v -0.418905 -0.001778 -0.065531 1.000000 1.000000 1.000000
v -0.337521 0.066880 -0.065556 1.000000 1.000000 1.000000
v -0.352593 -0.018759 -0.065488 1.000000 1.000000 1.000000
v -0.341114 0.024243 -0.065583 1.000000 1.000000 1.000000
v -0.414299 0.011551 -0.065569 1.000000 1.000000 1.000000
v -0.410984 0.026853 -0.065569 1.000000 1.000000 1.000000
v -0.344776 0.005089 -0.065557 1.000000 1.000000 1.000000
v 0.475485 0.167221 0.063207 1.000000 1.000000 1.000000
v 0.473756 0.119555 0.063220 1.000000 1.000000 1.000000
v 0.489023 0.165356 0.063254 1.000000 1.000000 1.000000
v 0.469292 0.121003 0.063154 1.000000 1.000000 1.000000
v 0.477310 0.117719 0.063194 1.000000 1.000000 1.000000
v 0.455164 0.166018 0.063230 1.000000 1.000000 1.000000
v 0.499481 0.162684 0.063213 1.000000 1.000000 1.000000
v 0.462376 0.121106 0.063416 1.000000 1.000000 1.000000
v 0.514975 0.155399 0.063191 1.000000 1.000000 1.000000
v 0.455794 0.119122 0.063146 1.000000 1.000000 1.000000
v 0.483071 0.112851 0.063205 1.000000 1.000000 1.000000
v 0.435353 0.161637 0.063214 1.000000 1.000000 1.000000
v 0.529924 0.143715 0.063203 1.000000 1.000000 1.000000
v 0.451979 0.116523 0.063212 1.000000 1.000000 1.000000
v 0.489038 0.105122 0.063242 1.000000 1.000000 1.000000
v 0.422992 0.156171 0.063261 1.000000 1.000000 1.000000
v 0.542626 0.128453 0.063220 1.000000 1.000000 1.000000
v 0.449155 0.113800 0.063187 1.000000 1.000000 1.000000
v 0.494464 0.095012 0.063266 1.000000 1.000000 1.000000
v 0.413829 0.150770 0.063220 1.000000 1.000000 1.000000
v 0.553570 0.108073 0.063271 1.000000 1.000000 1.000000
v 0.401300 0.139588 0.063198 1.000000 1.000000 1.000000
v 0.499566 0.081412 0.063281 1.000000 1.000000 1.000000
v 0.445182 0.107592 0.063198 1.000000 1.000000 1.000000
v 0.560799 0.089623 0.063279 1.000000 1.000000 1.000000
v 0.390675 0.124348 0.063210 1.000000 1.000000 1.000000
v 0.441789 0.098536 0.063403 1.000000 1.000000 1.000000
v 0.383319 0.106298 0.063222 1.000000 1.000000 1.000000
v 0.507033 0.051706 0.063279 1.000000 1.000000 1.000000
v 0.567680 0.063832 0.063278 1.000000 1.000000 1.000000
v 0.573885 0.020169 0.063291 1.000000 1.000000 1.000000
v 0.512642 0.009262 0.063283 1.000000 1.000000 1.000000
v 0.574754 0.000310 0.063276 1.000000 1.000000 1.000000
v 0.512994 -0.007215 0.063282 1.000000 1.000000 1.000000
v 0.572830 -0.025023 0.063239 1.000000 1.000000 1.000000
v 0.511665 -0.021985 0.063259 1.000000 1.000000 1.000000
v 0.566797 -0.048228 0.063215 1.000000 1.000000 1.000000
v 0.508597 -0.034923 0.063191 1.000000 1.000000 1.000000
v 0.556320 -0.069361 0.063159 1.000000 1.000000 1.000000
v 0.503118 -0.045596 0.063105 1.000000 1.000000 1.000000
v 0.539074 -0.087965 0.063132 1.000000 1.000000 1.000000
v 0.496561 -0.051520 0.063066 1.000000 1.000000 1.000000
v 0.518439 -0.099532 0.063159 1.000000 1.000000 1.000000
v 0.490435 -0.053656 0.063058 1.000000 1.000000 1.000000
v 0.498625 -0.104659 0.063175 1.000000 1.000000 1.000000
v 0.478065 -0.105145 0.063159 1.000000 1.000000 1.000000
v 0.483905 -0.053280 0.063066 1.000000 1.000000 1.000000
v 0.454699 -0.099698 0.063131 1.000000 1.000000 1.000000
v 0.475775 -0.049399 0.063106 1.000000 1.000000 1.000000
v 0.432361 -0.086598 0.063158 1.000000 1.000000 1.000000
v 0.467182 -0.040682 0.063191 1.000000 1.000000 1.000000
v 0.415703 -0.069237 0.063215 1.000000 1.000000 1.000000
v 0.460184 -0.029143 0.063261 1.000000 1.000000 1.000000
v 0.402645 -0.048687 0.063239 1.000000 1.000000 1.000000
v 0.454273 -0.015380 0.063283 1.000000 1.000000 1.000000
v 0.392847 -0.024984 0.063276 1.000000 1.000000 1.000000
v 0.449434 0.000472 0.063283 1.000000 1.000000 1.000000
v 0.387439 -0.005756 0.063289 1.000000 1.000000 1.000000
v 0.441464 0.042588 0.063281 1.000000 1.000000 1.000000
v 0.379659 0.037687 0.063277 1.000000 1.000000 1.000000
v 0.378137 0.064224 0.063279 1.000000 1.000000 1.000000
v 0.439274 0.073028 0.063281 1.000000 1.000000 1.000000
v 0.379254 0.083834 0.063271 1.000000 1.000000 1.000000
v 0.439880 0.087407 0.063266 1.000000 1.000000 1.000000
v 0.441789 0.098536 0.063403 1.000000 1.000000 1.000000
v 0.449434 0.000472 -0.063671 1.000000 1.000000 1.000000
v 0.387440 -0.005757 -0.063678 1.000000 1.000000 1.000000
v 0.441465 0.042588 -0.063668 1.000000 1.000000 1.000000
v 0.379659 0.037687 -0.063666 1.000000 1.000000 1.000000
v 0.392847 -0.024984 -0.063665 1.000000 1.000000 1.000000
v 0.378138 0.064224 -0.063668 1.000000 1.000000 1.000000
v 0.454274 -0.015380 -0.063671 1.000000 1.000000 1.000000
v 0.439274 0.073027 -0.063668 1.000000 1.000000 1.000000
v 0.402646 -0.048687 -0.063628 1.000000 1.000000 1.000000
v 0.379254 0.083834 -0.063660 1.000000 1.000000 1.000000
v 0.460185 -0.029144 -0.063648 1.000000 1.000000 1.000000
v 0.439879 0.087405 -0.063656 1.000000 1.000000 1.000000
v 0.415704 -0.069237 -0.063604 1.000000 1.000000 1.000000
v 0.383319 0.106301 -0.063608 1.000000 1.000000 1.000000
v 0.467183 -0.040682 -0.063579 1.000000 1.000000 1.000000
v 0.441895 0.098569 -0.063630 1.000000 1.000000 1.000000
v 0.432362 -0.086598 -0.063547 1.000000 1.000000 1.000000
v 0.390672 0.124351 -0.063592 1.000000 1.000000 1.000000
v 0.475776 -0.049399 -0.063494 1.000000 1.000000 1.000000
v 0.445180 0.107600 -0.063596 1.000000 1.000000 1.000000
v 0.454700 -0.099698 -0.063520 1.000000 1.000000 1.000000
v 0.401296 0.139592 -0.063580 1.000000 1.000000 1.000000
v 0.483906 -0.053280 -0.063454 1.000000 1.000000 1.000000
v 0.449153 0.113804 -0.063582 1.000000 1.000000 1.000000
v 0.478066 -0.105145 -0.063548 1.000000 1.000000 1.000000
v 0.413825 0.150773 -0.063602 1.000000 1.000000 1.000000
v 0.490436 -0.053656 -0.063446 1.000000 1.000000 1.000000
v 0.422988 0.156173 -0.063643 1.000000 1.000000 1.000000
v 0.498626 -0.104659 -0.063564 1.000000 1.000000 1.000000
v 0.451976 0.116526 -0.063607 1.000000 1.000000 1.000000
v 0.518439 -0.099532 -0.063548 1.000000 1.000000 1.000000
v 0.435348 0.161640 -0.063596 1.000000 1.000000 1.000000
v 0.496562 -0.051519 -0.063455 1.000000 1.000000 1.000000
v 0.455789 0.119125 -0.063541 1.000000 1.000000 1.000000
v 0.539075 -0.087965 -0.063520 1.000000 1.000000 1.000000
v 0.455159 0.166018 -0.063617 1.000000 1.000000 1.000000
v 0.503118 -0.045596 -0.063494 1.000000 1.000000 1.000000
v 0.462370 0.121107 -0.063805 1.000000 1.000000 1.000000
v 0.556321 -0.069361 -0.063547 1.000000 1.000000 1.000000
v 0.469288 0.121001 -0.063537 1.000000 1.000000 1.000000
v 0.508597 -0.034923 -0.063580 1.000000 1.000000 1.000000
v 0.475480 0.167219 -0.063600 1.000000 1.000000 1.000000
v 0.566798 -0.048228 -0.063603 1.000000 1.000000 1.000000
v 0.473752 0.119553 -0.063602 1.000000 1.000000 1.000000
v 0.511665 -0.021985 -0.063649 1.000000 1.000000 1.000000
v 0.489019 0.165354 -0.063648 1.000000 1.000000 1.000000
v 0.572830 -0.025023 -0.063626 1.000000 1.000000 1.000000
v 0.477308 0.117717 -0.063577 1.000000 1.000000 1.000000
v 0.512994 -0.007215 -0.063672 1.000000 1.000000 1.000000
v 0.499478 0.162681 -0.063606 1.000000 1.000000 1.000000
v 0.574755 0.000310 -0.063663 1.000000 1.000000 1.000000
v 0.514972 0.155397 -0.063585 1.000000 1.000000 1.000000
v 0.512643 0.009261 -0.063672 1.000000 1.000000 1.000000
v 0.483069 0.112849 -0.063588 1.000000 1.000000 1.000000
v 0.573886 0.020169 -0.063677 1.000000 1.000000 1.000000
v 0.529921 0.143712 -0.063596 1.000000 1.000000 1.000000
v 0.507034 0.051705 -0.063668 1.000000 1.000000 1.000000
v 0.489041 0.105118 -0.063631 1.000000 1.000000 1.000000
v 0.567680 0.063832 -0.063665 1.000000 1.000000 1.000000
v 0.542625 0.128451 -0.063609 1.000000 1.000000 1.000000
v 0.560799 0.089623 -0.063667 1.000000 1.000000 1.000000
v 0.490544 0.102327 -0.063663 1.000000 1.000000 1.000000
v 0.499567 0.081411 -0.063669 1.000000 1.000000 1.000000
v 0.494464 0.095013 -0.063656 1.000000 1.000000 1.000000
v 0.553571 0.108073 -0.063659 1.000000 1.000000 1.000000
v 0.902215 0.120180 0.088494 1.000000 1.000000 1.000000
v 0.911643 0.121980 -0.088870 1.000000 1.000000 1.000000
v 0.911651 0.121978 0.088870 1.000000 1.000000 1.000000
v 0.902210 0.120184 -0.088502 1.000000 1.000000 1.000000
v 0.269616 0.225537 0.060522 1.000000 1.000000 1.000000
v 0.241737 0.186064 0.060463 1.000000 1.000000 1.000000
v 0.279511 0.219841 0.060482 1.000000 1.000000 1.000000
v 0.246060 0.179851 0.060474 1.000000 1.000000 1.000000
v 0.238681 0.188840 0.060488 1.000000 1.000000 1.000000
v 0.293066 0.208390 0.060461 1.000000 1.000000 1.000000
v 0.256279 0.231466 0.060477 1.000000 1.000000 1.000000
v 0.249647 0.170982 0.060510 1.000000 1.000000 1.000000
v 0.234560 0.191550 0.060424 1.000000 1.000000 1.000000
v 0.304599 0.193127 0.060472 1.000000 1.000000 1.000000
v 0.234931 0.236742 0.060498 1.000000 1.000000 1.000000
v 0.312630 0.175326 0.060488 1.000000 1.000000 1.000000
v 0.227465 0.193810 0.060675 1.000000 1.000000 1.000000
v 0.251886 0.160127 0.060532 1.000000 1.000000 1.000000
v 0.220021 0.194075 0.060418 1.000000 1.000000 1.000000
v 0.317152 0.153441 0.060538 1.000000 1.000000 1.000000
v 0.213055 0.238980 0.060482 1.000000 1.000000 1.000000
v 0.252634 0.146211 0.060546 1.000000 1.000000 1.000000
v 0.215226 0.192916 0.060481 1.000000 1.000000 1.000000
v 0.318482 0.134468 0.060546 1.000000 1.000000 1.000000
v 0.198498 0.237902 0.060529 1.000000 1.000000 1.000000
v 0.250476 0.116969 0.060545 1.000000 1.000000 1.000000
v 0.211412 0.191334 0.060457 1.000000 1.000000 1.000000
v 0.317017 0.108954 0.060544 1.000000 1.000000 1.000000
v 0.187260 0.235881 0.060489 1.000000 1.000000 1.000000
v 0.308929 0.067468 0.060556 1.000000 1.000000 1.000000
v 0.205256 0.186957 0.060468 1.000000 1.000000 1.000000
v 0.242175 0.076773 0.060549 1.000000 1.000000 1.000000
v 0.170633 0.229680 0.060468 1.000000 1.000000 1.000000
v 0.303236 0.049211 0.060542 1.000000 1.000000 1.000000
v 0.198753 0.179818 0.060664 1.000000 1.000000 1.000000
v 0.154624 0.219204 0.060479 1.000000 1.000000 1.000000
v 0.141053 0.205162 0.060490 1.000000 1.000000 1.000000
v 0.237071 0.061741 0.060548 1.000000 1.000000 1.000000
v 0.292847 0.026870 0.060507 1.000000 1.000000 1.000000
v 0.230801 0.048781 0.060527 1.000000 1.000000 1.000000
v 0.278929 0.007745 0.060484 1.000000 1.000000 1.000000
v 0.223345 0.038025 0.060461 1.000000 1.000000 1.000000
v 0.261117 -0.008112 0.060431 1.000000 1.000000 1.000000
v 0.214155 0.030075 0.060380 1.000000 1.000000 1.000000
v 0.237165 -0.019559 0.060404 1.000000 1.000000 1.000000
v 0.212055 -0.023570 0.060431 1.000000 1.000000 1.000000
v 0.205431 0.026764 0.060341 1.000000 1.000000 1.000000
v 0.189927 -0.022007 0.060446 1.000000 1.000000 1.000000
v 0.198407 0.026748 0.060333 1.000000 1.000000 1.000000
v 0.191801 0.029136 0.060341 1.000000 1.000000 1.000000
v 0.168572 -0.016007 0.060431 1.000000 1.000000 1.000000
v 0.184707 0.035197 0.060380 1.000000 1.000000 1.000000
v 0.146290 -0.003755 0.060404 1.000000 1.000000 1.000000
v 0.127610 0.015107 0.060430 1.000000 1.000000 1.000000
v 0.178741 0.045783 0.060461 1.000000 1.000000 1.000000
v 0.116198 0.036047 0.060484 1.000000 1.000000 1.000000
v 0.175355 0.058424 0.060527 1.000000 1.000000 1.000000
v 0.109554 0.058748 0.060506 1.000000 1.000000 1.000000
v 0.173828 0.072740 0.060549 1.000000 1.000000 1.000000
v 0.107317 0.083284 0.060542 1.000000 1.000000 1.000000
v 0.174098 0.088613 0.060549 1.000000 1.000000 1.000000
v 0.108122 0.102391 0.060554 1.000000 1.000000 1.000000
v 0.179856 0.129251 0.060546 1.000000 1.000000 1.000000
v 0.114515 0.144173 0.060543 1.000000 1.000000 1.000000
v 0.121751 0.168681 0.060545 1.000000 1.000000 1.000000
v 0.187697 0.157504 0.060547 1.000000 1.000000 1.000000
v 0.129408 0.186091 0.060537 1.000000 1.000000 1.000000
v 0.193093 0.170337 0.060533 1.000000 1.000000 1.000000
v 0.198753 0.179818 0.060664 1.000000 1.000000 1.000000
v 0.198873 0.179815 -0.060940 1.000000 1.000000 1.000000
v 0.170632 0.229683 -0.060891 1.000000 1.000000 1.000000
v 0.205256 0.186965 -0.060908 1.000000 1.000000 1.000000
v 0.187257 0.235885 -0.060913 1.000000 1.000000 1.000000
v 0.154623 0.219209 -0.060903 1.000000 1.000000 1.000000
v 0.211410 0.191339 -0.060894 1.000000 1.000000 1.000000
v 0.141053 0.205165 -0.060919 1.000000 1.000000 1.000000
v 0.198495 0.237906 -0.060952 1.000000 1.000000 1.000000
v 0.193091 0.170336 -0.060964 1.000000 1.000000 1.000000
v 0.215224 0.192920 -0.060918 1.000000 1.000000 1.000000
v 0.129409 0.186091 -0.060969 1.000000 1.000000 1.000000
v 0.213050 0.238985 -0.060908 1.000000 1.000000 1.000000
v 0.187698 0.157504 -0.060976 1.000000 1.000000 1.000000
v 0.220017 0.194078 -0.060855 1.000000 1.000000 1.000000
v 0.121751 0.168681 -0.060976 1.000000 1.000000 1.000000
v 0.234926 0.236744 -0.060927 1.000000 1.000000 1.000000
v 0.179857 0.129250 -0.060975 1.000000 1.000000 1.000000
v 0.227459 0.193812 -0.061107 1.000000 1.000000 1.000000
v 0.114516 0.144172 -0.060974 1.000000 1.000000 1.000000
v 0.234555 0.191549 -0.060851 1.000000 1.000000 1.000000
v 0.108123 0.102390 -0.060986 1.000000 1.000000 1.000000
v 0.256273 0.231466 -0.060911 1.000000 1.000000 1.000000
v 0.174099 0.088612 -0.060979 1.000000 1.000000 1.000000
v 0.238677 0.188839 -0.060914 1.000000 1.000000 1.000000
v 0.107318 0.083283 -0.060973 1.000000 1.000000 1.000000
v 0.269611 0.225536 -0.060957 1.000000 1.000000 1.000000
v 0.173828 0.072740 -0.060978 1.000000 1.000000 1.000000
v 0.241733 0.186064 -0.060889 1.000000 1.000000 1.000000
v 0.109554 0.058748 -0.060938 1.000000 1.000000 1.000000
v 0.279507 0.219840 -0.060917 1.000000 1.000000 1.000000
v 0.175355 0.058424 -0.060957 1.000000 1.000000 1.000000
v 0.246057 0.179850 -0.060899 1.000000 1.000000 1.000000
v 0.116198 0.036046 -0.060915 1.000000 1.000000 1.000000
v 0.293063 0.208390 -0.060896 1.000000 1.000000 1.000000
v 0.178741 0.045782 -0.060891 1.000000 1.000000 1.000000
v 0.249649 0.170977 -0.060941 1.000000 1.000000 1.000000
v 0.127611 0.015106 -0.060860 1.000000 1.000000 1.000000
v 0.304596 0.193125 -0.060908 1.000000 1.000000 1.000000
v 0.184707 0.035196 -0.060809 1.000000 1.000000 1.000000
v 0.250272 0.167979 -0.060972 1.000000 1.000000 1.000000
v 0.146292 -0.003755 -0.060835 1.000000 1.000000 1.000000
v 0.312630 0.175325 -0.060920 1.000000 1.000000 1.000000
v 0.168573 -0.016008 -0.060861 1.000000 1.000000 1.000000
v 0.251887 0.160127 -0.060964 1.000000 1.000000 1.000000
v 0.191802 0.029135 -0.060772 1.000000 1.000000 1.000000
v 0.317152 0.153440 -0.060968 1.000000 1.000000 1.000000
v 0.189929 -0.022008 -0.060877 1.000000 1.000000 1.000000
v 0.252635 0.146210 -0.060978 1.000000 1.000000 1.000000
v 0.198408 0.026748 -0.060764 1.000000 1.000000 1.000000
v 0.318482 0.134467 -0.060975 1.000000 1.000000 1.000000
v 0.205432 0.026764 -0.060772 1.000000 1.000000 1.000000
v 0.250476 0.116969 -0.060976 1.000000 1.000000 1.000000
v 0.212056 -0.023570 -0.060861 1.000000 1.000000 1.000000
v 0.317018 0.108954 -0.060973 1.000000 1.000000 1.000000
v 0.214156 0.030075 -0.060810 1.000000 1.000000 1.000000
v 0.308930 0.067467 -0.060985 1.000000 1.000000 1.000000
v 0.237166 -0.019559 -0.060833 1.000000 1.000000 1.000000
v 0.242176 0.076773 -0.060980 1.000000 1.000000 1.000000
v 0.261117 -0.008112 -0.060860 1.000000 1.000000 1.000000
v 0.303237 0.049210 -0.060972 1.000000 1.000000 1.000000
v 0.223346 0.038025 -0.060892 1.000000 1.000000 1.000000
v 0.237072 0.061741 -0.060979 1.000000 1.000000 1.000000
v 0.278929 0.007745 -0.060914 1.000000 1.000000 1.000000
v 0.292847 0.026870 -0.060936 1.000000 1.000000 1.000000
v 0.230801 0.048781 -0.060958 1.000000 1.000000 1.000000
v -0.183849 0.194403 0.059283 1.000000 1.000000 1.000000
v -0.216571 0.164173 0.059265 1.000000 1.000000 1.000000
v -0.173318 0.183422 0.059262 1.000000 1.000000 1.000000
v -0.191672 0.199953 0.059322 1.000000 1.000000 1.000000
v -0.213344 0.158299 0.059276 1.000000 1.000000 1.000000
v -0.218934 0.166829 0.059290 1.000000 1.000000 1.000000
v -0.164644 0.168966 0.059274 1.000000 1.000000 1.000000
v -0.202306 0.205815 0.059278 1.000000 1.000000 1.000000
v -0.210858 0.149985 0.059310 1.000000 1.000000 1.000000
v -0.222175 0.169452 0.059227 1.000000 1.000000 1.000000
v -0.158972 0.152258 0.059290 1.000000 1.000000 1.000000
v -0.219546 0.211294 0.059299 1.000000 1.000000 1.000000
v -0.209580 0.139870 0.059332 1.000000 1.000000 1.000000
v -0.227879 0.171742 0.059473 1.000000 1.000000 1.000000
v -0.156390 0.131865 0.059339 1.000000 1.000000 1.000000
v -0.233971 0.172195 0.059221 1.000000 1.000000 1.000000
v -0.209683 0.126963 0.059346 1.000000 1.000000 1.000000
v -0.237375 0.213975 0.059284 1.000000 1.000000 1.000000
v -0.156275 0.114257 0.059346 1.000000 1.000000 1.000000
v -0.237964 0.171255 0.059282 1.000000 1.000000 1.000000
v -0.212957 0.099942 0.059346 1.000000 1.000000 1.000000
v -0.249371 0.213381 0.059329 1.000000 1.000000 1.000000
v -0.158788 0.090671 0.059344 1.000000 1.000000 1.000000
v -0.241173 0.169896 0.059259 1.000000 1.000000 1.000000
v -0.167556 0.052475 0.059356 1.000000 1.000000 1.000000
v -0.258692 0.211822 0.059290 1.000000 1.000000 1.000000
v -0.221833 0.062948 0.059348 1.000000 1.000000 1.000000
v -0.272649 0.206540 0.059269 1.000000 1.000000 1.000000
v -0.173166 0.035726 0.059343 1.000000 1.000000 1.000000
v -0.246448 0.166014 0.059270 1.000000 1.000000 1.000000
v -0.226794 0.049169 0.059348 1.000000 1.000000 1.000000
v -0.286320 0.197285 0.059280 1.000000 1.000000 1.000000
v -0.252149 0.159583 0.059461 1.000000 1.000000 1.000000
v -0.298174 0.184658 0.059292 1.000000 1.000000 1.000000
v -0.182837 0.015326 0.059308 1.000000 1.000000 1.000000
v -0.232603 0.037341 0.059327 1.000000 1.000000 1.000000
v -0.195237 -0.001999 0.059285 1.000000 1.000000 1.000000
v -0.239272 0.027587 0.059262 1.000000 1.000000 1.000000
v -0.210664 -0.016189 0.059233 1.000000 1.000000 1.000000
v -0.247219 0.020480 0.059182 1.000000 1.000000 1.000000
v -0.230899 -0.026124 0.059207 1.000000 1.000000 1.000000
v -0.254545 0.017657 0.059145 1.000000 1.000000 1.000000
v -0.251702 -0.029141 0.059233 1.000000 1.000000 1.000000
v -0.260308 0.017838 0.059138 1.000000 1.000000 1.000000
v -0.269771 -0.027079 0.059248 1.000000 1.000000 1.000000
v -0.286980 -0.020929 0.059233 1.000000 1.000000 1.000000
v -0.265604 0.020231 0.059145 1.000000 1.000000 1.000000
v -0.304626 -0.008962 0.059206 1.000000 1.000000 1.000000
v -0.271111 0.026042 0.059182 1.000000 1.000000 1.000000
v -0.318978 0.009024 0.059232 1.000000 1.000000 1.000000
v -0.275460 0.036012 0.059263 1.000000 1.000000 1.000000
v -0.327262 0.028733 0.059285 1.000000 1.000000 1.000000
v -0.277587 0.047813 0.059328 1.000000 1.000000 1.000000
v -0.331544 0.049941 0.059307 1.000000 1.000000 1.000000
v -0.278103 0.061113 0.059348 1.000000 1.000000 1.000000
v -0.332117 0.072726 0.059341 1.000000 1.000000 1.000000
v -0.277065 0.075805 0.059349 1.000000 1.000000 1.000000
v -0.330473 0.090398 0.059355 1.000000 1.000000 1.000000
v -0.270251 0.113279 0.059346 1.000000 1.000000 1.000000
v -0.323080 0.128914 0.059344 1.000000 1.000000 1.000000
v -0.315884 0.151410 0.059346 1.000000 1.000000 1.000000
v -0.262366 0.139226 0.059347 1.000000 1.000000 1.000000
v -0.308707 0.167320 0.059338 1.000000 1.000000 1.000000
v -0.257281 0.150961 0.059333 1.000000 1.000000 1.000000
v -0.252149 0.159583 0.059461 1.000000 1.000000 1.000000
v -0.252050 0.159577 -0.059755 1.000000 1.000000 1.000000
v -0.286321 0.197289 -0.059718 1.000000 1.000000 1.000000
v -0.246447 0.166020 -0.059723 1.000000 1.000000 1.000000
v -0.272651 0.206544 -0.059707 1.000000 1.000000 1.000000
v -0.298174 0.184661 -0.059734 1.000000 1.000000 1.000000
v -0.241175 0.169900 -0.059709 1.000000 1.000000 1.000000
v -0.257281 0.150959 -0.059779 1.000000 1.000000 1.000000
v -0.258694 0.211825 -0.059728 1.000000 1.000000 1.000000
v -0.308707 0.167320 -0.059783 1.000000 1.000000 1.000000
v -0.249373 0.213384 -0.059767 1.000000 1.000000 1.000000
v -0.262366 0.139226 -0.059791 1.000000 1.000000 1.000000
v -0.237966 0.171259 -0.059733 1.000000 1.000000 1.000000
v -0.315883 0.151410 -0.059791 1.000000 1.000000 1.000000
v -0.237378 0.213979 -0.059723 1.000000 1.000000 1.000000
v -0.270251 0.113279 -0.059789 1.000000 1.000000 1.000000
v -0.233974 0.172199 -0.059671 1.000000 1.000000 1.000000
v -0.323079 0.128913 -0.059788 1.000000 1.000000 1.000000
v -0.219550 0.211296 -0.059743 1.000000 1.000000 1.000000
v -0.330472 0.090397 -0.059800 1.000000 1.000000 1.000000
v -0.227884 0.171745 -0.059919 1.000000 1.000000 1.000000
v -0.277064 0.075804 -0.059793 1.000000 1.000000 1.000000
v -0.222179 0.169452 -0.059667 1.000000 1.000000 1.000000
v -0.332116 0.072725 -0.059787 1.000000 1.000000 1.000000
v -0.202311 0.205815 -0.059726 1.000000 1.000000 1.000000
v -0.278103 0.061113 -0.059792 1.000000 1.000000 1.000000
v -0.218938 0.166828 -0.059729 1.000000 1.000000 1.000000
v -0.331543 0.049941 -0.059752 1.000000 1.000000 1.000000
v -0.191676 0.199953 -0.059771 1.000000 1.000000 1.000000
v -0.277587 0.047812 -0.059771 1.000000 1.000000 1.000000
v -0.216573 0.164172 -0.059705 1.000000 1.000000 1.000000
v -0.327262 0.028733 -0.059730 1.000000 1.000000 1.000000
v -0.183852 0.194402 -0.059732 1.000000 1.000000 1.000000
v -0.275460 0.036011 -0.059706 1.000000 1.000000 1.000000
v -0.173322 0.183421 -0.059711 1.000000 1.000000 1.000000
v -0.318977 0.009023 -0.059676 1.000000 1.000000 1.000000
v -0.213346 0.158297 -0.059715 1.000000 1.000000 1.000000
v -0.271110 0.026041 -0.059627 1.000000 1.000000 1.000000
v -0.164647 0.168965 -0.059723 1.000000 1.000000 1.000000
v -0.304625 -0.008963 -0.059651 1.000000 1.000000 1.000000
v -0.210856 0.149982 -0.059755 1.000000 1.000000 1.000000
v -0.265603 0.020231 -0.059590 1.000000 1.000000 1.000000
v -0.158973 0.152256 -0.059736 1.000000 1.000000 1.000000
v -0.286979 -0.020929 -0.059677 1.000000 1.000000 1.000000
v -0.210500 0.147188 -0.059786 1.000000 1.000000 1.000000
v -0.260307 0.017837 -0.059583 1.000000 1.000000 1.000000
v -0.209579 0.139871 -0.059779 1.000000 1.000000 1.000000
v -0.269771 -0.027080 -0.059692 1.000000 1.000000 1.000000
v -0.156389 0.131864 -0.059782 1.000000 1.000000 1.000000
v -0.251701 -0.029141 -0.059677 1.000000 1.000000 1.000000
v -0.209682 0.126962 -0.059792 1.000000 1.000000 1.000000
v -0.254544 0.017657 -0.059590 1.000000 1.000000 1.000000
v -0.156274 0.114257 -0.059789 1.000000 1.000000 1.000000
v -0.230898 -0.026124 -0.059651 1.000000 1.000000 1.000000
v -0.212956 0.099942 -0.059791 1.000000 1.000000 1.000000
v -0.247218 0.020480 -0.059627 1.000000 1.000000 1.000000
v -0.158788 0.090670 -0.059787 1.000000 1.000000 1.000000
v -0.210663 -0.016189 -0.059676 1.000000 1.000000 1.000000
v -0.167556 0.052475 -0.059799 1.000000 1.000000 1.000000
v -0.239272 0.027587 -0.059708 1.000000 1.000000 1.000000
v -0.221833 0.062948 -0.059794 1.000000 1.000000 1.000000
v -0.195237 -0.001999 -0.059730 1.000000 1.000000 1.000000
v -0.173165 0.035726 -0.059786 1.000000 1.000000 1.000000
v -0.232603 0.037341 -0.059772 1.000000 1.000000 1.000000
v -0.226793 0.049169 -0.059793 1.000000 1.000000 1.000000
v -0.182837 0.015326 -0.059752 1.000000 1.000000 1.000000
v 0.116880 -0.170442 0.051323 1.000000 1.000000 1.000000
v 0.116233 -0.154214 -0.051907 1.000000 1.000000 1.000000
v 0.116880 -0.170442 -0.051895 1.000000 1.000000 1.000000
v 0.116232 -0.154214 0.051334 1.000000 1.000000 1.000000
v 0.120156 -0.191039 -0.051865 1.000000 1.000000 1.000000
v 0.120156 -0.191038 0.051293 1.000000 1.000000 1.000000
v 0.126605 -0.209756 0.051274 1.000000 1.000000 1.000000
v 0.126606 -0.209757 -0.051846 1.000000 1.000000 1.000000
v 0.204896 -0.069407 0.051224 1.000000 1.000000 1.000000
v 0.208149 -0.071396 -0.051845 1.000000 1.000000 1.000000
v 0.208153 -0.071395 0.051277 1.000000 1.000000 1.000000
v 0.204892 -0.069408 -0.051792 1.000000 1.000000 1.000000
v 0.007667 0.190940 0.050545 1.000000 1.000000 1.000000
v -0.004008 0.139303 0.050575 1.000000 1.000000 1.000000
v 0.022170 0.187114 0.050623 1.000000 1.000000 1.000000
v -0.000962 0.137258 0.050516 1.000000 1.000000 1.000000
v -0.008090 0.141076 0.050434 1.000000 1.000000 1.000000
v 0.033247 0.182930 0.050551 1.000000 1.000000 1.000000
v -0.014694 0.192563 0.050582 1.000000 1.000000 1.000000
v 0.003975 0.132068 0.050530 1.000000 1.000000 1.000000
v -0.014694 0.142389 0.051028 1.000000 1.000000 1.000000
v 0.049018 0.173332 0.050518 1.000000 1.000000 1.000000
v -0.021298 0.141076 0.050434 1.000000 1.000000 1.000000
v 0.008777 0.124048 0.050579 1.000000 1.000000 1.000000
v -0.037054 0.190940 0.050545 1.000000 1.000000 1.000000
v 0.063405 0.159325 0.050530 1.000000 1.000000 1.000000
v -0.025380 0.139303 0.050575 1.000000 1.000000 1.000000
v 0.074673 0.142021 0.050543 1.000000 1.000000 1.000000
v -0.051557 0.187114 0.050623 1.000000 1.000000 1.000000
v 0.012705 0.113693 0.050609 1.000000 1.000000 1.000000
v -0.028427 0.137258 0.050516 1.000000 1.000000 1.000000
v 0.083010 0.119948 0.050621 1.000000 1.000000 1.000000
v -0.062635 0.182930 0.050551 1.000000 1.000000 1.000000
v 0.015759 0.099879 0.050630 1.000000 1.000000 1.000000
v -0.033362 0.132069 0.050530 1.000000 1.000000 1.000000
v 0.087644 0.100406 0.050629 1.000000 1.000000 1.000000
v -0.078406 0.173332 0.050518 1.000000 1.000000 1.000000
v 0.018612 0.069797 0.050628 1.000000 1.000000 1.000000
v -0.038457 0.124119 0.050907 1.000000 1.000000 1.000000
v -0.092793 0.159325 0.050530 1.000000 1.000000 1.000000
v -0.104061 0.142021 0.050543 1.000000 1.000000 1.000000
v 0.090611 0.073645 0.050623 1.000000 1.000000 1.000000
v 0.089737 0.029329 0.050645 1.000000 1.000000 1.000000
v 0.017334 0.027374 0.050633 1.000000 1.000000 1.000000
v 0.087226 0.009285 0.050624 1.000000 1.000000 1.000000
v 0.014925 0.011334 0.050633 1.000000 1.000000 1.000000
v 0.080734 -0.015889 0.050570 1.000000 1.000000 1.000000
v 0.011051 -0.002752 0.050604 1.000000 1.000000 1.000000
v 0.070084 -0.038463 0.050545 1.000000 1.000000 1.000000
v 0.005737 -0.014647 0.050512 1.000000 1.000000 1.000000
v 0.054880 -0.058428 0.050471 1.000000 1.000000 1.000000
v -0.001490 -0.023828 0.050404 1.000000 1.000000 1.000000
v 0.032646 -0.074895 0.050445 1.000000 1.000000 1.000000
v -0.008718 -0.028287 0.050366 1.000000 1.000000 1.000000
v 0.007946 -0.083713 0.050491 1.000000 1.000000 1.000000
v -0.014694 -0.086114 0.050513 1.000000 1.000000 1.000000
v -0.014694 -0.029386 0.050364 1.000000 1.000000 1.000000
v -0.020670 -0.028287 0.050366 1.000000 1.000000 1.000000
v -0.037334 -0.083713 0.050491 1.000000 1.000000 1.000000
v -0.062034 -0.074895 0.050445 1.000000 1.000000 1.000000
v -0.027898 -0.023828 0.050404 1.000000 1.000000 1.000000
v -0.084268 -0.058428 0.050471 1.000000 1.000000 1.000000
v -0.035125 -0.014647 0.050512 1.000000 1.000000 1.000000
v -0.099472 -0.038463 0.050545 1.000000 1.000000 1.000000
v -0.040439 -0.002752 0.050604 1.000000 1.000000 1.000000
v -0.110122 -0.015889 0.050570 1.000000 1.000000 1.000000
v -0.044313 0.011334 0.050633 1.000000 1.000000 1.000000
v -0.116614 0.009285 0.050624 1.000000 1.000000 1.000000
v -0.046722 0.027374 0.050633 1.000000 1.000000 1.000000
v -0.119125 0.029329 0.050645 1.000000 1.000000 1.000000
v -0.048001 0.069797 0.050628 1.000000 1.000000 1.000000
v -0.119999 0.073645 0.050623 1.000000 1.000000 1.000000
v -0.117032 0.100406 0.050629 1.000000 1.000000 1.000000
v -0.045147 0.099879 0.050630 1.000000 1.000000 1.000000
v -0.112399 0.119948 0.050621 1.000000 1.000000 1.000000
v -0.042093 0.113693 0.050609 1.000000 1.000000 1.000000
v -0.038457 0.124119 0.050907 1.000000 1.000000 1.000000
v 0.236640 -0.042139 0.051273 1.000000 1.000000 1.000000
v 0.210618 -0.073517 0.051257 1.000000 1.000000 1.000000
v 0.247520 -0.050825 0.051254 1.000000 1.000000 1.000000
v 0.228873 -0.038052 0.051306 1.000000 1.000000 1.000000
v 0.214255 -0.078455 0.051265 1.000000 1.000000 1.000000
v 0.208153 -0.071395 0.051277 1.000000 1.000000 1.000000
v 0.257137 -0.062887 0.051264 1.000000 1.000000 1.000000
v 0.218517 -0.034022 0.051268 1.000000 1.000000 1.000000
v 0.217516 -0.085694 0.051296 1.000000 1.000000 1.000000
v 0.204896 -0.069407 0.051224 1.000000 1.000000 1.000000
v 0.264303 -0.077356 0.051277 1.000000 1.000000 1.000000
v 0.202218 -0.031138 0.051285 1.000000 1.000000 1.000000
v 0.219899 -0.094714 0.051315 1.000000 1.000000 1.000000
v 0.199446 -0.068020 0.051436 1.000000 1.000000 1.000000
v 0.269112 -0.095541 0.051320 1.000000 1.000000 1.000000
v 0.193865 -0.068346 0.051218 1.000000 1.000000 1.000000
v 0.221368 -0.106435 0.051326 1.000000 1.000000 1.000000
v 0.185723 -0.030863 0.051273 1.000000 1.000000 1.000000
v 0.271347 -0.111497 0.051326 1.000000 1.000000 1.000000
v 0.190357 -0.069682 0.051272 1.000000 1.000000 1.000000
v 0.221666 -0.131339 0.051326 1.000000 1.000000 1.000000
v 0.174914 -0.032853 0.051312 1.000000 1.000000 1.000000
v 0.271921 -0.133194 0.051324 1.000000 1.000000 1.000000
v 0.187610 -0.071303 0.051251 1.000000 1.000000 1.000000
v 0.268589 -0.168900 0.051334 1.000000 1.000000 1.000000
v 0.166648 -0.035395 0.051278 1.000000 1.000000 1.000000
v 0.218092 -0.165967 0.051329 1.000000 1.000000 1.000000
v 0.154627 -0.041874 0.051260 1.000000 1.000000 1.000000
v 0.265528 -0.184770 0.051324 1.000000 1.000000 1.000000
v 0.183296 -0.075463 0.051260 1.000000 1.000000 1.000000
v 0.215260 -0.179065 0.051329 1.000000 1.000000 1.000000
v 0.143347 -0.051923 0.051270 1.000000 1.000000 1.000000
v 0.178903 -0.081985 0.051427 1.000000 1.000000 1.000000
v 0.134123 -0.064811 0.051280 1.000000 1.000000 1.000000
v 0.259224 -0.204443 0.051293 1.000000 1.000000 1.000000
v 0.211421 -0.190496 0.051310 1.000000 1.000000 1.000000
v 0.250073 -0.221657 0.051275 1.000000 1.000000 1.000000
v 0.206553 -0.200150 0.051254 1.000000 1.000000 1.000000
v 0.237798 -0.236395 0.051228 1.000000 1.000000 1.000000
v 0.200204 -0.207558 0.051185 1.000000 1.000000 1.000000
v 0.220646 -0.247854 0.051206 1.000000 1.000000 1.000000
v 0.193901 -0.211004 0.051153 1.000000 1.000000 1.000000
v 0.202142 -0.253107 0.051229 1.000000 1.000000 1.000000
v 0.188652 -0.211538 0.051146 1.000000 1.000000 1.000000
v 0.185503 -0.253424 0.051242 1.000000 1.000000 1.000000
v 0.169151 -0.249927 0.051228 1.000000 1.000000 1.000000
v 0.183559 -0.210008 0.051153 1.000000 1.000000 1.000000
v 0.151698 -0.241208 0.051206 1.000000 1.000000 1.000000
v 0.177861 -0.205404 0.051185 1.000000 1.000000 1.000000
v 0.136503 -0.226631 0.051228 1.000000 1.000000 1.000000
v 0.172710 -0.196887 0.051255 1.000000 1.000000 1.000000
v 0.126605 -0.209756 0.051274 1.000000 1.000000 1.000000
v 0.169353 -0.186441 0.051310 1.000000 1.000000 1.000000
v 0.120156 -0.191038 0.051293 1.000000 1.000000 1.000000
v 0.167276 -0.174440 0.051329 1.000000 1.000000 1.000000
v 0.116880 -0.170442 0.051323 1.000000 1.000000 1.000000
v 0.166440 -0.160988 0.051329 1.000000 1.000000 1.000000
v 0.116232 -0.154214 0.051334 1.000000 1.000000 1.000000
v 0.168086 -0.126174 0.051326 1.000000 1.000000 1.000000
v 0.118278 -0.118385 0.051324 1.000000 1.000000 1.000000
v 0.122083 -0.097110 0.051326 1.000000 1.000000 1.000000
v 0.172099 -0.101686 0.051327 1.000000 1.000000 1.000000
v 0.126668 -0.081811 0.051319 1.000000 1.000000 1.000000
v 0.175292 -0.090427 0.051315 1.000000 1.000000 1.000000
v 0.178903 -0.081985 0.051427 1.000000 1.000000 1.000000
v 0.178993 -0.081979 -0.051868 1.000000 1.000000 1.000000
v 0.143346 -0.051920 -0.051836 1.000000 1.000000 1.000000
v 0.183295 -0.075457 -0.051840 1.000000 1.000000 1.000000
v 0.154625 -0.041871 -0.051826 1.000000 1.000000 1.000000
v 0.134123 -0.064808 -0.051849 1.000000 1.000000 1.000000
v 0.187608 -0.071300 -0.051828 1.000000 1.000000 1.000000
v 0.175291 -0.090428 -0.051888 1.000000 1.000000 1.000000
v 0.166645 -0.035393 -0.051844 1.000000 1.000000 1.000000
v 0.126668 -0.081811 -0.051892 1.000000 1.000000 1.000000
v 0.174911 -0.032850 -0.051878 1.000000 1.000000 1.000000
v 0.172099 -0.101686 -0.051899 1.000000 1.000000 1.000000
v 0.190355 -0.069680 -0.051848 1.000000 1.000000 1.000000
v 0.122084 -0.097110 -0.051898 1.000000 1.000000 1.000000
v 0.185719 -0.030860 -0.051840 1.000000 1.000000 1.000000
v 0.168087 -0.126175 -0.051897 1.000000 1.000000 1.000000
v 0.193862 -0.068344 -0.051794 1.000000 1.000000 1.000000
v 0.118279 -0.118385 -0.051897 1.000000 1.000000 1.000000
v 0.202214 -0.031137 -0.051857 1.000000 1.000000 1.000000
v 0.116233 -0.154214 -0.051907 1.000000 1.000000 1.000000
v 0.199441 -0.068018 -0.052009 1.000000 1.000000 1.000000
v 0.166440 -0.160989 -0.051900 1.000000 1.000000 1.000000
v 0.204892 -0.069408 -0.051792 1.000000 1.000000 1.000000
v 0.116880 -0.170442 -0.051895 1.000000 1.000000 1.000000
v 0.218514 -0.034022 -0.051843 1.000000 1.000000 1.000000
v 0.167276 -0.174440 -0.051900 1.000000 1.000000 1.000000
v 0.208149 -0.071396 -0.051845 1.000000 1.000000 1.000000
v 0.120156 -0.191039 -0.051865 1.000000 1.000000 1.000000
v 0.228869 -0.038053 -0.051881 1.000000 1.000000 1.000000
v 0.169354 -0.186441 -0.051882 1.000000 1.000000 1.000000
v 0.210616 -0.073518 -0.051824 1.000000 1.000000 1.000000
v 0.126606 -0.209757 -0.051846 1.000000 1.000000 1.000000
v 0.236637 -0.042140 -0.051848 1.000000 1.000000 1.000000
v 0.172711 -0.196888 -0.051826 1.000000 1.000000 1.000000
v 0.247517 -0.050826 -0.051830 1.000000 1.000000 1.000000
v 0.136504 -0.226631 -0.051800 1.000000 1.000000 1.000000
v 0.214253 -0.078456 -0.051833 1.000000 1.000000 1.000000
v 0.177862 -0.205404 -0.051756 1.000000 1.000000 1.000000
v 0.257134 -0.062889 -0.051840 1.000000 1.000000 1.000000
v 0.151698 -0.241209 -0.051777 1.000000 1.000000 1.000000
v 0.217518 -0.085698 -0.051868 1.000000 1.000000 1.000000
v 0.183560 -0.210008 -0.051724 1.000000 1.000000 1.000000
v 0.264302 -0.077357 -0.051851 1.000000 1.000000 1.000000
v 0.169151 -0.249928 -0.051801 1.000000 1.000000 1.000000
v 0.218179 -0.088189 -0.051895 1.000000 1.000000 1.000000
v 0.188653 -0.211538 -0.051718 1.000000 1.000000 1.000000
v 0.219900 -0.094714 -0.051888 1.000000 1.000000 1.000000
v 0.185504 -0.253424 -0.051814 1.000000 1.000000 1.000000
v 0.269113 -0.095541 -0.051891 1.000000 1.000000 1.000000
v 0.202143 -0.253108 -0.051800 1.000000 1.000000 1.000000
v 0.221368 -0.106435 -0.051899 1.000000 1.000000 1.000000
v 0.193901 -0.211005 -0.051725 1.000000 1.000000 1.000000
v 0.271347 -0.111497 -0.051897 1.000000 1.000000 1.000000
v 0.220646 -0.247854 -0.051777 1.000000 1.000000 1.000000
v 0.221667 -0.131339 -0.051899 1.000000 1.000000 1.000000
v 0.200205 -0.207558 -0.051757 1.000000 1.000000 1.000000
v 0.271921 -0.133195 -0.051895 1.000000 1.000000 1.000000
v 0.237798 -0.236395 -0.051799 1.000000 1.000000 1.000000
v 0.268589 -0.168900 -0.051906 1.000000 1.000000 1.000000
v 0.206553 -0.200150 -0.051826 1.000000 1.000000 1.000000
v 0.218092 -0.165968 -0.051902 1.000000 1.000000 1.000000
v 0.250073 -0.221657 -0.051846 1.000000 1.000000 1.000000
v 0.265529 -0.184770 -0.051895 1.000000 1.000000 1.000000
v 0.211422 -0.190496 -0.051882 1.000000 1.000000 1.000000
v 0.215260 -0.179065 -0.051901 1.000000 1.000000 1.000000
v 0.259224 -0.204443 -0.051865 1.000000 1.000000 1.000000
v 0.745237 0.107733 0.050883 1.000000 1.000000 1.000000
v 0.708736 0.072729 0.050866 1.000000 1.000000 1.000000
v 0.757422 0.095492 0.050864 1.000000 1.000000 1.000000
v 0.736240 0.113867 0.050915 1.000000 1.000000 1.000000
v 0.712522 0.066130 0.050876 1.000000 1.000000 1.000000
v 0.705997 0.075694 0.050887 1.000000 1.000000 1.000000
v 0.767573 0.079267 0.050874 1.000000 1.000000 1.000000
v 0.724047 0.120295 0.050878 1.000000 1.000000 1.000000
v 0.715520 0.056747 0.050905 1.000000 1.000000 1.000000
v 0.702263 0.078603 0.050834 1.000000 1.000000 1.000000
v 0.774363 0.060422 0.050887 1.000000 1.000000 1.000000
v 0.704364 0.126150 0.050895 1.000000 1.000000 1.000000
v 0.717184 0.045292 0.050925 1.000000 1.000000 1.000000
v 0.695741 0.081082 0.051045 1.000000 1.000000 1.000000
v 0.777726 0.037330 0.050930 1.000000 1.000000 1.000000
v 0.688816 0.081467 0.050828 1.000000 1.000000 1.000000
v 0.717340 0.030640 0.050937 1.000000 1.000000 1.000000
v 0.684070 0.128816 0.050883 1.000000 1.000000 1.000000
v 0.778228 0.017347 0.050935 1.000000 1.000000 1.000000
v 0.684305 0.080315 0.050881 1.000000 1.000000 1.000000
v 0.714194 -0.000098 0.050935 1.000000 1.000000 1.000000
v 0.670468 0.127888 0.050922 1.000000 1.000000 1.000000
v 0.775874 -0.009477 0.050934 1.000000 1.000000 1.000000
v 0.680690 0.078705 0.050861 1.000000 1.000000 1.000000
v 0.766728 -0.053015 0.050944 1.000000 1.000000 1.000000
v 0.659920 0.125922 0.050888 1.000000 1.000000 1.000000
v 0.704902 -0.042275 0.050938 1.000000 1.000000 1.000000
v 0.644190 0.119632 0.050869 1.000000 1.000000 1.000000
v 0.760715 -0.072145 0.050933 1.000000 1.000000 1.000000
v 0.674786 0.074186 0.050870 1.000000 1.000000 1.000000
v 0.699563 -0.058019 0.050937 1.000000 1.000000 1.000000
v 0.628868 0.108838 0.050879 1.000000 1.000000 1.000000
v 0.668450 0.066767 0.051035 1.000000 1.000000 1.000000
v 0.615680 0.094256 0.050888 1.000000 1.000000 1.000000
v 0.750169 -0.095503 0.050903 1.000000 1.000000 1.000000
v 0.693218 -0.071567 0.050919 1.000000 1.000000 1.000000
v 0.736461 -0.115430 0.050884 1.000000 1.000000 1.000000
v 0.685855 -0.082779 0.050864 1.000000 1.000000 1.000000
v 0.719251 -0.131862 0.050838 1.000000 1.000000 1.000000
v 0.676985 -0.091014 0.050795 1.000000 1.000000 1.000000
v 0.696494 -0.143566 0.050816 1.000000 1.000000 1.000000
v 0.668729 -0.094373 0.050763 1.000000 1.000000 1.000000
v 0.672945 -0.147429 0.050839 1.000000 1.000000 1.000000
v 0.662185 -0.094290 0.050756 1.000000 1.000000 1.000000
v 0.652392 -0.145471 0.050852 1.000000 1.000000 1.000000
v 0.632731 -0.138854 0.050839 1.000000 1.000000 1.000000
v 0.656123 -0.091684 0.050763 1.000000 1.000000 1.000000
v 0.612449 -0.125645 0.050816 1.000000 1.000000 1.000000
v 0.649750 -0.085206 0.050795 1.000000 1.000000 1.000000
v 0.595779 -0.105533 0.050838 1.000000 1.000000 1.000000
v 0.644603 -0.073982 0.050864 1.000000 1.000000 1.000000
v 0.585959 -0.083338 0.050883 1.000000 1.000000 1.000000
v 0.641939 -0.060632 0.050920 1.000000 1.000000 1.000000
v 0.580653 -0.059356 0.050902 1.000000 1.000000 1.000000
v 0.641073 -0.045547 0.050938 1.000000 1.000000 1.000000
v 0.579521 -0.033507 0.050932 1.000000 1.000000 1.000000
v 0.641941 -0.028850 0.050939 1.000000 1.000000 1.000000
v 0.581012 -0.013414 0.050943 1.000000 1.000000 1.000000
v 0.648882 0.013829 0.050937 1.000000 1.000000 1.000000
v 0.588590 0.030458 0.050934 1.000000 1.000000 1.000000
v 0.596283 0.056144 0.050935 1.000000 1.000000 1.000000
v 0.657284 0.043446 0.050937 1.000000 1.000000 1.000000
v 0.604092 0.074354 0.050929 1.000000 1.000000 1.000000
v 0.662808 0.056872 0.050925 1.000000 1.000000 1.000000
v 0.668450 0.066767 0.051035 1.000000 1.000000 1.000000
v -0.042093 0.113693 -0.051233 1.000000 1.000000 1.000000
v -0.104061 0.142021 -0.051167 1.000000 1.000000 1.000000
v -0.038165 0.124049 -0.051202 1.000000 1.000000 1.000000
v -0.092793 0.159325 -0.051154 1.000000 1.000000 1.000000
v -0.112399 0.119948 -0.051245 1.000000 1.000000 1.000000
v -0.078406 0.173332 -0.051142 1.000000 1.000000 1.000000
v -0.045147 0.099879 -0.051253 1.000000 1.000000 1.000000
v -0.033363 0.132069 -0.051154 1.000000 1.000000 1.000000
v -0.117032 0.100406 -0.051252 1.000000 1.000000 1.000000
v -0.062635 0.182930 -0.051174 1.000000 1.000000 1.000000
v -0.048001 0.069797 -0.051251 1.000000 1.000000 1.000000
v -0.028427 0.137258 -0.051140 1.000000 1.000000 1.000000
v -0.119999 0.073645 -0.051247 1.000000 1.000000 1.000000
v -0.051557 0.187114 -0.051245 1.000000 1.000000 1.000000
v -0.119125 0.029329 -0.051268 1.000000 1.000000 1.000000
v -0.025380 0.139303 -0.051199 1.000000 1.000000 1.000000
v -0.046722 0.027374 -0.051257 1.000000 1.000000 1.000000
v -0.037054 0.190940 -0.051169 1.000000 1.000000 1.000000
v -0.116614 0.009285 -0.051248 1.000000 1.000000 1.000000
v -0.021298 0.141076 -0.051057 1.000000 1.000000 1.000000
v -0.044313 0.011334 -0.051257 1.000000 1.000000 1.000000
v -0.014694 0.192563 -0.051204 1.000000 1.000000 1.000000
v -0.110122 -0.015889 -0.051194 1.000000 1.000000 1.000000
v -0.014694 0.142389 -0.051651 1.000000 1.000000 1.000000
v -0.040439 -0.002752 -0.051227 1.000000 1.000000 1.000000
v -0.008090 0.141076 -0.051057 1.000000 1.000000 1.000000
v -0.099472 -0.038463 -0.051168 1.000000 1.000000 1.000000
v 0.007667 0.190940 -0.051169 1.000000 1.000000 1.000000
v -0.035125 -0.014647 -0.051135 1.000000 1.000000 1.000000
v -0.004008 0.139303 -0.051199 1.000000 1.000000 1.000000
v -0.084268 -0.058428 -0.051094 1.000000 1.000000 1.000000
v 0.022170 0.187114 -0.051245 1.000000 1.000000 1.000000
v -0.027898 -0.023828 -0.051027 1.000000 1.000000 1.000000
v -0.000961 0.137258 -0.051140 1.000000 1.000000 1.000000
v -0.062034 -0.074895 -0.051069 1.000000 1.000000 1.000000
v 0.033247 0.182930 -0.051174 1.000000 1.000000 1.000000
v -0.020670 -0.028287 -0.050990 1.000000 1.000000 1.000000
v 0.003975 0.132068 -0.051154 1.000000 1.000000 1.000000
v -0.037334 -0.083713 -0.051114 1.000000 1.000000 1.000000
v 0.049018 0.173332 -0.051142 1.000000 1.000000 1.000000
v -0.014694 -0.086114 -0.051137 1.000000 1.000000 1.000000
v 0.008777 0.124048 -0.051202 1.000000 1.000000 1.000000
v -0.014694 -0.029386 -0.050988 1.000000 1.000000 1.000000
v 0.063405 0.159325 -0.051154 1.000000 1.000000 1.000000
v -0.008717 -0.028287 -0.050990 1.000000 1.000000 1.000000
v 0.009933 0.121331 -0.051362 1.000000 1.000000 1.000000
v 0.007946 -0.083713 -0.051114 1.000000 1.000000 1.000000
v 0.074673 0.142021 -0.051167 1.000000 1.000000 1.000000
v 0.032646 -0.074895 -0.051069 1.000000 1.000000 1.000000
v 0.012705 0.113693 -0.051233 1.000000 1.000000 1.000000
v -0.001490 -0.023828 -0.051027 1.000000 1.000000 1.000000
v 0.083010 0.119948 -0.051245 1.000000 1.000000 1.000000
v 0.054880 -0.058428 -0.051094 1.000000 1.000000 1.000000
v 0.015759 0.099879 -0.051253 1.000000 1.000000 1.000000
v 0.005737 -0.014647 -0.051135 1.000000 1.000000 1.000000
v 0.087644 0.100406 -0.051252 1.000000 1.000000 1.000000
v 0.070084 -0.038463 -0.051168 1.000000 1.000000 1.000000
v 0.018612 0.069797 -0.051251 1.000000 1.000000 1.000000
v 0.011051 -0.002752 -0.051227 1.000000 1.000000 1.000000
v 0.090611 0.073645 -0.051247 1.000000 1.000000 1.000000
v 0.080734 -0.015889 -0.051194 1.000000 1.000000 1.000000
v 0.089737 0.029329 -0.051268 1.000000 1.000000 1.000000
v 0.014925 0.011334 -0.051257 1.000000 1.000000 1.000000
v 0.017334 0.027374 -0.051257 1.000000 1.000000 1.000000
v 0.087226 0.009285 -0.051248 1.000000 1.000000 1.000000
v 0.003975 0.132068 0.050530 1.000000 1.000000 1.000000
v -0.000961 0.137258 -0.051140 1.000000 1.000000 1.000000
v 0.003975 0.132068 -0.051154 1.000000 1.000000 1.000000
v -0.000962 0.137258 0.050516 1.000000 1.000000 1.000000
v 0.008777 0.124048 -0.051202 1.000000 1.000000 1.000000
v 0.008777 0.124048 0.050579 1.000000 1.000000 1.000000
v 0.668562 0.066763 -0.051483 1.000000 1.000000 1.000000
v 0.628868 0.108843 -0.051451 1.000000 1.000000 1.000000
v 0.674786 0.074195 -0.051456 1.000000 1.000000 1.000000
v 0.644188 0.119637 -0.051442 1.000000 1.000000 1.000000
v 0.615680 0.094259 -0.051465 1.000000 1.000000 1.000000
v 0.680689 0.078710 -0.051444 1.000000 1.000000 1.000000
v 0.662808 0.056871 -0.051503 1.000000 1.000000 1.000000
v 0.659917 0.125926 -0.051460 1.000000 1.000000 1.000000
v 0.604092 0.074354 -0.051507 1.000000 1.000000 1.000000
v 0.670465 0.127892 -0.051493 1.000000 1.000000 1.000000
v 0.657284 0.043445 -0.051514 1.000000 1.000000 1.000000
v 0.684303 0.080319 -0.051465 1.000000 1.000000 1.000000
v 0.596283 0.056144 -0.051514 1.000000 1.000000 1.000000
v 0.684067 0.128820 -0.051456 1.000000 1.000000 1.000000
v 0.648883 0.013828 -0.051513 1.000000 1.000000 1.000000
v 0.688814 0.081470 -0.051411 1.000000 1.000000 1.000000
v 0.588591 0.030458 -0.051512 1.000000 1.000000 1.000000
v 0.704359 0.126152 -0.051473 1.000000 1.000000 1.000000
v 0.581013 -0.013415 -0.051522 1.000000 1.000000 1.000000
v 0.695735 0.081084 -0.051623 1.000000 1.000000 1.000000
v 0.641941 -0.028850 -0.051515 1.000000 1.000000 1.000000
v 0.702259 0.078602 -0.051408 1.000000 1.000000 1.000000
v 0.579521 -0.033508 -0.051510 1.000000 1.000000 1.000000
v 0.724041 0.120295 -0.051459 1.000000 1.000000 1.000000
v 0.641074 -0.045548 -0.051515 1.000000 1.000000 1.000000
v 0.705993 0.075693 -0.051461 1.000000 1.000000 1.000000
v 0.580653 -0.059357 -0.051481 1.000000 1.000000 1.000000
v 0.736236 0.113866 -0.051497 1.000000 1.000000 1.000000
v 0.641939 -0.060632 -0.051497 1.000000 1.000000 1.000000
v 0.708732 0.072728 -0.051440 1.000000 1.000000 1.000000
v 0.585960 -0.083338 -0.051461 1.000000 1.000000 1.000000
v 0.745234 0.107732 -0.051464 1.000000 1.000000 1.000000
v 0.644603 -0.073983 -0.051442 1.000000 1.000000 1.000000
v 0.757418 0.095491 -0.051446 1.000000 1.000000 1.000000
v 0.595780 -0.105534 -0.051416 1.000000 1.000000 1.000000
v 0.712519 0.066129 -0.051449 1.000000 1.000000 1.000000
v 0.649751 -0.085206 -0.051373 1.000000 1.000000 1.000000
v 0.767570 0.079265 -0.051456 1.000000 1.000000 1.000000
v 0.612451 -0.125645 -0.051394 1.000000 1.000000 1.000000
v 0.715522 0.056742 -0.051483 1.000000 1.000000 1.000000
v 0.656123 -0.091685 -0.051341 1.000000 1.000000 1.000000
v 0.774362 0.060421 -0.051466 1.000000 1.000000 1.000000
v 0.632732 -0.138854 -0.051417 1.000000 1.000000 1.000000
v 0.715985 0.053578 -0.051510 1.000000 1.000000 1.000000
v 0.662186 -0.094290 -0.051335 1.000000 1.000000 1.000000
v 0.717185 0.045293 -0.051503 1.000000 1.000000 1.000000
v 0.652394 -0.145472 -0.051429 1.000000 1.000000 1.000000
v 0.777726 0.037329 -0.051507 1.000000 1.000000 1.000000
v 0.672947 -0.147429 -0.051417 1.000000 1.000000 1.000000
v 0.717341 0.030639 -0.051515 1.000000 1.000000 1.000000
v 0.668730 -0.094373 -0.051341 1.000000 1.000000 1.000000
v 0.778228 0.017346 -0.051513 1.000000 1.000000 1.000000
v 0.696496 -0.143566 -0.051394 1.000000 1.000000 1.000000
v 0.714196 -0.000099 -0.051514 1.000000 1.000000 1.000000
v 0.676986 -0.091014 -0.051373 1.000000 1.000000 1.000000
v 0.775875 -0.009478 -0.051511 1.000000 1.000000 1.000000
v 0.719253 -0.131862 -0.051415 1.000000 1.000000 1.000000
v 0.766728 -0.053015 -0.051521 1.000000 1.000000 1.000000
v 0.685856 -0.082779 -0.051443 1.000000 1.000000 1.000000
v 0.704903 -0.042276 -0.051516 1.000000 1.000000 1.000000
v 0.736462 -0.115430 -0.051461 1.000000 1.000000 1.000000
v 0.760717 -0.072145 -0.051510 1.000000 1.000000 1.000000
v 0.693218 -0.071567 -0.051498 1.000000 1.000000 1.000000
v 0.699563 -0.058019 -0.051515 1.000000 1.000000 1.000000
v 0.750170 -0.095503 -0.051480 1.000000 1.000000 1.000000
v -0.604503 0.302740 0.004304 1.000000 1.000000 1.000000
v -0.598553 0.323104 0.000761 1.000000 1.000000 1.000000
v -0.600961 0.323104 0.000761 1.000000 1.000000 1.000000
v -0.595009 0.302740 0.004304 1.000000 1.000000 1.000000
v 0.114515 0.144173 0.060543 1.000000 1.000000 1.000000
v 0.121751 0.168681 -0.060976 1.000000 1.000000 1.000000
v 0.114516 0.144172 -0.060974 1.000000 1.000000 1.000000
v 0.121751 0.168681 0.060545 1.000000 1.000000 1.000000
v 0.172099 -0.101686 0.051327 1.000000 1.000000 1.000000
v 0.168087 -0.126175 -0.051897 1.000000 1.000000 1.000000
v 0.172099 -0.101686 -0.051899 1.000000 1.000000 1.000000
v 0.168086 -0.126174 0.051326 1.000000 1.000000 1.000000
v 0.166440 -0.160988 0.051329 1.000000 1.000000 1.000000
v 0.166440 -0.160989 -0.051900 1.000000 1.000000 1.000000
v 0.168086 -0.126174 0.051326 1.000000 1.000000 1.000000
v -0.434698 0.139640 0.065666 1.000000 1.000000 1.000000
v -0.434698 0.139640 -0.066075 1.000000 1.000000 1.000000
v -0.428418 0.137965 0.064903 1.000000 1.000000 1.000000
v -0.428418 0.137965 -0.065312 1.000000 1.000000 1.000000
v -0.598553 0.323104 -0.001647 1.000000 1.000000 1.000000
v -0.595009 0.302740 -0.005190 1.000000 1.000000 1.000000
v -0.604503 0.302740 -0.005190 1.000000 1.000000 1.000000
v -0.600961 0.323104 -0.001647 1.000000 1.000000 1.000000
v -0.410144 0.185023 0.065047 1.000000 1.000000 1.000000
v -0.431584 0.187974 -0.065502 1.000000 1.000000 1.000000
v -0.431584 0.187974 0.065092 1.000000 1.000000 1.000000
v -0.410144 0.185023 -0.065457 1.000000 1.000000 1.000000
v -0.453225 0.187798 -0.065457 1.000000 1.000000 1.000000
v -0.453225 0.187798 0.065047 1.000000 1.000000 1.000000
v -0.396410 0.180437 -0.065555 1.000000 1.000000 1.000000
v -0.396410 0.180437 0.065146 1.000000 1.000000 1.000000
v -0.410144 0.185023 -0.065457 1.000000 1.000000 1.000000
v -0.453225 0.187798 -0.065457 1.000000 1.000000 1.000000
v -0.467434 0.185013 -0.065555 1.000000 1.000000 1.000000
v -0.467434 0.185013 0.065146 1.000000 1.000000 1.000000
v -0.478365 0.181671 0.065054 1.000000 1.000000 1.000000
v -0.467434 0.185013 0.065146 1.000000 1.000000 1.000000
v -0.478365 0.181671 -0.065464 1.000000 1.000000 1.000000
v -0.494154 0.173403 -0.065422 1.000000 1.000000 1.000000
v -0.494154 0.173403 0.065013 1.000000 1.000000 1.000000
v -0.385998 0.175720 0.065054 1.000000 1.000000 1.000000
v -0.396410 0.180437 0.065146 1.000000 1.000000 1.000000
v -0.385998 0.175720 -0.065464 1.000000 1.000000 1.000000
v -0.371402 0.165494 -0.065422 1.000000 1.000000 1.000000
v -0.371402 0.165494 0.065013 1.000000 1.000000 1.000000
v -0.358412 0.151107 0.065027 1.000000 1.000000 1.000000
v -0.358412 0.151107 -0.065436 1.000000 1.000000 1.000000
v -0.371402 0.165494 0.065013 1.000000 1.000000 1.000000
v 0.275851 -0.151820 0.047480 1.000000 1.000000 1.000000
v 0.447583 -0.310831 0.047480 1.000000 1.000000 1.000000
v 0.378466 -0.122139 0.047480 1.000000 1.000000 1.000000
v 0.349632 -0.371043 0.047480 1.000000 1.000000 1.000000
v 0.275851 -0.151820 -0.048367 1.000000 1.000000 1.000000
v 0.447583 -0.310831 -0.048367 1.000000 1.000000 1.000000
v 0.349632 -0.371043 -0.048367 1.000000 1.000000 1.000000
v 0.378466 -0.122139 -0.048367 1.000000 1.000000 1.000000
v 0.178741 0.045783 0.060461 1.000000 1.000000 1.000000
v 0.175355 0.058424 -0.060957 1.000000 1.000000 1.000000
v 0.175355 0.058424 0.060527 1.000000 1.000000 1.000000
v 0.178741 0.045782 -0.060891 1.000000 1.000000 1.000000
v -0.152033 0.003203 0.041526 1.000000 1.000000 1.000000
v -0.154767 -0.026508 0.041534 1.000000 1.000000 1.000000
v -0.143643 0.001569 0.041558 1.000000 1.000000 1.000000
v -0.157504 -0.025449 0.041491 1.000000 1.000000 1.000000
v -0.152610 -0.027777 0.041517 1.000000 1.000000 1.000000
v -0.164767 0.003157 0.041541 1.000000 1.000000 1.000000
v -0.137203 -0.000463 0.041530 1.000000 1.000000 1.000000
v -0.161820 -0.025144 0.041663 1.000000 1.000000 1.000000
v -0.127779 -0.005550 0.041516 1.000000 1.000000 1.000000
v -0.166000 -0.026155 0.041487 1.000000 1.000000 1.000000
v -0.149181 -0.031017 0.041524 1.000000 1.000000 1.000000
v -0.177292 0.001107 0.041530 1.000000 1.000000 1.000000
v -0.118848 -0.013366 0.041523 1.000000 1.000000 1.000000
v -0.168472 -0.027646 0.041529 1.000000 1.000000 1.000000
v -0.145722 -0.036052 0.041549 1.000000 1.000000 1.000000
v -0.185202 -0.001878 0.041562 1.000000 1.000000 1.000000
v -0.111444 -0.023339 0.041534 1.000000 1.000000 1.000000
v -0.170330 -0.029249 0.041513 1.000000 1.000000 1.000000
v -0.142684 -0.042555 0.041565 1.000000 1.000000 1.000000
v -0.191112 -0.004934 0.041535 1.000000 1.000000 1.000000
v -0.105315 -0.036447 0.041569 1.000000 1.000000 1.000000
v -0.199326 -0.011482 0.041520 1.000000 1.000000 1.000000
v -0.139969 -0.051226 0.041575 1.000000 1.000000 1.000000
v -0.173027 -0.032988 0.041521 1.000000 1.000000 1.000000
v -0.101440 -0.048221 0.041575 1.000000 1.000000 1.000000
v -0.206490 -0.020633 0.041528 1.000000 1.000000 1.000000
v -0.175461 -0.038527 0.041656 1.000000 1.000000 1.000000
v -0.211710 -0.031651 0.041536 1.000000 1.000000 1.000000
v -0.136335 -0.070038 0.041574 1.000000 1.000000 1.000000
v -0.098037 -0.064568 0.041572 1.000000 1.000000 1.000000
v -0.095675 -0.092053 0.041580 1.000000 1.000000 1.000000
v -0.134304 -0.096742 0.041576 1.000000 1.000000 1.000000
v -0.095821 -0.104487 0.041572 1.000000 1.000000 1.000000
v -0.134656 -0.107045 0.041575 1.000000 1.000000 1.000000
v -0.097902 -0.120243 0.041547 1.000000 1.000000 1.000000
v -0.135998 -0.116224 0.041561 1.000000 1.000000 1.000000
v -0.102474 -0.134526 0.041531 1.000000 1.000000 1.000000
v -0.138363 -0.124198 0.041516 1.000000 1.000000 1.000000
v -0.109751 -0.147362 0.041494 1.000000 1.000000 1.000000
v -0.142156 -0.130675 0.041459 1.000000 1.000000 1.000000
v -0.121168 -0.158384 0.041476 1.000000 1.000000 1.000000
v -0.146456 -0.134147 0.041433 1.000000 1.000000 1.000000
v -0.134457 -0.164892 0.041495 1.000000 1.000000 1.000000
v -0.150356 -0.135268 0.041428 1.000000 1.000000 1.000000
v -0.147010 -0.167407 0.041506 1.000000 1.000000 1.000000
v -0.159867 -0.166998 0.041495 1.000000 1.000000 1.000000
v -0.154421 -0.134807 0.041433 1.000000 1.000000 1.000000
v -0.174273 -0.162785 0.041476 1.000000 1.000000 1.000000
v -0.159364 -0.132101 0.041459 1.000000 1.000000 1.000000
v -0.187769 -0.153828 0.041494 1.000000 1.000000 1.000000
v -0.164429 -0.126358 0.041516 1.000000 1.000000 1.000000
v -0.197571 -0.142408 0.041531 1.000000 1.000000 1.000000
v -0.168400 -0.118909 0.041561 1.000000 1.000000 1.000000
v -0.205015 -0.129121 0.041547 1.000000 1.000000 1.000000
v -0.171614 -0.110108 0.041576 1.000000 1.000000 1.000000
v -0.210313 -0.113976 0.041571 1.000000 1.000000 1.000000
v -0.174087 -0.100039 0.041577 1.000000 1.000000 1.000000
v -0.213023 -0.101780 0.041580 1.000000 1.000000 1.000000
v -0.177604 -0.073459 0.041575 1.000000 1.000000 1.000000
v -0.216375 -0.074377 0.041572 1.000000 1.000000 1.000000
v -0.216406 -0.057750 0.041574 1.000000 1.000000 1.000000
v -0.177916 -0.054372 0.041575 1.000000 1.000000 1.000000
v -0.215028 -0.045541 0.041568 1.000000 1.000000 1.000000
v -0.177039 -0.045411 0.041565 1.000000 1.000000 1.000000
v -0.175461 -0.038527 0.041656 1.000000 1.000000 1.000000
v -0.142156 -0.130675 0.041459 1.000000 1.000000 1.000000
v -0.146455 -0.134146 -0.042150 1.000000 1.000000 1.000000
v -0.146456 -0.134147 0.041433 1.000000 1.000000 1.000000
v -0.142155 -0.130675 -0.042177 1.000000 1.000000 1.000000
v 0.184707 0.035197 0.060380 1.000000 1.000000 1.000000
v 0.178741 0.045782 -0.060891 1.000000 1.000000 1.000000
v 0.178741 0.045783 0.060461 1.000000 1.000000 1.000000
v 0.184707 0.035196 -0.060809 1.000000 1.000000 1.000000
v -0.174087 -0.100039 -0.042293 1.000000 1.000000 1.000000
v -0.213023 -0.101780 -0.042297 1.000000 1.000000 1.000000
v -0.177603 -0.073459 -0.042291 1.000000 1.000000 1.000000
v -0.216375 -0.074377 -0.042290 1.000000 1.000000 1.000000
v -0.210312 -0.113976 -0.042289 1.000000 1.000000 1.000000
v -0.216405 -0.057750 -0.042292 1.000000 1.000000 1.000000
v -0.171613 -0.110109 -0.042293 1.000000 1.000000 1.000000
v -0.177916 -0.054372 -0.042292 1.000000 1.000000 1.000000
v -0.205014 -0.129121 -0.042264 1.000000 1.000000 1.000000
v -0.215028 -0.045541 -0.042286 1.000000 1.000000 1.000000
v -0.168399 -0.118909 -0.042278 1.000000 1.000000 1.000000
v -0.177040 -0.045412 -0.042283 1.000000 1.000000 1.000000
v -0.197571 -0.142408 -0.042248 1.000000 1.000000 1.000000
v -0.211710 -0.031649 -0.042251 1.000000 1.000000 1.000000
v -0.164429 -0.126359 -0.042232 1.000000 1.000000 1.000000
v -0.175394 -0.038510 -0.042266 1.000000 1.000000 1.000000
v -0.187769 -0.153829 -0.042212 1.000000 1.000000 1.000000
v -0.206491 -0.020630 -0.042241 1.000000 1.000000 1.000000
v -0.159364 -0.132101 -0.042176 1.000000 1.000000 1.000000
v -0.173029 -0.032984 -0.042244 1.000000 1.000000 1.000000
v -0.174272 -0.162785 -0.042193 1.000000 1.000000 1.000000
v -0.199327 -0.011480 -0.042233 1.000000 1.000000 1.000000
v -0.154421 -0.134807 -0.042150 1.000000 1.000000 1.000000
v -0.170332 -0.029246 -0.042234 1.000000 1.000000 1.000000
v -0.159866 -0.166998 -0.042212 1.000000 1.000000 1.000000
v -0.191114 -0.004931 -0.042248 1.000000 1.000000 1.000000
v -0.150356 -0.135268 -0.042145 1.000000 1.000000 1.000000
v -0.185205 -0.001876 -0.042275 1.000000 1.000000 1.000000
v -0.147009 -0.167407 -0.042222 1.000000 1.000000 1.000000
v -0.168474 -0.027644 -0.042251 1.000000 1.000000 1.000000
v -0.134456 -0.164892 -0.042212 1.000000 1.000000 1.000000
v -0.177295 0.001109 -0.042244 1.000000 1.000000 1.000000
v -0.146455 -0.134146 -0.042150 1.000000 1.000000 1.000000
v -0.166002 -0.026153 -0.042207 1.000000 1.000000 1.000000
v -0.121167 -0.158383 -0.042193 1.000000 1.000000 1.000000
v -0.164770 0.003157 -0.042257 1.000000 1.000000 1.000000
v -0.142155 -0.130675 -0.042177 1.000000 1.000000 1.000000
v -0.161824 -0.025144 -0.042381 1.000000 1.000000 1.000000
v -0.109750 -0.147362 -0.042211 1.000000 1.000000 1.000000
v -0.157507 -0.025449 -0.042204 1.000000 1.000000 1.000000
v -0.138363 -0.124198 -0.042233 1.000000 1.000000 1.000000
v -0.152036 0.003201 -0.042246 1.000000 1.000000 1.000000
v -0.102474 -0.134526 -0.042248 1.000000 1.000000 1.000000
v -0.154769 -0.026509 -0.042248 1.000000 1.000000 1.000000
v -0.135998 -0.116224 -0.042278 1.000000 1.000000 1.000000
v -0.143646 0.001567 -0.042278 1.000000 1.000000 1.000000
v -0.097901 -0.120242 -0.042263 1.000000 1.000000 1.000000
v -0.152612 -0.027779 -0.042231 1.000000 1.000000 1.000000
v -0.134655 -0.107045 -0.042293 1.000000 1.000000 1.000000
v -0.137205 -0.000465 -0.042251 1.000000 1.000000 1.000000
v -0.095821 -0.104487 -0.042288 1.000000 1.000000 1.000000
v -0.127781 -0.005551 -0.042236 1.000000 1.000000 1.000000
v -0.134303 -0.096743 -0.042294 1.000000 1.000000 1.000000
v -0.149182 -0.031019 -0.042238 1.000000 1.000000 1.000000
v -0.095675 -0.092053 -0.042297 1.000000 1.000000 1.000000
v -0.118850 -0.013367 -0.042244 1.000000 1.000000 1.000000
v -0.136335 -0.070039 -0.042292 1.000000 1.000000 1.000000
v -0.145720 -0.036055 -0.042267 1.000000 1.000000 1.000000
v -0.098037 -0.064568 -0.042289 1.000000 1.000000 1.000000
v -0.111444 -0.023340 -0.042253 1.000000 1.000000 1.000000
v -0.101440 -0.048221 -0.042291 1.000000 1.000000 1.000000
v -0.144878 -0.037850 -0.042288 1.000000 1.000000 1.000000
v -0.139968 -0.051226 -0.042292 1.000000 1.000000 1.000000
v -0.142684 -0.042554 -0.042283 1.000000 1.000000 1.000000
v -0.105314 -0.036447 -0.042285 1.000000 1.000000 1.000000
v -0.563441 0.226590 0.039492 1.000000 1.000000 1.000000
v -0.631829 0.160737 0.039492 1.000000 1.000000 1.000000
v -0.563441 -0.046950 0.039492 1.000000 1.000000 1.000000
v -0.631829 -0.046950 0.039492 1.000000 1.000000 1.000000
v -0.624405 0.226590 0.039492 1.000000 1.000000 1.000000
v -0.663280 0.201811 0.039492 1.000000 1.000000 1.000000
v -0.663280 0.160737 0.039492 1.000000 1.000000 1.000000
v -0.631829 -0.046950 -0.040335 1.000000 1.000000 1.000000
v -0.631829 0.160737 -0.040335 1.000000 1.000000 1.000000
v -0.563441 -0.046950 -0.040335 1.000000 1.000000 1.000000
v -0.563441 0.226590 -0.040335 1.000000 1.000000 1.000000
v -0.624405 0.226590 -0.040335 1.000000 1.000000 1.000000
v -0.663280 0.201811 -0.040335 1.000000 1.000000 1.000000
v -0.663280 0.160737 -0.040335 1.000000 1.000000 1.000000
v 0.179857 0.129250 -0.060975 1.000000 1.000000 1.000000
v 0.179856 0.129251 0.060546 1.000000 1.000000 1.000000
v 0.174098 0.088613 0.060549 1.000000 1.000000 1.000000
v 0.174099 0.088612 -0.060979 1.000000 1.000000 1.000000
v 0.173828 0.072740 -0.060978 1.000000 1.000000 1.000000
v 0.173828 0.072740 0.060549 1.000000 1.000000 1.000000
v 0.174099 0.088612 -0.060979 1.000000 1.000000 1.000000
v 0.175355 0.058424 0.060527 1.000000 1.000000 1.000000
v 0.173828 0.072740 0.060549 1.000000 1.000000 1.000000
v 0.175355 0.058424 -0.060957 1.000000 1.000000 1.000000
v 0.341784 0.035293 0.036657 1.000000 1.000000 1.000000
v 0.337673 0.007721 0.036664 1.000000 1.000000 1.000000
v 0.349525 0.033328 0.036684 1.000000 1.000000 1.000000
v 0.335175 0.008853 0.036625 1.000000 1.000000 1.000000
v 0.339618 0.006424 0.036650 1.000000 1.000000 1.000000
v 0.329903 0.035919 0.036670 1.000000 1.000000 1.000000
v 0.355426 0.031094 0.036660 1.000000 1.000000 1.000000
v 0.331165 0.009364 0.036778 1.000000 1.000000 1.000000
v 0.363949 0.025853 0.036647 1.000000 1.000000 1.000000
v 0.327212 0.008641 0.036621 1.000000 1.000000 1.000000
v 0.342647 0.003221 0.036655 1.000000 1.000000 1.000000
v 0.318111 0.034666 0.036661 1.000000 1.000000 1.000000
v 0.371869 0.018093 0.036654 1.000000 1.000000 1.000000
v 0.324828 0.007380 0.036660 1.000000 1.000000 1.000000
v 0.345609 -0.001657 0.036677 1.000000 1.000000 1.000000
v 0.310576 0.032296 0.036689 1.000000 1.000000 1.000000
v 0.378253 0.008401 0.036665 1.000000 1.000000 1.000000
v 0.323010 0.005982 0.036645 1.000000 1.000000 1.000000
v 0.348101 -0.007883 0.036691 1.000000 1.000000 1.000000
v 0.304902 0.029757 0.036665 1.000000 1.000000 1.000000
v 0.383281 -0.004149 0.036694 1.000000 1.000000 1.000000
v 0.296896 0.024079 0.036651 1.000000 1.000000 1.000000
v 0.350178 -0.016115 0.036699 1.000000 1.000000 1.000000
v 0.320298 0.002636 0.036652 1.000000 1.000000 1.000000
v 0.386277 -0.015336 0.036699 1.000000 1.000000 1.000000
v 0.289732 0.015919 0.036658 1.000000 1.000000 1.000000
v 0.317737 -0.002403 0.036771 1.000000 1.000000 1.000000
v 0.284283 0.005916 0.036665 1.000000 1.000000 1.000000
v 0.352579 -0.033855 0.036699 1.000000 1.000000 1.000000
v 0.388592 -0.030764 0.036698 1.000000 1.000000 1.000000
v 0.389352 -0.056528 0.036705 1.000000 1.000000 1.000000
v 0.353070 -0.058871 0.036701 1.000000 1.000000 1.000000
v 0.388562 -0.068119 0.036697 1.000000 1.000000 1.000000
v 0.352201 -0.068464 0.036701 1.000000 1.000000 1.000000
v 0.385793 -0.082707 0.036675 1.000000 1.000000 1.000000
v 0.350467 -0.076956 0.036687 1.000000 1.000000 1.000000
v 0.380777 -0.095791 0.036662 1.000000 1.000000 1.000000
v 0.347841 -0.084271 0.036647 1.000000 1.000000 1.000000
v 0.373315 -0.107383 0.036628 1.000000 1.000000 1.000000
v 0.343963 -0.090113 0.036598 1.000000 1.000000 1.000000
v 0.362086 -0.117064 0.036613 1.000000 1.000000 1.000000
v 0.339769 -0.093126 0.036574 1.000000 1.000000 1.000000
v 0.349347 -0.122437 0.036629 1.000000 1.000000 1.000000
v 0.336072 -0.093967 0.036569 1.000000 1.000000 1.000000
v 0.337505 -0.124124 0.036638 1.000000 1.000000 1.000000
v 0.325532 -0.123066 0.036629 1.000000 1.000000 1.000000
v 0.332304 -0.093323 0.036574 1.000000 1.000000 1.000000
v 0.312315 -0.118380 0.036613 1.000000 1.000000 1.000000
v 0.327835 -0.090539 0.036598 1.000000 1.000000 1.000000
v 0.300196 -0.109315 0.036628 1.000000 1.000000 1.000000
v 0.323412 -0.084916 0.036647 1.000000 1.000000 1.000000
v 0.291652 -0.098146 0.036662 1.000000 1.000000 1.000000
v 0.320100 -0.077758 0.036687 1.000000 1.000000 1.000000
v 0.285407 -0.085360 0.036675 1.000000 1.000000 1.000000
v 0.317564 -0.069380 0.036701 1.000000 1.000000 1.000000
v 0.281261 -0.070955 0.036697 1.000000 1.000000 1.000000
v 0.315786 -0.059857 0.036701 1.000000 1.000000 1.000000
v 0.279373 -0.059434 0.036705 1.000000 1.000000 1.000000
v 0.313902 -0.034877 0.036699 1.000000 1.000000 1.000000
v 0.277686 -0.033695 0.036697 1.000000 1.000000 1.000000
v 0.278531 -0.018183 0.036699 1.000000 1.000000 1.000000
v 0.314613 -0.017055 0.036700 1.000000 1.000000 1.000000
v 0.280458 -0.006867 0.036694 1.000000 1.000000 1.000000
v 0.315903 -0.008743 0.036691 1.000000 1.000000 1.000000
v 0.317737 -0.002403 0.036771 1.000000 1.000000 1.000000
v 0.315786 -0.059857 -0.037497 1.000000 1.000000 1.000000
v 0.279374 -0.059435 -0.037502 1.000000 1.000000 1.000000
v 0.313902 -0.034877 -0.037495 1.000000 1.000000 1.000000
v 0.277686 -0.033695 -0.037495 1.000000 1.000000 1.000000
v 0.281261 -0.070955 -0.037493 1.000000 1.000000 1.000000
v 0.278532 -0.018183 -0.037495 1.000000 1.000000 1.000000
v 0.317564 -0.069380 -0.037497 1.000000 1.000000 1.000000
v 0.314614 -0.017055 -0.037495 1.000000 1.000000 1.000000
v 0.285407 -0.085360 -0.037472 1.000000 1.000000 1.000000
v 0.280458 -0.006867 -0.037490 1.000000 1.000000 1.000000
v 0.320100 -0.077758 -0.037484 1.000000 1.000000 1.000000
v 0.315902 -0.008743 -0.037488 1.000000 1.000000 1.000000
v 0.291653 -0.098147 -0.037458 1.000000 1.000000 1.000000
v 0.284283 0.005917 -0.037460 1.000000 1.000000 1.000000
v 0.323412 -0.084916 -0.037443 1.000000 1.000000 1.000000
v 0.317800 -0.002391 -0.037473 1.000000 1.000000 1.000000
v 0.300196 -0.109315 -0.037424 1.000000 1.000000 1.000000
v 0.289731 0.015922 -0.037451 1.000000 1.000000 1.000000
v 0.327836 -0.090539 -0.037394 1.000000 1.000000 1.000000
v 0.320297 0.002641 -0.037454 1.000000 1.000000 1.000000
v 0.312316 -0.118380 -0.037409 1.000000 1.000000 1.000000
v 0.296895 0.024081 -0.037443 1.000000 1.000000 1.000000
v 0.332304 -0.093323 -0.037370 1.000000 1.000000 1.000000
v 0.323009 0.005984 -0.037445 1.000000 1.000000 1.000000
v 0.325533 -0.123066 -0.037425 1.000000 1.000000 1.000000
v 0.304900 0.029759 -0.037456 1.000000 1.000000 1.000000
v 0.336072 -0.093967 -0.037365 1.000000 1.000000 1.000000
v 0.310573 0.032298 -0.037481 1.000000 1.000000 1.000000
v 0.337505 -0.124124 -0.037434 1.000000 1.000000 1.000000
v 0.324826 0.007382 -0.037460 1.000000 1.000000 1.000000
v 0.349347 -0.122437 -0.037425 1.000000 1.000000 1.000000
v 0.318109 0.034667 -0.037454 1.000000 1.000000 1.000000
v 0.339770 -0.093126 -0.037370 1.000000 1.000000 1.000000
v 0.327210 0.008643 -0.037422 1.000000 1.000000 1.000000
v 0.362086 -0.117064 -0.037409 1.000000 1.000000 1.000000
v 0.329900 0.035919 -0.037466 1.000000 1.000000 1.000000
v 0.343963 -0.090113 -0.037394 1.000000 1.000000 1.000000
v 0.331162 0.009365 -0.037575 1.000000 1.000000 1.000000
v 0.373315 -0.107383 -0.037424 1.000000 1.000000 1.000000
v 0.335172 0.008852 -0.037419 1.000000 1.000000 1.000000
v 0.347841 -0.084271 -0.037443 1.000000 1.000000 1.000000
v 0.341782 0.035292 -0.037456 1.000000 1.000000 1.000000
v 0.380777 -0.095791 -0.037458 1.000000 1.000000 1.000000
v 0.337671 0.007720 -0.037457 1.000000 1.000000 1.000000
v 0.350467 -0.076956 -0.037484 1.000000 1.000000 1.000000
v 0.349523 0.033327 -0.037483 1.000000 1.000000 1.000000
v 0.385794 -0.082707 -0.037471 1.000000 1.000000 1.000000
v 0.339616 0.006422 -0.037442 1.000000 1.000000 1.000000
v 0.352201 -0.068464 -0.037497 1.000000 1.000000 1.000000
v 0.355424 0.031093 -0.037459 1.000000 1.000000 1.000000
v 0.388562 -0.068119 -0.037492 1.000000 1.000000 1.000000
v 0.363948 0.025853 -0.037446 1.000000 1.000000 1.000000
v 0.353071 -0.058872 -0.037498 1.000000 1.000000 1.000000
v 0.342645 0.003220 -0.037449 1.000000 1.000000 1.000000
v 0.389352 -0.056528 -0.037500 1.000000 1.000000 1.000000
v 0.371868 0.018092 -0.037454 1.000000 1.000000 1.000000
v 0.352580 -0.033855 -0.037495 1.000000 1.000000 1.000000
v 0.345610 -0.001660 -0.037474 1.000000 1.000000 1.000000
v 0.388593 -0.030764 -0.037494 1.000000 1.000000 1.000000
v 0.378252 0.008400 -0.037461 1.000000 1.000000 1.000000
v 0.386277 -0.015336 -0.037495 1.000000 1.000000 1.000000
v 0.346301 -0.003378 -0.037492 1.000000 1.000000 1.000000
v 0.350178 -0.016115 -0.037496 1.000000 1.000000 1.000000
v 0.348101 -0.007882 -0.037488 1.000000 1.000000 1.000000
v 0.383281 -0.004149 -0.037490 1.000000 1.000000 1.000000
v 0.054880 -0.058428 0.050471 1.000000 1.000000 1.000000
v 0.070084 -0.038463 -0.051168 1.000000 1.000000 1.000000
v 0.070084 -0.038463 0.050545 1.000000 1.000000 1.000000
v 0.054880 -0.058428 -0.051094 1.000000 1.000000 1.000000
v 0.032646 -0.074895 -0.051069 1.000000 1.000000 1.000000
v 0.032646 -0.074895 0.050445 1.000000 1.000000 1.000000
v 0.007946 -0.083713 0.050491 1.000000 1.000000 1.000000
v 0.007946 -0.083713 -0.051114 1.000000 1.000000 1.000000
v 0.032646 -0.074895 0.050445 1.000000 1.000000 1.000000
v 0.114515 0.144173 0.060543 1.000000 1.000000 1.000000
v 0.114516 0.144172 -0.060974 1.000000 1.000000 1.000000
v 0.108122 0.102391 0.060554 1.000000 1.000000 1.000000
v 0.108123 0.102390 -0.060986 1.000000 1.000000 1.000000
v 0.108123 0.102390 -0.060986 1.000000 1.000000 1.000000
v 0.107318 0.083283 -0.060973 1.000000 1.000000 1.000000
v 0.107317 0.083284 0.060542 1.000000 1.000000 1.000000
v 0.109554 0.058748 0.060506 1.000000 1.000000 1.000000
v 0.109554 0.058748 -0.060938 1.000000 1.000000 1.000000
v 0.107317 0.083284 0.060542 1.000000 1.000000 1.000000
v 0.191801 0.029136 0.060341 1.000000 1.000000 1.000000
v 0.184707 0.035196 -0.060809 1.000000 1.000000 1.000000
v 0.184707 0.035197 0.060380 1.000000 1.000000 1.000000
v 0.191802 0.029135 -0.060772 1.000000 1.000000 1.000000
v 0.275461 0.262797 0.020896 1.000000 1.000000 1.000000
v 0.283998 0.212277 0.020896 1.000000 1.000000 1.000000
v 0.283998 0.254261 0.020896 1.000000 1.000000 1.000000
v 0.219981 0.212277 0.020896 1.000000 1.000000 1.000000
v 0.219981 0.262797 0.020896 1.000000 1.000000 1.000000
v 0.177303 0.262797 0.020896 1.000000 1.000000 1.000000
v 0.177303 0.212277 0.020896 1.000000 1.000000 1.000000
v 0.203976 0.284136 0.020896 1.000000 1.000000 1.000000
v 0.182638 0.284136 0.020896 1.000000 1.000000 1.000000
v 0.219981 0.262797 0.020896 1.000000 1.000000 1.000000
v 0.275461 0.262797 -0.021782 1.000000 1.000000 1.000000
v 0.283998 0.212277 -0.021782 1.000000 1.000000 1.000000
v 0.219981 0.212277 -0.021782 1.000000 1.000000 1.000000
v 0.283998 0.254261 -0.021782 1.000000 1.000000 1.000000
v 0.219981 0.262797 -0.021782 1.000000 1.000000 1.000000
v 0.177303 0.212277 -0.021782 1.000000 1.000000 1.000000
v 0.177303 0.262797 -0.021782 1.000000 1.000000 1.000000
v 0.203976 0.284136 -0.021782 1.000000 1.000000 1.000000
v 0.182638 0.284136 -0.021782 1.000000 1.000000 1.000000
v 0.219981 0.262797 -0.021782 1.000000 1.000000 1.000000
v 0.167276 -0.174440 0.051329 1.000000 1.000000 1.000000
v 0.166440 -0.160989 -0.051900 1.000000 1.000000 1.000000
v 0.166440 -0.160988 0.051329 1.000000 1.000000 1.000000
v 0.167276 -0.174440 -0.051900 1.000000 1.000000 1.000000
v 0.208153 -0.071395 0.051277 1.000000 1.000000 1.000000
v 0.210616 -0.073518 -0.051824 1.000000 1.000000 1.000000
v 0.210618 -0.073517 0.051257 1.000000 1.000000 1.000000
v 0.208149 -0.071396 -0.051845 1.000000 1.000000 1.000000
v 0.214255 -0.078455 0.051265 1.000000 1.000000 1.000000
v 0.210618 -0.073517 0.051257 1.000000 1.000000 1.000000
v 0.214253 -0.078456 -0.051833 1.000000 1.000000 1.000000
v 0.116198 0.036047 0.060484 1.000000 1.000000 1.000000
v 0.109554 0.058748 -0.060938 1.000000 1.000000 1.000000
v 0.116198 0.036046 -0.060915 1.000000 1.000000 1.000000
v 0.109554 0.058748 0.060506 1.000000 1.000000 1.000000
v 0.127611 0.015106 -0.060860 1.000000 1.000000 1.000000
v 0.127610 0.015107 0.060430 1.000000 1.000000 1.000000
v 0.146290 -0.003755 0.060404 1.000000 1.000000 1.000000
v 0.146292 -0.003755 -0.060835 1.000000 1.000000 1.000000
v 0.146292 -0.003755 -0.060835 1.000000 1.000000 1.000000
v 0.168573 -0.016008 -0.060861 1.000000 1.000000 1.000000
v 0.168572 -0.016007 0.060431 1.000000 1.000000 1.000000
v 0.189927 -0.022007 0.060446 1.000000 1.000000 1.000000
v 0.189929 -0.022008 -0.060877 1.000000 1.000000 1.000000
v 0.455794 0.119122 0.063146 1.000000 1.000000 1.000000
v 0.462370 0.121107 -0.063805 1.000000 1.000000 1.000000
v 0.462376 0.121106 0.063416 1.000000 1.000000 1.000000
v 0.455789 0.119125 -0.063541 1.000000 1.000000 1.000000
v -0.616372 0.222059 -0.014884 1.000000 1.000000 1.000000
v -0.616372 0.302195 -0.014884 1.000000 1.000000 1.000000
v -0.583478 0.222059 -0.014884 1.000000 1.000000 1.000000
v -0.583478 0.302195 -0.014884 1.000000 1.000000 1.000000
v -0.616372 0.302195 0.013998 1.000000 1.000000 1.000000
v -0.616372 0.222059 0.013998 1.000000 1.000000 1.000000
v -0.583478 0.302195 0.013998 1.000000 1.000000 1.000000
v -0.583478 0.222059 0.013998 1.000000 1.000000 1.000000
v 0.244895 0.254418 -0.014884 1.000000 1.000000 1.000000
v 0.244895 0.301658 -0.014884 1.000000 1.000000 1.000000
v 0.272057 0.254418 -0.014884 1.000000 1.000000 1.000000
v 0.272057 0.301658 -0.014884 1.000000 1.000000 1.000000
v 0.244895 0.301658 0.013998 1.000000 1.000000 1.000000
v 0.244895 0.254418 0.013998 1.000000 1.000000 1.000000
v 0.272057 0.301658 0.013998 1.000000 1.000000 1.000000
v 0.272057 0.254418 0.013998 1.000000 1.000000 1.000000
v -0.227879 0.171742 0.059473 1.000000 1.000000 1.000000
v -0.222179 0.169452 -0.059667 1.000000 1.000000 1.000000
v -0.222175 0.169452 0.059227 1.000000 1.000000 1.000000
v -0.227884 0.171745 -0.059919 1.000000 1.000000 1.000000
v -0.121168 -0.158384 0.041476 1.000000 1.000000 1.000000
v -0.109750 -0.147362 -0.042211 1.000000 1.000000 1.000000
v -0.109751 -0.147362 0.041494 1.000000 1.000000 1.000000
v -0.121167 -0.158383 -0.042193 1.000000 1.000000 1.000000
v -0.134456 -0.164892 -0.042212 1.000000 1.000000 1.000000
v -0.134457 -0.164892 0.041495 1.000000 1.000000 1.000000
v -0.121167 -0.158383 -0.042193 1.000000 1.000000 1.000000
v 0.198407 0.026748 0.060333 1.000000 1.000000 1.000000
v 0.191802 0.029135 -0.060772 1.000000 1.000000 1.000000
v 0.191801 0.029136 0.060341 1.000000 1.000000 1.000000
v 0.198408 0.026748 -0.060764 1.000000 1.000000 1.000000
v 0.187698 0.157504 -0.060976 1.000000 1.000000 1.000000
v 0.187697 0.157504 0.060547 1.000000 1.000000 1.000000
v 0.179856 0.129251 0.060546 1.000000 1.000000 1.000000
v 0.179857 0.129250 -0.060975 1.000000 1.000000 1.000000
v 0.193093 0.170337 0.060533 1.000000 1.000000 1.000000
v 0.187697 0.157504 0.060547 1.000000 1.000000 1.000000
v 0.193091 0.170336 -0.060964 1.000000 1.000000 1.000000
v 0.198873 0.179815 -0.060940 1.000000 1.000000 1.000000
v 0.193093 0.170337 0.060533 1.000000 1.000000 1.000000
v 0.198753 0.179818 0.060664 1.000000 1.000000 1.000000
v 0.331165 0.009364 0.036778 1.000000 1.000000 1.000000
v 0.335172 0.008852 -0.037419 1.000000 1.000000 1.000000
v 0.335175 0.008853 0.036625 1.000000 1.000000 1.000000
v 0.331162 0.009365 -0.037575 1.000000 1.000000 1.000000
v -1.051894 0.051202 -0.030607 1.000000 1.000000 1.000000
v -0.943003 0.081367 -0.043102 1.000000 1.000000 1.000000
v -0.943003 0.051202 -0.030607 1.000000 1.000000 1.000000
v -1.051894 0.081367 -0.043102 1.000000 1.000000 1.000000
v -1.051894 0.038707 -0.000443 1.000000 1.000000 1.000000
v -0.943003 0.111532 -0.030607 1.000000 1.000000 1.000000
v -0.943003 0.038707 -0.000443 1.000000 1.000000 1.000000
v -1.051894 0.111532 -0.030607 1.000000 1.000000 1.000000
v -1.051894 0.051202 0.029722 1.000000 1.000000 1.000000
v -0.943003 0.124026 -0.000443 1.000000 1.000000 1.000000
v -0.943003 0.051202 0.029722 1.000000 1.000000 1.000000
v -1.051894 0.124026 -0.000443 1.000000 1.000000 1.000000
v -1.051894 0.081367 0.042216 1.000000 1.000000 1.000000
v -0.943003 0.111532 0.029722 1.000000 1.000000 1.000000
v -0.943003 0.081367 0.042216 1.000000 1.000000 1.000000
v -1.051894 0.111532 0.029722 1.000000 1.000000 1.000000
v 0.118278 -0.118385 0.051324 1.000000 1.000000 1.000000
v 0.118279 -0.118385 -0.051897 1.000000 1.000000 1.000000
v 0.116232 -0.154214 0.051334 1.000000 1.000000 1.000000
v 0.116233 -0.154214 -0.051907 1.000000 1.000000 1.000000
v 0.122083 -0.097110 0.051326 1.000000 1.000000 1.000000
v 0.122084 -0.097110 -0.051898 1.000000 1.000000 1.000000
v 0.118278 -0.118385 0.051324 1.000000 1.000000 1.000000
v -0.616372 0.333700 0.036900 1.000000 1.000000 1.000000
v -0.616372 0.307294 0.025963 1.000000 1.000000 1.000000
v -0.583478 0.333700 0.036900 1.000000 1.000000 1.000000
v -0.583478 0.307294 0.025963 1.000000 1.000000 1.000000
v -0.616372 0.296357 -0.000443 1.000000 1.000000 1.000000
v -0.583478 0.296357 -0.000443 1.000000 1.000000 1.000000
v -0.616372 0.307294 -0.026849 1.000000 1.000000 1.000000
v -0.583478 0.307294 -0.026849 1.000000 1.000000 1.000000
v -0.616372 0.333700 -0.037786 1.000000 1.000000 1.000000
v -0.583478 0.333700 -0.037786 1.000000 1.000000 1.000000
v -0.616372 0.360105 -0.026849 1.000000 1.000000 1.000000
v -0.583478 0.360105 -0.026849 1.000000 1.000000 1.000000
v -0.616372 0.371043 -0.000443 1.000000 1.000000 1.000000
v -0.583478 0.371043 -0.000443 1.000000 1.000000 1.000000
v -0.616372 0.360105 0.025963 1.000000 1.000000 1.000000
v -0.583478 0.360105 0.025963 1.000000 1.000000 1.000000
v -0.616372 0.333700 0.036900 1.000000 1.000000 1.000000
v -0.583478 0.333700 0.036900 1.000000 1.000000 1.000000
v 0.169353 -0.186441 0.051310 1.000000 1.000000 1.000000
v 0.167276 -0.174440 -0.051900 1.000000 1.000000 1.000000
v 0.167276 -0.174440 0.051329 1.000000 1.000000 1.000000
v 0.169354 -0.186441 -0.051882 1.000000 1.000000 1.000000
v -0.210664 -0.016189 0.059233 1.000000 1.000000 1.000000
v -0.230898 -0.026124 -0.059651 1.000000 1.000000 1.000000
v -0.210663 -0.016189 -0.059676 1.000000 1.000000 1.000000
v -0.230899 -0.026124 0.059207 1.000000 1.000000 1.000000
v -0.251702 -0.029141 0.059233 1.000000 1.000000 1.000000
v -0.251701 -0.029141 -0.059677 1.000000 1.000000 1.000000
v -0.230899 -0.026124 0.059207 1.000000 1.000000 1.000000
v -0.269771 -0.027080 -0.059692 1.000000 1.000000 1.000000
v -0.251701 -0.029141 -0.059677 1.000000 1.000000 1.000000
v -0.269771 -0.027079 0.059248 1.000000 1.000000 1.000000
v -0.004008 0.139303 0.050575 1.000000 1.000000 1.000000
v -0.004008 0.139303 -0.051199 1.000000 1.000000 1.000000
v -0.000962 0.137258 0.050516 1.000000 1.000000 1.000000
v -0.000961 0.137258 -0.051140 1.000000 1.000000 1.000000
v 0.332304 -0.093323 0.036574 1.000000 1.000000 1.000000
v 0.327836 -0.090539 -0.037394 1.000000 1.000000 1.000000
v 0.327835 -0.090539 0.036598 1.000000 1.000000 1.000000
v 0.332304 -0.093323 -0.037370 1.000000 1.000000 1.000000
v -0.166000 -0.026155 0.041487 1.000000 1.000000 1.000000
v -0.161824 -0.025144 -0.042381 1.000000 1.000000 1.000000
v -0.161820 -0.025144 0.041663 1.000000 1.000000 1.000000
v -0.166002 -0.026153 -0.042207 1.000000 1.000000 1.000000
v 0.659920 0.125922 0.050888 1.000000 1.000000 1.000000
v 0.670465 0.127892 -0.051493 1.000000 1.000000 1.000000
v 0.659917 0.125926 -0.051460 1.000000 1.000000 1.000000
v 0.670468 0.127888 0.050922 1.000000 1.000000 1.000000
v 0.205431 0.026764 0.060341 1.000000 1.000000 1.000000
v 0.198408 0.026748 -0.060764 1.000000 1.000000 1.000000
v 0.198407 0.026748 0.060333 1.000000 1.000000 1.000000
v 0.205432 0.026764 -0.060772 1.000000 1.000000 1.000000
v -0.152033 0.003203 0.041526 1.000000 1.000000 1.000000
v -0.164770 0.003157 -0.042257 1.000000 1.000000 1.000000
v -0.164767 0.003157 0.041541 1.000000 1.000000 1.000000
v -0.152036 0.003201 -0.042246 1.000000 1.000000 1.000000
v -0.177295 0.001109 -0.042244 1.000000 1.000000 1.000000
v -0.177292 0.001107 0.041530 1.000000 1.000000 1.000000
v -0.143646 0.001567 -0.042278 1.000000 1.000000 1.000000
v -0.143643 0.001569 0.041558 1.000000 1.000000 1.000000
v -0.152036 0.003201 -0.042246 1.000000 1.000000 1.000000
v -0.185202 -0.001878 0.041562 1.000000 1.000000 1.000000
v -0.185205 -0.001876 -0.042275 1.000000 1.000000 1.000000
v -0.177292 0.001107 0.041530 1.000000 1.000000 1.000000
v 0.074673 0.142021 0.050543 1.000000 1.000000 1.000000
v 0.063405 0.159325 -0.051154 1.000000 1.000000 1.000000
v 0.063405 0.159325 0.050530 1.000000 1.000000 1.000000
v 0.074673 0.142021 -0.051167 1.000000 1.000000 1.000000
v 0.083010 0.119948 -0.051245 1.000000 1.000000 1.000000
v 0.083010 0.119948 0.050621 1.000000 1.000000 1.000000
v 0.087644 0.100406 0.050629 1.000000 1.000000 1.000000
v 0.087644 0.100406 -0.051252 1.000000 1.000000 1.000000
v 0.218517 -0.034022 0.051268 1.000000 1.000000 1.000000
v 0.202214 -0.031137 -0.051857 1.000000 1.000000 1.000000
v 0.202218 -0.031138 0.051285 1.000000 1.000000 1.000000
v 0.218514 -0.034022 -0.051843 1.000000 1.000000 1.000000
v 0.185719 -0.030860 -0.051840 1.000000 1.000000 1.000000
v 0.185723 -0.030863 0.051273 1.000000 1.000000 1.000000
v 0.228869 -0.038053 -0.051881 1.000000 1.000000 1.000000
v 0.228873 -0.038052 0.051306 1.000000 1.000000 1.000000
v 0.218514 -0.034022 -0.051843 1.000000 1.000000 1.000000
v 0.236640 -0.042139 0.051273 1.000000 1.000000 1.000000
v 0.228873 -0.038052 0.051306 1.000000 1.000000 1.000000
v 0.236637 -0.042140 -0.051848 1.000000 1.000000 1.000000
v 0.247517 -0.050826 -0.051830 1.000000 1.000000 1.000000
v 0.247520 -0.050825 0.051254 1.000000 1.000000 1.000000
v 0.257137 -0.062887 0.051264 1.000000 1.000000 1.000000
v 0.247520 -0.050825 0.051254 1.000000 1.000000 1.000000
v 0.257134 -0.062889 -0.051840 1.000000 1.000000 1.000000
v 0.264302 -0.077357 -0.051851 1.000000 1.000000 1.000000
v 0.264303 -0.077356 0.051277 1.000000 1.000000 1.000000
v 0.070084 -0.038463 0.050545 1.000000 1.000000 1.000000
v 0.080734 -0.015889 -0.051194 1.000000 1.000000 1.000000
v 0.080734 -0.015889 0.050570 1.000000 1.000000 1.000000
v 0.070084 -0.038463 -0.051168 1.000000 1.000000 1.000000
v 0.177303 0.262797 -0.021782 1.000000 1.000000 1.000000
v 0.177303 0.212277 0.020896 1.000000 1.000000 1.000000
v 0.177303 0.262797 0.020896 1.000000 1.000000 1.000000
v 0.177303 0.212277 -0.021782 1.000000 1.000000 1.000000
v 0.182638 0.284136 0.020896 1.000000 1.000000 1.000000
v 0.182638 0.284136 -0.021782 1.000000 1.000000 1.000000
v -0.629276 0.102913 -0.021989 1.000000 1.000000 1.000000
v -0.943003 0.102913 -0.021989 1.000000 1.000000 1.000000
v -0.629276 0.111838 -0.000443 1.000000 1.000000 1.000000
v -0.943003 0.111838 -0.000443 1.000000 1.000000 1.000000
v -0.943003 0.081367 -0.030914 1.000000 1.000000 1.000000
v -0.629276 0.102913 0.021104 1.000000 1.000000 1.000000
v -0.629276 0.081367 -0.030914 1.000000 1.000000 1.000000
v -0.943003 0.102913 0.021104 1.000000 1.000000 1.000000
v -0.943003 0.059820 -0.021989 1.000000 1.000000 1.000000
v -0.629276 0.081367 0.030028 1.000000 1.000000 1.000000
v -0.629276 0.059820 -0.021989 1.000000 1.000000 1.000000
v -0.943003 0.081367 0.030028 1.000000 1.000000 1.000000
v -0.629276 0.050895 -0.000443 1.000000 1.000000 1.000000
v -0.629276 0.059820 0.021104 1.000000 1.000000 1.000000
v -0.943003 0.050895 -0.000443 1.000000 1.000000 1.000000
v -0.943003 0.059820 0.021104 1.000000 1.000000 1.000000
v -0.254545 0.017657 0.059145 1.000000 1.000000 1.000000
v -0.260307 0.017837 -0.059583 1.000000 1.000000 1.000000
v -0.260308 0.017838 0.059138 1.000000 1.000000 1.000000
v -0.254544 0.017657 -0.059590 1.000000 1.000000 1.000000
v 0.126668 -0.081811 0.051319 1.000000 1.000000 1.000000
v 0.134123 -0.064808 -0.051849 1.000000 1.000000 1.000000
v 0.126668 -0.081811 -0.051892 1.000000 1.000000 1.000000
v 0.134123 -0.064811 0.051280 1.000000 1.000000 1.000000
v 0.122084 -0.097110 -0.051898 1.000000 1.000000 1.000000
v 0.122083 -0.097110 0.051326 1.000000 1.000000 1.000000
v 0.925187 -0.124939 0.088371 1.000000 1.000000 1.000000
v 0.916171 -0.123465 -0.088380 1.000000 1.000000 1.000000
v 0.916169 -0.123464 0.088381 1.000000 1.000000 1.000000
v 0.925189 -0.124939 -0.088369 1.000000 1.000000 1.000000
v -0.008090 0.141076 -0.051057 1.000000 1.000000 1.000000
v -0.004008 0.139303 0.050575 1.000000 1.000000 1.000000
v -0.008090 0.141076 0.050434 1.000000 1.000000 1.000000
v -0.004008 0.139303 -0.051199 1.000000 1.000000 1.000000
v 0.214155 0.030075 0.060380 1.000000 1.000000 1.000000
v 0.205432 0.026764 -0.060772 1.000000 1.000000 1.000000
v 0.205431 0.026764 0.060341 1.000000 1.000000 1.000000
v 0.214156 0.030075 -0.060810 1.000000 1.000000 1.000000
v 0.217516 -0.085694 0.051296 1.000000 1.000000 1.000000
v 0.214253 -0.078456 -0.051833 1.000000 1.000000 1.000000
v 0.217518 -0.085698 -0.051868 1.000000 1.000000 1.000000
v 0.214255 -0.078455 0.051265 1.000000 1.000000 1.000000
v 0.218179 -0.088189 -0.051895 1.000000 1.000000 1.000000
v 0.219899 -0.094714 0.051315 1.000000 1.000000 1.000000
v 0.219900 -0.094714 -0.051888 1.000000 1.000000 1.000000
v -0.008718 -0.028287 0.050366 1.000000 1.000000 1.000000
v -0.014694 -0.029386 -0.050988 1.000000 1.000000 1.000000
v -0.014694 -0.029386 0.050364 1.000000 1.000000 1.000000
v -0.008717 -0.028287 -0.050990 1.000000 1.000000 1.000000
v 0.089737 0.029329 0.050645 1.000000 1.000000 1.000000
v 0.087226 0.009285 -0.051248 1.000000 1.000000 1.000000
v 0.089737 0.029329 -0.051268 1.000000 1.000000 1.000000
v 0.087226 0.009285 0.050624 1.000000 1.000000 1.000000
v 0.080734 -0.015889 0.050570 1.000000 1.000000 1.000000
v 0.080734 -0.015889 -0.051194 1.000000 1.000000 1.000000
v 0.089737 0.029329 0.050645 1.000000 1.000000 1.000000
v 0.089737 0.029329 -0.051268 1.000000 1.000000 1.000000
v 0.090611 0.073645 0.050623 1.000000 1.000000 1.000000
v 0.090611 0.073645 -0.051247 1.000000 1.000000 1.000000
v 0.087644 0.100406 -0.051252 1.000000 1.000000 1.000000
v 0.090611 0.073645 -0.051247 1.000000 1.000000 1.000000
v 0.087644 0.100406 0.050629 1.000000 1.000000 1.000000
v 0.413829 0.150770 0.063220 1.000000 1.000000 1.000000
v 0.422988 0.156173 -0.063643 1.000000 1.000000 1.000000
v 0.413825 0.150773 -0.063602 1.000000 1.000000 1.000000
v 0.422992 0.156171 0.063261 1.000000 1.000000 1.000000
v 0.335175 0.008853 0.036625 1.000000 1.000000 1.000000
v 0.337671 0.007720 -0.037457 1.000000 1.000000 1.000000
v 0.337673 0.007721 0.036664 1.000000 1.000000 1.000000
v 0.335172 0.008852 -0.037419 1.000000 1.000000 1.000000
v 0.214156 0.030075 -0.060810 1.000000 1.000000 1.000000
v 0.214155 0.030075 0.060380 1.000000 1.000000 1.000000
v 0.223345 0.038025 0.060461 1.000000 1.000000 1.000000
v 0.223346 0.038025 -0.060892 1.000000 1.000000 1.000000
v 0.134123 -0.064811 0.051280 1.000000 1.000000 1.000000
v 0.143346 -0.051920 -0.051836 1.000000 1.000000 1.000000
v 0.134123 -0.064808 -0.051849 1.000000 1.000000 1.000000
v 0.143347 -0.051923 0.051270 1.000000 1.000000 1.000000
v 0.632731 -0.138854 0.050839 1.000000 1.000000 1.000000
v 0.612451 -0.125645 -0.051394 1.000000 1.000000 1.000000
v 0.632732 -0.138854 -0.051417 1.000000 1.000000 1.000000
v 0.612449 -0.125645 0.050816 1.000000 1.000000 1.000000
v 0.652394 -0.145472 -0.051429 1.000000 1.000000 1.000000
v 0.652392 -0.145471 0.050852 1.000000 1.000000 1.000000
v 0.490435 -0.053656 0.063058 1.000000 1.000000 1.000000
v 0.483906 -0.053280 -0.063454 1.000000 1.000000 1.000000
v 0.483905 -0.053280 0.063066 1.000000 1.000000 1.000000
v 0.490436 -0.053656 -0.063446 1.000000 1.000000 1.000000
v 0.349632 -0.371043 0.047480 1.000000 1.000000 1.000000
v 0.275851 -0.151820 0.047480 1.000000 1.000000 1.000000
v 0.275851 -0.151820 -0.048367 1.000000 1.000000 1.000000
v 0.349632 -0.371043 -0.048367 1.000000 1.000000 1.000000
v 0.143347 -0.051923 0.051270 1.000000 1.000000 1.000000
v 0.154625 -0.041871 -0.051826 1.000000 1.000000 1.000000
v 0.143346 -0.051920 -0.051836 1.000000 1.000000 1.000000
v 0.154627 -0.041874 0.051260 1.000000 1.000000 1.000000
v 0.688816 0.081467 0.050828 1.000000 1.000000 1.000000
v 0.695735 0.081084 -0.051623 1.000000 1.000000 1.000000
v 0.695741 0.081082 0.051045 1.000000 1.000000 1.000000
v 0.688814 0.081470 -0.051411 1.000000 1.000000 1.000000
v 0.230801 0.048781 0.060527 1.000000 1.000000 1.000000
v 0.237072 0.061741 -0.060979 1.000000 1.000000 1.000000
v 0.230801 0.048781 -0.060958 1.000000 1.000000 1.000000
v 0.237071 0.061741 0.060548 1.000000 1.000000 1.000000
v 0.223346 0.038025 -0.060892 1.000000 1.000000 1.000000
v 0.223345 0.038025 0.060461 1.000000 1.000000 1.000000
v 0.174914 -0.032853 0.051312 1.000000 1.000000 1.000000
v 0.185719 -0.030860 -0.051840 1.000000 1.000000 1.000000
v 0.174911 -0.032850 -0.051878 1.000000 1.000000 1.000000
v 0.185723 -0.030863 0.051273 1.000000 1.000000 1.000000
v 0.219899 -0.094714 0.051315 1.000000 1.000000 1.000000
v 0.221368 -0.106435 -0.051899 1.000000 1.000000 1.000000
v 0.221368 -0.106435 0.051326 1.000000 1.000000 1.000000
v 0.219900 -0.094714 -0.051888 1.000000 1.000000 1.000000
v 0.221666 -0.131339 0.051326 1.000000 1.000000 1.000000
v 0.221368 -0.106435 0.051326 1.000000 1.000000 1.000000
v 0.221667 -0.131339 -0.051899 1.000000 1.000000 1.000000
v 0.341784 0.035293 0.036657 1.000000 1.000000 1.000000
v 0.329900 0.035919 -0.037466 1.000000 1.000000 1.000000
v 0.329903 0.035919 0.036670 1.000000 1.000000 1.000000
v 0.341782 0.035292 -0.037456 1.000000 1.000000 1.000000
v 0.318109 0.034667 -0.037454 1.000000 1.000000 1.000000
v 0.318111 0.034666 0.036661 1.000000 1.000000 1.000000
v 0.349523 0.033327 -0.037483 1.000000 1.000000 1.000000
v 0.349525 0.033328 0.036684 1.000000 1.000000 1.000000
v 0.341782 0.035292 -0.037456 1.000000 1.000000 1.000000
v 0.310576 0.032296 0.036689 1.000000 1.000000 1.000000
v 0.310573 0.032298 -0.037481 1.000000 1.000000 1.000000
v 0.318111 0.034666 0.036661 1.000000 1.000000 1.000000
v 0.310573 0.032298 -0.037481 1.000000 1.000000 1.000000
v 0.304900 0.029759 -0.037456 1.000000 1.000000 1.000000
v 0.304902 0.029757 0.036665 1.000000 1.000000 1.000000
v 0.296896 0.024079 0.036651 1.000000 1.000000 1.000000
v 0.296895 0.024081 -0.037443 1.000000 1.000000 1.000000
v 0.296895 0.024081 -0.037443 1.000000 1.000000 1.000000
v 0.289731 0.015922 -0.037451 1.000000 1.000000 1.000000
v 0.289732 0.015919 0.036658 1.000000 1.000000 1.000000
v 0.284283 0.005916 0.036665 1.000000 1.000000 1.000000
v 0.284283 0.005917 -0.037460 1.000000 1.000000 1.000000
v 0.166648 -0.035395 0.051278 1.000000 1.000000 1.000000
v 0.174911 -0.032850 -0.051878 1.000000 1.000000 1.000000
v 0.166645 -0.035393 -0.051844 1.000000 1.000000 1.000000
v 0.174914 -0.032853 0.051312 1.000000 1.000000 1.000000
v 0.154627 -0.041874 0.051260 1.000000 1.000000 1.000000
v 0.166645 -0.035393 -0.051844 1.000000 1.000000 1.000000
v 0.154625 -0.041871 -0.051826 1.000000 1.000000 1.000000
v 0.166648 -0.035395 0.051278 1.000000 1.000000 1.000000
v 0.277686 -0.033695 0.036697 1.000000 1.000000 1.000000
v 0.279374 -0.059435 -0.037502 1.000000 1.000000 1.000000
v 0.279373 -0.059434 0.036705 1.000000 1.000000 1.000000
v 0.277686 -0.033695 -0.037495 1.000000 1.000000 1.000000
v 0.278532 -0.018183 -0.037495 1.000000 1.000000 1.000000
v 0.278531 -0.018183 0.036699 1.000000 1.000000 1.000000
v 0.277686 -0.033695 -0.037495 1.000000 1.000000 1.000000
v 0.281261 -0.070955 0.036697 1.000000 1.000000 1.000000
v 0.279373 -0.059434 0.036705 1.000000 1.000000 1.000000
v 0.281261 -0.070955 -0.037493 1.000000 1.000000 1.000000
v 0.285407 -0.085360 -0.037472 1.000000 1.000000 1.000000
v 0.285407 -0.085360 0.036675 1.000000 1.000000 1.000000
v 0.291652 -0.098146 0.036662 1.000000 1.000000 1.000000
v 0.291653 -0.098147 -0.037458 1.000000 1.000000 1.000000
v 0.300196 -0.109315 -0.037424 1.000000 1.000000 1.000000
v 0.300196 -0.109315 0.036628 1.000000 1.000000 1.000000
v 0.312315 -0.118380 0.036613 1.000000 1.000000 1.000000
v 0.312316 -0.118380 -0.037409 1.000000 1.000000 1.000000
v 0.312316 -0.118380 -0.037409 1.000000 1.000000 1.000000
v 0.325533 -0.123066 -0.037425 1.000000 1.000000 1.000000
v 0.325532 -0.123066 0.036629 1.000000 1.000000 1.000000
v 0.337505 -0.124124 0.036638 1.000000 1.000000 1.000000
v 0.337505 -0.124124 -0.037434 1.000000 1.000000 1.000000
v 0.215226 0.192916 0.060481 1.000000 1.000000 1.000000
v 0.220017 0.194078 -0.060855 1.000000 1.000000 1.000000
v 0.220021 0.194075 0.060418 1.000000 1.000000 1.000000
v 0.215224 0.192920 -0.060918 1.000000 1.000000 1.000000
v 0.211410 0.191339 -0.060894 1.000000 1.000000 1.000000
v 0.215224 0.192920 -0.060918 1.000000 1.000000 1.000000
v 0.211412 0.191334 0.060457 1.000000 1.000000 1.000000
v 0.205256 0.186957 0.060468 1.000000 1.000000 1.000000
v 0.211412 0.191334 0.060457 1.000000 1.000000 1.000000
v 0.205256 0.186965 -0.060908 1.000000 1.000000 1.000000
v 0.198873 0.179815 -0.060940 1.000000 1.000000 1.000000
v 0.198753 0.179818 0.060664 1.000000 1.000000 1.000000
v 0.462376 0.121106 0.063416 1.000000 1.000000 1.000000
v 0.469288 0.121001 -0.063537 1.000000 1.000000 1.000000
v 0.469292 0.121003 0.063154 1.000000 1.000000 1.000000
v 0.462370 0.121107 -0.063805 1.000000 1.000000 1.000000
v 0.237071 0.061741 0.060548 1.000000 1.000000 1.000000
v 0.242176 0.076773 -0.060980 1.000000 1.000000 1.000000
v 0.237072 0.061741 -0.060979 1.000000 1.000000 1.000000
v 0.242175 0.076773 0.060549 1.000000 1.000000 1.000000
v 0.172710 -0.196887 0.051255 1.000000 1.000000 1.000000
v 0.169354 -0.186441 -0.051882 1.000000 1.000000 1.000000
v 0.169353 -0.186441 0.051310 1.000000 1.000000 1.000000
v 0.172711 -0.196888 -0.051826 1.000000 1.000000 1.000000
v 0.177862 -0.205404 -0.051756 1.000000 1.000000 1.000000
v 0.177861 -0.205404 0.051185 1.000000 1.000000 1.000000
v 0.183559 -0.210008 0.051153 1.000000 1.000000 1.000000
v 0.183560 -0.210008 -0.051724 1.000000 1.000000 1.000000
v -0.146456 -0.134147 0.041433 1.000000 1.000000 1.000000
v -0.150356 -0.135268 -0.042145 1.000000 1.000000 1.000000
v -0.150356 -0.135268 0.041428 1.000000 1.000000 1.000000
v -0.146455 -0.134146 -0.042150 1.000000 1.000000 1.000000
v 0.250476 0.116969 -0.060976 1.000000 1.000000 1.000000
v 0.242175 0.076773 0.060549 1.000000 1.000000 1.000000
v 0.250476 0.116969 0.060545 1.000000 1.000000 1.000000
v 0.242176 0.076773 -0.060980 1.000000 1.000000 1.000000
v 0.336072 -0.093967 0.036569 1.000000 1.000000 1.000000
v 0.332304 -0.093323 -0.037370 1.000000 1.000000 1.000000
v 0.332304 -0.093323 0.036574 1.000000 1.000000 1.000000
v 0.336072 -0.093967 -0.037365 1.000000 1.000000 1.000000
v -0.168472 -0.027646 0.041529 1.000000 1.000000 1.000000
v -0.166002 -0.026153 -0.042207 1.000000 1.000000 1.000000
v -0.166000 -0.026155 0.041487 1.000000 1.000000 1.000000
v -0.168474 -0.027644 -0.042251 1.000000 1.000000 1.000000
v -0.014694 0.142389 0.051028 1.000000 1.000000 1.000000
v -0.008090 0.141076 -0.051057 1.000000 1.000000 1.000000
v -0.008090 0.141076 0.050434 1.000000 1.000000 1.000000
v -0.014694 0.142389 -0.051651 1.000000 1.000000 1.000000
v -0.021298 0.141076 -0.051057 1.000000 1.000000 1.000000
v -0.014694 0.142389 -0.051651 1.000000 1.000000 1.000000
v -0.021298 0.141076 0.050434 1.000000 1.000000 1.000000
v 0.221667 -0.131339 -0.051899 1.000000 1.000000 1.000000
v 0.218092 -0.165967 0.051329 1.000000 1.000000 1.000000
v 0.221666 -0.131339 0.051326 1.000000 1.000000 1.000000
v 0.218092 -0.165968 -0.051902 1.000000 1.000000 1.000000
v -0.233971 0.172195 0.059221 1.000000 1.000000 1.000000
v -0.227884 0.171745 -0.059919 1.000000 1.000000 1.000000
v -0.227879 0.171742 0.059473 1.000000 1.000000 1.000000
v -0.233974 0.172199 -0.059671 1.000000 1.000000 1.000000
v 0.244895 0.371043 -0.000443 1.000000 1.000000 1.000000
v 0.244895 0.354824 -0.021568 1.000000 1.000000 1.000000
v 0.244895 0.363574 -0.000443 1.000000 1.000000 1.000000
v 0.244895 0.360105 -0.026849 1.000000 1.000000 1.000000
v 0.244895 0.360105 0.025962 1.000000 1.000000 1.000000
v 0.244895 0.333700 -0.030318 1.000000 1.000000 1.000000
v 0.244895 0.354824 0.020681 1.000000 1.000000 1.000000
v 0.244895 0.333700 -0.037786 1.000000 1.000000 1.000000
v 0.244895 0.333700 0.029432 1.000000 1.000000 1.000000
v 0.244895 0.312576 -0.021568 1.000000 1.000000 1.000000
v 0.244895 0.333700 0.036900 1.000000 1.000000 1.000000
v 0.244895 0.307294 -0.026849 1.000000 1.000000 1.000000
v 0.244895 0.312576 0.020681 1.000000 1.000000 1.000000
v 0.244895 0.296357 -0.000443 1.000000 1.000000 1.000000
v 0.244895 0.307294 0.025962 1.000000 1.000000 1.000000
v 0.244895 0.303826 -0.000443 1.000000 1.000000 1.000000
v 0.244895 0.301658 0.013998 1.000000 1.000000 1.000000
v 0.244895 0.254418 -0.014884 1.000000 1.000000 1.000000
v 0.244895 0.254418 0.013998 1.000000 1.000000 1.000000
v 0.244895 0.301658 -0.014884 1.000000 1.000000 1.000000
v 0.251886 0.160127 0.060532 1.000000 1.000000 1.000000
v 0.252635 0.146210 -0.060978 1.000000 1.000000 1.000000
v 0.252634 0.146211 0.060546 1.000000 1.000000 1.000000
v 0.251887 0.160127 -0.060964 1.000000 1.000000 1.000000
v 0.250476 0.116969 0.060545 1.000000 1.000000 1.000000
v 0.252634 0.146211 0.060546 1.000000 1.000000 1.000000
v 0.250476 0.116969 -0.060976 1.000000 1.000000 1.000000
v 0.337673 0.007721 0.036664 1.000000 1.000000 1.000000
v 0.339616 0.006422 -0.037442 1.000000 1.000000 1.000000
v 0.339618 0.006424 0.036650 1.000000 1.000000 1.000000
v 0.337671 0.007720 -0.037457 1.000000 1.000000 1.000000
v 0.342647 0.003221 0.036655 1.000000 1.000000 1.000000
v 0.339618 0.006424 0.036650 1.000000 1.000000 1.000000
v 0.342645 0.003220 -0.037449 1.000000 1.000000 1.000000
v 0.644190 0.119632 0.050869 1.000000 1.000000 1.000000
v 0.659917 0.125926 -0.051460 1.000000 1.000000 1.000000
v 0.644188 0.119637 -0.051442 1.000000 1.000000 1.000000
v 0.659920 0.125922 0.050888 1.000000 1.000000 1.000000
v -0.020670 -0.028287 0.050366 1.000000 1.000000 1.000000
v -0.027898 -0.023828 -0.051027 1.000000 1.000000 1.000000
v -0.027898 -0.023828 0.050404 1.000000 1.000000 1.000000
v -0.020670 -0.028287 -0.050990 1.000000 1.000000 1.000000
v -0.014694 -0.029386 -0.050988 1.000000 1.000000 1.000000
v -0.014694 -0.029386 0.050364 1.000000 1.000000 1.000000
v 0.415703 -0.069237 0.063215 1.000000 1.000000 1.000000
v 0.402646 -0.048687 -0.063628 1.000000 1.000000 1.000000
v 0.415704 -0.069237 -0.063604 1.000000 1.000000 1.000000
v 0.402645 -0.048687 0.063239 1.000000 1.000000 1.000000
v 0.432362 -0.086598 -0.063547 1.000000 1.000000 1.000000
v 0.432361 -0.086598 0.063158 1.000000 1.000000 1.000000
v 0.454699 -0.099698 0.063131 1.000000 1.000000 1.000000
v 0.454700 -0.099698 -0.063520 1.000000 1.000000 1.000000
v -0.663280 0.160737 0.039492 1.000000 1.000000 1.000000
v -0.663280 0.160737 -0.040335 1.000000 1.000000 1.000000
v -0.631829 0.160737 0.039492 1.000000 1.000000 1.000000
v -0.631829 0.160737 -0.040335 1.000000 1.000000 1.000000
v -0.173318 0.183422 0.059262 1.000000 1.000000 1.000000
v -0.183852 0.194402 -0.059732 1.000000 1.000000 1.000000
v -0.183849 0.194403 0.059283 1.000000 1.000000 1.000000
v -0.173322 0.183421 -0.059711 1.000000 1.000000 1.000000
v -0.402580 -0.072616 0.064918 1.000000 1.000000 1.000000
v -0.380139 -0.058133 -0.065361 1.000000 1.000000 1.000000
v -0.380139 -0.058133 0.064951 1.000000 1.000000 1.000000
v -0.402580 -0.072616 -0.065328 1.000000 1.000000 1.000000
v -0.426922 -0.079578 -0.065386 1.000000 1.000000 1.000000
v -0.426922 -0.079578 0.064976 1.000000 1.000000 1.000000
v -0.402580 -0.072616 -0.065328 1.000000 1.000000 1.000000
v 0.249647 0.170982 0.060510 1.000000 1.000000 1.000000
v 0.246057 0.179850 -0.060899 1.000000 1.000000 1.000000
v 0.249649 0.170977 -0.060941 1.000000 1.000000 1.000000
v 0.246060 0.179851 0.060474 1.000000 1.000000 1.000000
v 0.250272 0.167979 -0.060972 1.000000 1.000000 1.000000
v 0.251886 0.160127 0.060532 1.000000 1.000000 1.000000
v 0.251887 0.160127 -0.060964 1.000000 1.000000 1.000000
v -0.143643 0.001569 0.041558 1.000000 1.000000 1.000000
v -0.137205 -0.000465 -0.042251 1.000000 1.000000 1.000000
v -0.143646 0.001567 -0.042278 1.000000 1.000000 1.000000
v -0.137203 -0.000463 0.041530 1.000000 1.000000 1.000000
v -0.127779 -0.005550 0.041516 1.000000 1.000000 1.000000
v -0.127781 -0.005551 -0.042236 1.000000 1.000000 1.000000
v -0.170330 -0.029249 0.041513 1.000000 1.000000 1.000000
v -0.168474 -0.027644 -0.042251 1.000000 1.000000 1.000000
v -0.168472 -0.027646 0.041529 1.000000 1.000000 1.000000
v -0.170332 -0.029246 -0.042234 1.000000 1.000000 1.000000
v -0.097902 -0.120243 0.041547 1.000000 1.000000 1.000000
v -0.102474 -0.134526 -0.042248 1.000000 1.000000 1.000000
v -0.097901 -0.120242 -0.042263 1.000000 1.000000 1.000000
v -0.102474 -0.134526 0.041531 1.000000 1.000000 1.000000
v -0.109751 -0.147362 0.041494 1.000000 1.000000 1.000000
v -0.109750 -0.147362 -0.042211 1.000000 1.000000 1.000000
v 0.280458 -0.006867 0.036694 1.000000 1.000000 1.000000
v 0.284283 0.005917 -0.037460 1.000000 1.000000 1.000000
v 0.280458 -0.006867 -0.037490 1.000000 1.000000 1.000000
v 0.284283 0.005916 0.036665 1.000000 1.000000 1.000000
v 0.278531 -0.018183 0.036699 1.000000 1.000000 1.000000
v -0.025380 0.139303 0.050575 1.000000 1.000000 1.000000
v -0.025380 0.139303 -0.051199 1.000000 1.000000 1.000000
v -0.021298 0.141076 0.050434 1.000000 1.000000 1.000000
v -0.021298 0.141076 -0.051057 1.000000 1.000000 1.000000
v 0.220021 0.194075 0.060418 1.000000 1.000000 1.000000
v 0.227459 0.193812 -0.061107 1.000000 1.000000 1.000000
v 0.227465 0.193810 0.060675 1.000000 1.000000 1.000000
v 0.220017 0.194078 -0.060855 1.000000 1.000000 1.000000
v 0.215260 -0.179065 0.051329 1.000000 1.000000 1.000000
v 0.218092 -0.165968 -0.051902 1.000000 1.000000 1.000000
v 0.215260 -0.179065 -0.051901 1.000000 1.000000 1.000000
v 0.218092 -0.165967 0.051329 1.000000 1.000000 1.000000
v 0.211422 -0.190496 -0.051882 1.000000 1.000000 1.000000
v 0.211421 -0.190496 0.051310 1.000000 1.000000 1.000000
v 0.206553 -0.200150 0.051254 1.000000 1.000000 1.000000
v 0.206553 -0.200150 -0.051826 1.000000 1.000000 1.000000
v 0.200205 -0.207558 -0.051757 1.000000 1.000000 1.000000
v 0.200204 -0.207558 0.051185 1.000000 1.000000 1.000000
v 0.401300 0.139588 0.063198 1.000000 1.000000 1.000000
v 0.413825 0.150773 -0.063602 1.000000 1.000000 1.000000
v 0.401296 0.139592 -0.063580 1.000000 1.000000 1.000000
v 0.413829 0.150770 0.063220 1.000000 1.000000 1.000000
v 0.401296 0.139592 -0.063580 1.000000 1.000000 1.000000
v 0.390672 0.124351 -0.063592 1.000000 1.000000 1.000000
v 0.390675 0.124348 0.063210 1.000000 1.000000 1.000000
v 0.383319 0.106298 0.063222 1.000000 1.000000 1.000000
v 0.383319 0.106301 -0.063608 1.000000 1.000000 1.000000
v 0.345609 -0.001657 0.036677 1.000000 1.000000 1.000000
v 0.342645 0.003220 -0.037449 1.000000 1.000000 1.000000
v 0.345610 -0.001660 -0.037474 1.000000 1.000000 1.000000
v 0.342647 0.003221 0.036655 1.000000 1.000000 1.000000
v 0.346301 -0.003378 -0.037492 1.000000 1.000000 1.000000
v 0.348101 -0.007883 0.036691 1.000000 1.000000 1.000000
v 0.348101 -0.007882 -0.037488 1.000000 1.000000 1.000000
v 0.283998 0.212277 0.020896 1.000000 1.000000 1.000000
v 0.219981 0.212277 0.020896 1.000000 1.000000 1.000000
v 0.219981 0.212277 -0.021782 1.000000 1.000000 1.000000
v 0.283998 0.212277 -0.021782 1.000000 1.000000 1.000000
v 0.177303 0.212277 -0.021782 1.000000 1.000000 1.000000
v 0.177303 0.212277 0.020896 1.000000 1.000000 1.000000
v 0.339769 -0.093126 0.036574 1.000000 1.000000 1.000000
v 0.336072 -0.093967 -0.037365 1.000000 1.000000 1.000000
v 0.336072 -0.093967 0.036569 1.000000 1.000000 1.000000
v 0.339770 -0.093126 -0.037370 1.000000 1.000000 1.000000
v -0.441142 0.138785 -0.065312 1.000000 1.000000 1.000000
v -0.434698 0.139640 0.065666 1.000000 1.000000 1.000000
v -0.441142 0.138785 0.064903 1.000000 1.000000 1.000000
v -0.434698 0.139640 -0.066075 1.000000 1.000000 1.000000
v 0.227465 0.193810 0.060675 1.000000 1.000000 1.000000
v 0.234555 0.191549 -0.060851 1.000000 1.000000 1.000000
v 0.234560 0.191550 0.060424 1.000000 1.000000 1.000000
v 0.227459 0.193812 -0.061107 1.000000 1.000000 1.000000
v 0.238681 0.188840 0.060488 1.000000 1.000000 1.000000
v 0.241733 0.186064 -0.060889 1.000000 1.000000 1.000000
v 0.241737 0.186064 0.060463 1.000000 1.000000 1.000000
v 0.238677 0.188839 -0.060914 1.000000 1.000000 1.000000
v 0.246060 0.179851 0.060474 1.000000 1.000000 1.000000
v 0.241737 0.186064 0.060463 1.000000 1.000000 1.000000
v 0.246057 0.179850 -0.060899 1.000000 1.000000 1.000000
v 0.911651 0.121978 0.088870 1.000000 1.000000 1.000000
v 0.921239 0.120825 -0.088496 1.000000 1.000000 1.000000
v 0.921245 0.120827 0.088503 1.000000 1.000000 1.000000
v 0.911643 0.121980 -0.088870 1.000000 1.000000 1.000000
v 0.848515 0.170265 0.088597 1.000000 1.000000 1.000000
v 0.862028 0.176439 -0.088644 1.000000 1.000000 1.000000
v 0.848510 0.170270 -0.088586 1.000000 1.000000 1.000000
v 0.862034 0.176435 0.088655 1.000000 1.000000 1.000000
v -0.045147 0.099879 -0.051253 1.000000 1.000000 1.000000
v -0.045147 0.099879 0.050630 1.000000 1.000000 1.000000
v -0.048001 0.069797 0.050628 1.000000 1.000000 1.000000
v -0.048001 0.069797 -0.051251 1.000000 1.000000 1.000000
v -0.046722 0.027374 -0.051257 1.000000 1.000000 1.000000
v -0.046722 0.027374 0.050633 1.000000 1.000000 1.000000
v -0.048001 0.069797 -0.051251 1.000000 1.000000 1.000000
v -0.044313 0.011334 0.050633 1.000000 1.000000 1.000000
v -0.046722 0.027374 0.050633 1.000000 1.000000 1.000000
v -0.044313 0.011334 -0.051257 1.000000 1.000000 1.000000
v -0.040439 -0.002752 0.050604 1.000000 1.000000 1.000000
v -0.044313 0.011334 0.050633 1.000000 1.000000 1.000000
v -0.040439 -0.002752 -0.051227 1.000000 1.000000 1.000000
v -0.035125 -0.014647 -0.051135 1.000000 1.000000 1.000000
v -0.035125 -0.014647 0.050512 1.000000 1.000000 1.000000
v -0.027898 -0.023828 0.050404 1.000000 1.000000 1.000000
v -0.027898 -0.023828 -0.051027 1.000000 1.000000 1.000000
v 0.469292 0.121003 0.063154 1.000000 1.000000 1.000000
v 0.473752 0.119553 -0.063602 1.000000 1.000000 1.000000
v 0.473756 0.119555 0.063220 1.000000 1.000000 1.000000
v 0.469288 0.121001 -0.063537 1.000000 1.000000 1.000000
v -0.260308 0.017838 0.059138 1.000000 1.000000 1.000000
v -0.265603 0.020231 -0.059590 1.000000 1.000000 1.000000
v -0.265604 0.020231 0.059145 1.000000 1.000000 1.000000
v -0.260307 0.017837 -0.059583 1.000000 1.000000 1.000000
v 0.234560 0.191550 0.060424 1.000000 1.000000 1.000000
v 0.238677 0.188839 -0.060914 1.000000 1.000000 1.000000
v 0.238681 0.188840 0.060488 1.000000 1.000000 1.000000
v 0.234555 0.191549 -0.060851 1.000000 1.000000 1.000000
v -0.028427 0.137258 -0.051140 1.000000 1.000000 1.000000
v -0.025380 0.139303 0.050575 1.000000 1.000000 1.000000
v -0.028427 0.137258 0.050516 1.000000 1.000000 1.000000
v -0.025380 0.139303 -0.051199 1.000000 1.000000 1.000000
v -0.033362 0.132069 0.050530 1.000000 1.000000 1.000000
v -0.028427 0.137258 0.050516 1.000000 1.000000 1.000000
v -0.033363 0.132069 -0.051154 1.000000 1.000000 1.000000
v -0.038165 0.124049 -0.051202 1.000000 1.000000 1.000000
v -0.038457 0.124119 0.050907 1.000000 1.000000 1.000000
v -0.045147 0.099879 0.050630 1.000000 1.000000 1.000000
v -0.042093 0.113693 -0.051233 1.000000 1.000000 1.000000
v -0.042093 0.113693 0.050609 1.000000 1.000000 1.000000
v -0.045147 0.099879 -0.051253 1.000000 1.000000 1.000000
v -0.042093 0.113693 0.050609 1.000000 1.000000 1.000000
v -0.038165 0.124049 -0.051202 1.000000 1.000000 1.000000
v -0.038457 0.124119 0.050907 1.000000 1.000000 1.000000
v -0.042093 0.113693 -0.051233 1.000000 1.000000 1.000000
v 0.348101 -0.007883 0.036691 1.000000 1.000000 1.000000
v 0.350178 -0.016115 -0.037496 1.000000 1.000000 1.000000
v 0.350178 -0.016115 0.036699 1.000000 1.000000 1.000000
v 0.348101 -0.007882 -0.037488 1.000000 1.000000 1.000000
v 0.496561 -0.051520 0.063066 1.000000 1.000000 1.000000
v 0.490436 -0.053656 -0.063446 1.000000 1.000000 1.000000
v 0.490435 -0.053656 0.063058 1.000000 1.000000 1.000000
v 0.496562 -0.051519 -0.063455 1.000000 1.000000 1.000000
v -0.150356 -0.135268 0.041428 1.000000 1.000000 1.000000
v -0.154421 -0.134807 -0.042150 1.000000 1.000000 1.000000
v -0.154421 -0.134807 0.041433 1.000000 1.000000 1.000000
v -0.150356 -0.135268 -0.042145 1.000000 1.000000 1.000000
v -0.451049 -0.024408 0.064817 1.000000 1.000000 1.000000
v -0.445360 -0.025837 -0.065224 1.000000 1.000000 1.000000
v -0.451049 -0.024408 -0.065226 1.000000 1.000000 1.000000
v -0.445360 -0.025837 0.064815 1.000000 1.000000 1.000000
v 0.352580 -0.033855 -0.037495 1.000000 1.000000 1.000000
v 0.353070 -0.058871 0.036701 1.000000 1.000000 1.000000
v 0.352579 -0.033855 0.036699 1.000000 1.000000 1.000000
v 0.353071 -0.058872 -0.037498 1.000000 1.000000 1.000000
v 0.350178 -0.016115 0.036699 1.000000 1.000000 1.000000
v 0.350178 -0.016115 -0.037496 1.000000 1.000000 1.000000
v 0.352579 -0.033855 0.036699 1.000000 1.000000 1.000000
v 0.402645 -0.048687 0.063239 1.000000 1.000000 1.000000
v 0.392847 -0.024984 -0.063665 1.000000 1.000000 1.000000
v 0.402646 -0.048687 -0.063628 1.000000 1.000000 1.000000
v 0.392847 -0.024984 0.063276 1.000000 1.000000 1.000000
v -0.164644 0.168966 0.059274 1.000000 1.000000 1.000000
v -0.173322 0.183421 -0.059711 1.000000 1.000000 1.000000
v -0.173318 0.183422 0.059262 1.000000 1.000000 1.000000
v -0.164647 0.168965 -0.059723 1.000000 1.000000 1.000000
v -0.158973 0.152256 -0.059736 1.000000 1.000000 1.000000
v -0.158972 0.152258 0.059290 1.000000 1.000000 1.000000
v -0.195237 -0.001999 0.059285 1.000000 1.000000 1.000000
v -0.182837 0.015326 -0.059752 1.000000 1.000000 1.000000
v -0.182837 0.015326 0.059308 1.000000 1.000000 1.000000
v -0.195237 -0.001999 -0.059730 1.000000 1.000000 1.000000
v -0.210663 -0.016189 -0.059676 1.000000 1.000000 1.000000
v -0.210664 -0.016189 0.059233 1.000000 1.000000 1.000000
v 0.378466 -0.122139 -0.048367 1.000000 1.000000 1.000000
v 0.275851 -0.151820 0.047480 1.000000 1.000000 1.000000
v 0.378466 -0.122139 0.047480 1.000000 1.000000 1.000000
v 0.275851 -0.151820 -0.048367 1.000000 1.000000 1.000000
v -0.118848 -0.013366 0.041523 1.000000 1.000000 1.000000
v -0.127781 -0.005551 -0.042236 1.000000 1.000000 1.000000
v -0.127779 -0.005550 0.041516 1.000000 1.000000 1.000000
v -0.118850 -0.013367 -0.042244 1.000000 1.000000 1.000000
v -0.111444 -0.023340 -0.042253 1.000000 1.000000 1.000000
v -0.111444 -0.023339 0.041534 1.000000 1.000000 1.000000
v 0.188652 -0.211538 0.051146 1.000000 1.000000 1.000000
v 0.183560 -0.210008 -0.051724 1.000000 1.000000 1.000000
v 0.183559 -0.210008 0.051153 1.000000 1.000000 1.000000
v 0.188653 -0.211538 -0.051718 1.000000 1.000000 1.000000
v 0.352201 -0.068464 0.036701 1.000000 1.000000 1.000000
v 0.353071 -0.058872 -0.037498 1.000000 1.000000 1.000000
v 0.352201 -0.068464 -0.037497 1.000000 1.000000 1.000000
v 0.353070 -0.058871 0.036701 1.000000 1.000000 1.000000
v 0.473756 0.119555 0.063220 1.000000 1.000000 1.000000
v 0.477308 0.117717 -0.063577 1.000000 1.000000 1.000000
v 0.477310 0.117719 0.063194 1.000000 1.000000 1.000000
v 0.473752 0.119553 -0.063602 1.000000 1.000000 1.000000
v 0.628868 0.108838 0.050879 1.000000 1.000000 1.000000
v 0.644188 0.119637 -0.051442 1.000000 1.000000 1.000000
v 0.628868 0.108843 -0.051451 1.000000 1.000000 1.000000
v 0.644190 0.119632 0.050869 1.000000 1.000000 1.000000
v 0.392847 -0.024984 0.063276 1.000000 1.000000 1.000000
v 0.387440 -0.005757 -0.063678 1.000000 1.000000 1.000000
v 0.392847 -0.024984 -0.063665 1.000000 1.000000 1.000000
v 0.387439 -0.005756 0.063289 1.000000 1.000000 1.000000
v -0.173027 -0.032988 0.041521 1.000000 1.000000 1.000000
v -0.170332 -0.029246 -0.042234 1.000000 1.000000 1.000000
v -0.170330 -0.029249 0.041513 1.000000 1.000000 1.000000
v -0.173029 -0.032984 -0.042244 1.000000 1.000000 1.000000
v -0.175394 -0.038510 -0.042266 1.000000 1.000000 1.000000
v -0.175461 -0.038527 0.041656 1.000000 1.000000 1.000000
v 0.695741 0.081082 0.051045 1.000000 1.000000 1.000000
v 0.702259 0.078602 -0.051408 1.000000 1.000000 1.000000
v 0.702263 0.078603 0.050834 1.000000 1.000000 1.000000
v 0.695735 0.081084 -0.051623 1.000000 1.000000 1.000000
v -0.095675 -0.092053 0.041580 1.000000 1.000000 1.000000
v -0.095675 -0.092053 -0.042297 1.000000 1.000000 1.000000
v -0.098037 -0.064568 0.041572 1.000000 1.000000 1.000000
v -0.098037 -0.064568 -0.042289 1.000000 1.000000 1.000000
v -0.101440 -0.048221 -0.042291 1.000000 1.000000 1.000000
v -0.098037 -0.064568 -0.042289 1.000000 1.000000 1.000000
v -0.101440 -0.048221 0.041575 1.000000 1.000000 1.000000
v -0.095821 -0.104487 0.041572 1.000000 1.000000 1.000000
v -0.095675 -0.092053 0.041580 1.000000 1.000000 1.000000
v -0.095821 -0.104487 -0.042288 1.000000 1.000000 1.000000
v -0.097901 -0.120242 -0.042263 1.000000 1.000000 1.000000
v -0.097902 -0.120243 0.041547 1.000000 1.000000 1.000000
v 0.379659 0.037687 0.063277 1.000000 1.000000 1.000000
v 0.379659 0.037687 -0.063666 1.000000 1.000000 1.000000
v 0.387439 -0.005756 0.063289 1.000000 1.000000 1.000000
v 0.387440 -0.005757 -0.063678 1.000000 1.000000 1.000000
v 0.379254 0.083834 0.063271 1.000000 1.000000 1.000000
v 0.383319 0.106301 -0.063608 1.000000 1.000000 1.000000
v 0.379254 0.083834 -0.063660 1.000000 1.000000 1.000000
v 0.383319 0.106298 0.063222 1.000000 1.000000 1.000000
v 0.378138 0.064224 -0.063668 1.000000 1.000000 1.000000
v 0.378137 0.064224 0.063279 1.000000 1.000000 1.000000
v 0.379659 0.037687 0.063277 1.000000 1.000000 1.000000
v 0.379659 0.037687 -0.063666 1.000000 1.000000 1.000000
v 0.378137 0.064224 0.063279 1.000000 1.000000 1.000000
v 0.350467 -0.076956 0.036687 1.000000 1.000000 1.000000
v 0.352201 -0.068464 -0.037497 1.000000 1.000000 1.000000
v 0.350467 -0.076956 -0.037484 1.000000 1.000000 1.000000
v 0.352201 -0.068464 0.036701 1.000000 1.000000 1.000000
v 0.347841 -0.084271 -0.037443 1.000000 1.000000 1.000000
v 0.347841 -0.084271 0.036647 1.000000 1.000000 1.000000
v 0.343963 -0.090113 0.036598 1.000000 1.000000 1.000000
v 0.343963 -0.090113 -0.037394 1.000000 1.000000 1.000000
v 0.339770 -0.093126 -0.037370 1.000000 1.000000 1.000000
v 0.339769 -0.093126 0.036574 1.000000 1.000000 1.000000
v 0.676985 -0.091014 0.050795 1.000000 1.000000 1.000000
v 0.668730 -0.094373 -0.051341 1.000000 1.000000 1.000000
v 0.668729 -0.094373 0.050763 1.000000 1.000000 1.000000
v 0.676986 -0.091014 -0.051373 1.000000 1.000000 1.000000
v 0.662185 -0.094290 0.050756 1.000000 1.000000 1.000000
v 0.668729 -0.094373 0.050763 1.000000 1.000000 1.000000
v 0.662186 -0.094290 -0.051335 1.000000 1.000000 1.000000
v 0.200204 -0.207558 0.051185 1.000000 1.000000 1.000000
v 0.193901 -0.211005 -0.051725 1.000000 1.000000 1.000000
v 0.193901 -0.211004 0.051153 1.000000 1.000000 1.000000
v 0.200205 -0.207558 -0.051757 1.000000 1.000000 1.000000
v -0.111444 -0.023339 0.041534 1.000000 1.000000 1.000000
v -0.105314 -0.036447 -0.042285 1.000000 1.000000 1.000000
v -0.111444 -0.023340 -0.042253 1.000000 1.000000 1.000000
v -0.105315 -0.036447 0.041569 1.000000 1.000000 1.000000
v -0.101440 -0.048221 0.041575 1.000000 1.000000 1.000000
v -0.101440 -0.048221 -0.042291 1.000000 1.000000 1.000000
v 0.193901 -0.211004 0.051153 1.000000 1.000000 1.000000
v 0.188653 -0.211538 -0.051718 1.000000 1.000000 1.000000
v 0.188652 -0.211538 0.051146 1.000000 1.000000 1.000000
v 0.193901 -0.211005 -0.051725 1.000000 1.000000 1.000000
v -0.182837 0.015326 0.059308 1.000000 1.000000 1.000000
v -0.173165 0.035726 -0.059786 1.000000 1.000000 1.000000
v -0.173166 0.035726 0.059343 1.000000 1.000000 1.000000
v -0.182837 0.015326 -0.059752 1.000000 1.000000 1.000000
v -0.158972 0.152258 0.059290 1.000000 1.000000 1.000000
v -0.156389 0.131864 -0.059782 1.000000 1.000000 1.000000
v -0.158973 0.152256 -0.059736 1.000000 1.000000 1.000000
v -0.156390 0.131865 0.059339 1.000000 1.000000 1.000000
v -0.156275 0.114257 0.059346 1.000000 1.000000 1.000000
v -0.156274 0.114257 -0.059789 1.000000 1.000000 1.000000
v -0.154421 -0.134807 0.041433 1.000000 1.000000 1.000000
v -0.159364 -0.132101 -0.042176 1.000000 1.000000 1.000000
v -0.159364 -0.132101 0.041459 1.000000 1.000000 1.000000
v -0.154421 -0.134807 -0.042150 1.000000 1.000000 1.000000
v 0.244895 0.333700 0.036900 1.000000 1.000000 1.000000
v 0.244895 0.307294 0.025962 1.000000 1.000000 1.000000
v 0.272057 0.333700 0.036900 1.000000 1.000000 1.000000
v 0.272057 0.307294 0.025962 1.000000 1.000000 1.000000
v 0.244895 0.296357 -0.000443 1.000000 1.000000 1.000000
v 0.272057 0.296357 -0.000443 1.000000 1.000000 1.000000
v 0.244895 0.307294 -0.026849 1.000000 1.000000 1.000000
v 0.272057 0.307294 -0.026849 1.000000 1.000000 1.000000
v 0.244895 0.333700 -0.037786 1.000000 1.000000 1.000000
v 0.272057 0.333700 -0.037786 1.000000 1.000000 1.000000
v 0.244895 0.360105 -0.026849 1.000000 1.000000 1.000000
v 0.272057 0.360105 -0.026849 1.000000 1.000000 1.000000
v 0.244895 0.371043 -0.000443 1.000000 1.000000 1.000000
v 0.272057 0.371043 -0.000443 1.000000 1.000000 1.000000
v 0.244895 0.360105 0.025962 1.000000 1.000000 1.000000
v 0.272057 0.360105 0.025962 1.000000 1.000000 1.000000
v 0.244895 0.333700 0.036900 1.000000 1.000000 1.000000
v 0.272057 0.333700 0.036900 1.000000 1.000000 1.000000
v 0.244895 0.333700 0.029432 1.000000 1.000000 1.000000
v 0.272057 0.312576 0.020681 1.000000 1.000000 1.000000
v 0.244895 0.312576 0.020681 1.000000 1.000000 1.000000
v 0.272057 0.333700 0.029432 1.000000 1.000000 1.000000
v 0.244895 0.303826 -0.000443 1.000000 1.000000 1.000000
v 0.272057 0.303826 -0.000443 1.000000 1.000000 1.000000
v 0.244895 0.312576 -0.021568 1.000000 1.000000 1.000000
v 0.272057 0.312576 -0.021568 1.000000 1.000000 1.000000
v 0.244895 0.333700 -0.030318 1.000000 1.000000 1.000000
v 0.272057 0.333700 -0.030318 1.000000 1.000000 1.000000
v 0.244895 0.354824 -0.021568 1.000000 1.000000 1.000000
v 0.272057 0.354824 -0.021568 1.000000 1.000000 1.000000
v 0.272057 0.363574 -0.000443 1.000000 1.000000 1.000000
v 0.244895 0.363574 -0.000443 1.000000 1.000000 1.000000
v 0.272057 0.354824 0.020681 1.000000 1.000000 1.000000
v 0.244895 0.354824 0.020681 1.000000 1.000000 1.000000
v 0.272057 0.333700 0.029432 1.000000 1.000000 1.000000
v 0.244895 0.333700 0.029432 1.000000 1.000000 1.000000
v -0.616372 0.312576 0.020681 1.000000 1.000000 1.000000
v -0.616372 0.333700 0.029432 1.000000 1.000000 1.000000
v -0.583478 0.312576 0.020681 1.000000 1.000000 1.000000
v -0.583478 0.333700 0.029432 1.000000 1.000000 1.000000
v -0.616372 0.303826 -0.000443 1.000000 1.000000 1.000000
v -0.583478 0.303826 -0.000443 1.000000 1.000000 1.000000
v -0.616372 0.312576 -0.021568 1.000000 1.000000 1.000000
v -0.583478 0.312576 -0.021568 1.000000 1.000000 1.000000
v -0.616372 0.333700 -0.030318 1.000000 1.000000 1.000000
v -0.583478 0.333700 -0.030318 1.000000 1.000000 1.000000
v -0.616372 0.354824 -0.021568 1.000000 1.000000 1.000000
v -0.583478 0.354824 -0.021568 1.000000 1.000000 1.000000
v -0.583478 0.363574 -0.000443 1.000000 1.000000 1.000000
v -0.616372 0.363574 -0.000443 1.000000 1.000000 1.000000
v -0.583478 0.354824 0.020681 1.000000 1.000000 1.000000
v -0.616372 0.354824 0.020681 1.000000 1.000000 1.000000
v -0.583478 0.333700 0.029432 1.000000 1.000000 1.000000
v -0.616372 0.333700 0.029432 1.000000 1.000000 1.000000
v -0.167556 0.052475 0.059356 1.000000 1.000000 1.000000
v -0.167556 0.052475 -0.059799 1.000000 1.000000 1.000000
v -0.158788 0.090671 0.059344 1.000000 1.000000 1.000000
v -0.158788 0.090670 -0.059787 1.000000 1.000000 1.000000
v -0.173166 0.035726 0.059343 1.000000 1.000000 1.000000
v -0.173165 0.035726 -0.059786 1.000000 1.000000 1.000000
v -0.167556 0.052475 0.059356 1.000000 1.000000 1.000000
v -0.156274 0.114257 -0.059789 1.000000 1.000000 1.000000
v -0.158788 0.090670 -0.059787 1.000000 1.000000 1.000000
v -0.156275 0.114257 0.059346 1.000000 1.000000 1.000000
v -0.265604 0.020231 0.059145 1.000000 1.000000 1.000000
v -0.271110 0.026041 -0.059627 1.000000 1.000000 1.000000
v -0.271111 0.026042 0.059182 1.000000 1.000000 1.000000
v -0.265603 0.020231 -0.059590 1.000000 1.000000 1.000000
v -0.177916 -0.054372 -0.042292 1.000000 1.000000 1.000000
v -0.177916 -0.054372 0.041575 1.000000 1.000000 1.000000
v -0.177604 -0.073459 0.041575 1.000000 1.000000 1.000000
v -0.177603 -0.073459 -0.042291 1.000000 1.000000 1.000000
v -0.177039 -0.045411 0.041565 1.000000 1.000000 1.000000
v -0.177916 -0.054372 0.041575 1.000000 1.000000 1.000000
v -0.177040 -0.045412 -0.042283 1.000000 1.000000 1.000000
v -0.175394 -0.038510 -0.042266 1.000000 1.000000 1.000000
v -0.177039 -0.045411 0.041565 1.000000 1.000000 1.000000
v -0.175461 -0.038527 0.041656 1.000000 1.000000 1.000000
v 0.615680 0.094256 0.050888 1.000000 1.000000 1.000000
v 0.628868 0.108843 -0.051451 1.000000 1.000000 1.000000
v 0.615680 0.094259 -0.051465 1.000000 1.000000 1.000000
v 0.628868 0.108838 0.050879 1.000000 1.000000 1.000000
v 0.483069 0.112849 -0.063588 1.000000 1.000000 1.000000
v 0.483071 0.112851 0.063205 1.000000 1.000000 1.000000
v 0.477310 0.117719 0.063194 1.000000 1.000000 1.000000
v 0.477308 0.117717 -0.063577 1.000000 1.000000 1.000000
v 0.489038 0.105122 0.063242 1.000000 1.000000 1.000000
v 0.489041 0.105118 -0.063631 1.000000 1.000000 1.000000
v 0.490544 0.102327 -0.063663 1.000000 1.000000 1.000000
v 0.494464 0.095012 0.063266 1.000000 1.000000 1.000000
v 0.494464 0.095013 -0.063656 1.000000 1.000000 1.000000
v -0.237964 0.171255 0.059282 1.000000 1.000000 1.000000
v -0.233974 0.172199 -0.059671 1.000000 1.000000 1.000000
v -0.233971 0.172195 0.059221 1.000000 1.000000 1.000000
v -0.237966 0.171259 -0.059733 1.000000 1.000000 1.000000
v -0.241175 0.169900 -0.059709 1.000000 1.000000 1.000000
v -0.237966 0.171259 -0.059733 1.000000 1.000000 1.000000
v -0.241173 0.169896 0.059259 1.000000 1.000000 1.000000
v -0.246448 0.166014 0.059270 1.000000 1.000000 1.000000
v -0.241173 0.169896 0.059259 1.000000 1.000000 1.000000
v -0.246447 0.166020 -0.059723 1.000000 1.000000 1.000000
v -0.252050 0.159577 -0.059755 1.000000 1.000000 1.000000
v -0.252149 0.159583 0.059461 1.000000 1.000000 1.000000
v -0.177603 -0.073459 -0.042291 1.000000 1.000000 1.000000
v -0.177604 -0.073459 0.041575 1.000000 1.000000 1.000000
v -0.174087 -0.100039 0.041577 1.000000 1.000000 1.000000
v -0.174087 -0.100039 -0.042293 1.000000 1.000000 1.000000
v -0.171614 -0.110108 0.041576 1.000000 1.000000 1.000000
v -0.174087 -0.100039 -0.042293 1.000000 1.000000 1.000000
v -0.174087 -0.100039 0.041577 1.000000 1.000000 1.000000
v -0.171613 -0.110109 -0.042293 1.000000 1.000000 1.000000
v -0.159364 -0.132101 0.041459 1.000000 1.000000 1.000000
v -0.164429 -0.126359 -0.042232 1.000000 1.000000 1.000000
v -0.164429 -0.126358 0.041516 1.000000 1.000000 1.000000
v -0.159364 -0.132101 -0.042176 1.000000 1.000000 1.000000
v 0.819080 -0.135705 0.088590 1.000000 1.000000 1.000000
v 0.803930 -0.105250 -0.088622 1.000000 1.000000 1.000000
v 0.819082 -0.135706 -0.088590 1.000000 1.000000 1.000000
v 0.803928 -0.105249 0.088622 1.000000 1.000000 1.000000
v 0.839699 -0.162254 -0.088510 1.000000 1.000000 1.000000
v 0.839698 -0.162253 0.088511 1.000000 1.000000 1.000000
v 0.868827 -0.183709 0.088473 1.000000 1.000000 1.000000
v 0.868829 -0.183709 -0.088472 1.000000 1.000000 1.000000
v 0.900504 -0.194681 -0.088511 1.000000 1.000000 1.000000
v 0.900501 -0.194681 0.088513 1.000000 1.000000 1.000000
v 0.868829 -0.183709 -0.088472 1.000000 1.000000 1.000000
v -0.168400 -0.118909 0.041561 1.000000 1.000000 1.000000
v -0.171613 -0.110109 -0.042293 1.000000 1.000000 1.000000
v -0.171614 -0.110108 0.041576 1.000000 1.000000 1.000000
v -0.168399 -0.118909 -0.042278 1.000000 1.000000 1.000000
v 0.934011 -0.122863 0.088381 1.000000 1.000000 1.000000
v 0.925189 -0.124939 -0.088369 1.000000 1.000000 1.000000
v 0.925187 -0.124939 0.088371 1.000000 1.000000 1.000000
v 0.934012 -0.122862 -0.088380 1.000000 1.000000 1.000000
v -0.164429 -0.126358 0.041516 1.000000 1.000000 1.000000
v -0.168399 -0.118909 -0.042278 1.000000 1.000000 1.000000
v -0.168400 -0.118909 0.041561 1.000000 1.000000 1.000000
v -0.164429 -0.126359 -0.042232 1.000000 1.000000 1.000000
v 0.585959 -0.083338 0.050883 1.000000 1.000000 1.000000
v 0.580653 -0.059357 -0.051481 1.000000 1.000000 1.000000
v 0.585960 -0.083338 -0.051461 1.000000 1.000000 1.000000
v 0.580653 -0.059356 0.050902 1.000000 1.000000 1.000000
v 0.595780 -0.105534 -0.051416 1.000000 1.000000 1.000000
v 0.595779 -0.105533 0.050838 1.000000 1.000000 1.000000
v 0.612449 -0.125645 0.050816 1.000000 1.000000 1.000000
v 0.612451 -0.125645 -0.051394 1.000000 1.000000 1.000000
v 0.508597 -0.034923 -0.063580 1.000000 1.000000 1.000000
v 0.508597 -0.034923 0.063191 1.000000 1.000000 1.000000
v 0.511665 -0.021985 0.063259 1.000000 1.000000 1.000000
v 0.511665 -0.021985 -0.063649 1.000000 1.000000 1.000000
v 0.503118 -0.045596 0.063105 1.000000 1.000000 1.000000
v 0.503118 -0.045596 -0.063494 1.000000 1.000000 1.000000
v 0.496562 -0.051519 -0.063455 1.000000 1.000000 1.000000
v 0.496561 -0.051520 0.063066 1.000000 1.000000 1.000000
v 0.507033 0.051706 0.063279 1.000000 1.000000 1.000000
v 0.512643 0.009261 -0.063672 1.000000 1.000000 1.000000
v 0.512642 0.009262 0.063283 1.000000 1.000000 1.000000
v 0.507034 0.051705 -0.063668 1.000000 1.000000 1.000000
v 0.499567 0.081411 -0.063669 1.000000 1.000000 1.000000
v 0.499566 0.081412 0.063281 1.000000 1.000000 1.000000
v 0.507034 0.051705 -0.063668 1.000000 1.000000 1.000000
v 0.494464 0.095012 0.063266 1.000000 1.000000 1.000000
v 0.499566 0.081412 0.063281 1.000000 1.000000 1.000000
v 0.494464 0.095013 -0.063656 1.000000 1.000000 1.000000
v 0.512994 -0.007215 0.063282 1.000000 1.000000 1.000000
v 0.512642 0.009262 0.063283 1.000000 1.000000 1.000000
v 0.512994 -0.007215 -0.063672 1.000000 1.000000 1.000000
v 0.511665 -0.021985 -0.063649 1.000000 1.000000 1.000000
v 0.511665 -0.021985 0.063259 1.000000 1.000000 1.000000
v 0.512994 -0.007215 -0.063672 1.000000 1.000000 1.000000
v -0.348630 0.133737 0.065045 1.000000 1.000000 1.000000
v -0.358412 0.151107 -0.065436 1.000000 1.000000 1.000000
v -0.358412 0.151107 0.065027 1.000000 1.000000 1.000000
v -0.348630 0.133737 -0.065454 1.000000 1.000000 1.000000
v -0.271111 0.026042 0.059182 1.000000 1.000000 1.000000
v -0.275460 0.036011 -0.059706 1.000000 1.000000 1.000000
v -0.275460 0.036012 0.059263 1.000000 1.000000 1.000000
v -0.271110 0.026041 -0.059627 1.000000 1.000000 1.000000
v 0.604092 0.074354 0.050929 1.000000 1.000000 1.000000
v 0.615680 0.094259 -0.051465 1.000000 1.000000 1.000000
v 0.604092 0.074354 -0.051507 1.000000 1.000000 1.000000
v 0.615680 0.094256 0.050888 1.000000 1.000000 1.000000
v -0.457735 -0.019664 0.064864 1.000000 1.000000 1.000000
v -0.451049 -0.024408 -0.065226 1.000000 1.000000 1.000000
v -0.457735 -0.019664 -0.065275 1.000000 1.000000 1.000000
v -0.451049 -0.024408 0.064817 1.000000 1.000000 1.000000
v 0.921245 0.120827 0.088503 1.000000 1.000000 1.000000
v 0.927232 0.118163 -0.088587 1.000000 1.000000 1.000000
v 0.927236 0.118165 0.088596 1.000000 1.000000 1.000000
v 0.921239 0.120825 -0.088496 1.000000 1.000000 1.000000
v -0.275460 0.036012 0.059263 1.000000 1.000000 1.000000
v -0.277587 0.047812 -0.059771 1.000000 1.000000 1.000000
v -0.277587 0.047813 0.059328 1.000000 1.000000 1.000000
v -0.275460 0.036011 -0.059706 1.000000 1.000000 1.000000
v -0.262366 0.139226 -0.059791 1.000000 1.000000 1.000000
v -0.262366 0.139226 0.059347 1.000000 1.000000 1.000000
v -0.270251 0.113279 0.059346 1.000000 1.000000 1.000000
v -0.270251 0.113279 -0.059789 1.000000 1.000000 1.000000
v -0.257281 0.150961 0.059333 1.000000 1.000000 1.000000
v -0.262366 0.139226 0.059347 1.000000 1.000000 1.000000
v -0.257281 0.150959 -0.059779 1.000000 1.000000 1.000000
v -0.252050 0.159577 -0.059755 1.000000 1.000000 1.000000
v -0.257281 0.150961 0.059333 1.000000 1.000000 1.000000
v -0.252149 0.159583 0.059461 1.000000 1.000000 1.000000
v 0.702263 0.078603 0.050834 1.000000 1.000000 1.000000
v 0.705993 0.075693 -0.051461 1.000000 1.000000 1.000000
v 0.705997 0.075694 0.050887 1.000000 1.000000 1.000000
v 0.702259 0.078602 -0.051408 1.000000 1.000000 1.000000
v 0.708736 0.072729 0.050866 1.000000 1.000000 1.000000
v 0.708732 0.072728 -0.051440 1.000000 1.000000 1.000000
v 0.705997 0.075694 0.050887 1.000000 1.000000 1.000000
v -0.270251 0.113279 -0.059789 1.000000 1.000000 1.000000
v -0.270251 0.113279 0.059346 1.000000 1.000000 1.000000
v -0.277065 0.075805 0.059349 1.000000 1.000000 1.000000
v -0.277064 0.075804 -0.059793 1.000000 1.000000 1.000000
v -0.277587 0.047813 0.059328 1.000000 1.000000 1.000000
v -0.278103 0.061113 -0.059792 1.000000 1.000000 1.000000
v -0.278103 0.061113 0.059348 1.000000 1.000000 1.000000
v -0.277587 0.047812 -0.059771 1.000000 1.000000 1.000000
v -0.278103 0.061113 0.059348 1.000000 1.000000 1.000000
v -0.277064 0.075804 -0.059793 1.000000 1.000000 1.000000
v -0.277065 0.075805 0.059349 1.000000 1.000000 1.000000
v -0.278103 0.061113 -0.059792 1.000000 1.000000 1.000000
v 0.596283 0.056144 0.050935 1.000000 1.000000 1.000000
v 0.604092 0.074354 -0.051507 1.000000 1.000000 1.000000
v 0.596283 0.056144 -0.051514 1.000000 1.000000 1.000000
v 0.604092 0.074354 0.050929 1.000000 1.000000 1.000000
v 0.588590 0.030458 0.050934 1.000000 1.000000 1.000000
v 0.596283 0.056144 -0.051514 1.000000 1.000000 1.000000
v 0.588591 0.030458 -0.051512 1.000000 1.000000 1.000000
v 0.596283 0.056144 0.050935 1.000000 1.000000 1.000000
v -0.341114 0.024243 0.065173 1.000000 1.000000 1.000000
v -0.337521 0.066880 -0.065556 1.000000 1.000000 1.000000
v -0.337521 0.066880 0.065147 1.000000 1.000000 1.000000
v -0.341114 0.024243 -0.065583 1.000000 1.000000 1.000000
v -0.344776 0.005089 -0.065557 1.000000 1.000000 1.000000
v -0.341114 0.024243 -0.065583 1.000000 1.000000 1.000000
v -0.344776 0.005089 0.065148 1.000000 1.000000 1.000000
v -0.352593 -0.018759 0.065078 1.000000 1.000000 1.000000
v -0.352593 -0.018759 -0.065488 1.000000 1.000000 1.000000
v -0.364253 -0.039843 -0.065454 1.000000 1.000000 1.000000
v -0.364253 -0.039843 0.065045 1.000000 1.000000 1.000000
v -0.380139 -0.058133 0.064951 1.000000 1.000000 1.000000
v -0.380139 -0.058133 -0.065361 1.000000 1.000000 1.000000
v 0.588590 0.030458 0.050934 1.000000 1.000000 1.000000
v 0.588591 0.030458 -0.051512 1.000000 1.000000 1.000000
v 0.581012 -0.013414 0.050943 1.000000 1.000000 1.000000
v 0.581013 -0.013415 -0.051522 1.000000 1.000000 1.000000
v 0.581013 -0.013415 -0.051522 1.000000 1.000000 1.000000
v 0.579521 -0.033508 -0.051510 1.000000 1.000000 1.000000
v 0.579521 -0.033507 0.050932 1.000000 1.000000 1.000000
v 0.580653 -0.059356 0.050902 1.000000 1.000000 1.000000
v 0.580653 -0.059357 -0.051481 1.000000 1.000000 1.000000
v 0.579521 -0.033507 0.050932 1.000000 1.000000 1.000000
v 0.829476 0.156553 0.088566 1.000000 1.000000 1.000000
v 0.848510 0.170270 -0.088586 1.000000 1.000000 1.000000
v 0.829473 0.156558 -0.088555 1.000000 1.000000 1.000000
v 0.848515 0.170265 0.088597 1.000000 1.000000 1.000000
v 0.829473 0.156558 -0.088555 1.000000 1.000000 1.000000
v 0.812492 0.136929 -0.088571 1.000000 1.000000 1.000000
v 0.812495 0.136923 0.088582 1.000000 1.000000 1.000000
v 0.799646 0.112915 0.088600 1.000000 1.000000 1.000000
v 0.799645 0.112919 -0.088595 1.000000 1.000000 1.000000
v -0.445184 0.137330 0.065085 1.000000 1.000000 1.000000
v -0.441142 0.138785 -0.065312 1.000000 1.000000 1.000000
v -0.441142 0.138785 0.064903 1.000000 1.000000 1.000000
v -0.445184 0.137330 -0.065495 1.000000 1.000000 1.000000
v -0.448246 0.135550 -0.065419 1.000000 1.000000 1.000000
v -0.445184 0.137330 -0.065495 1.000000 1.000000 1.000000
v -0.448246 0.135550 0.065009 1.000000 1.000000 1.000000
v -0.453323 0.130856 0.065026 1.000000 1.000000 1.000000
v -0.448246 0.135550 0.065009 1.000000 1.000000 1.000000
v -0.453324 0.130857 -0.065437 1.000000 1.000000 1.000000
v -0.458447 0.123429 -0.065498 1.000000 1.000000 1.000000
v -0.458724 0.123514 0.065510 1.000000 1.000000 1.000000
v -0.341969 0.111957 0.065144 1.000000 1.000000 1.000000
v -0.348630 0.133737 -0.065454 1.000000 1.000000 1.000000
v -0.348630 0.133737 0.065045 1.000000 1.000000 1.000000
v -0.341969 0.111957 -0.065554 1.000000 1.000000 1.000000
v -0.338718 0.092844 -0.065563 1.000000 1.000000 1.000000
v -0.338718 0.092844 0.065154 1.000000 1.000000 1.000000
v -0.337521 0.066880 0.065147 1.000000 1.000000 1.000000
v -0.337521 0.066880 -0.065556 1.000000 1.000000 1.000000
v -0.338718 0.092844 0.065154 1.000000 1.000000 1.000000
v 0.685855 -0.082779 0.050864 1.000000 1.000000 1.000000
v 0.693218 -0.071567 -0.051498 1.000000 1.000000 1.000000
v 0.685856 -0.082779 -0.051443 1.000000 1.000000 1.000000
v 0.693218 -0.071567 0.050919 1.000000 1.000000 1.000000
v 0.676986 -0.091014 -0.051373 1.000000 1.000000 1.000000
v 0.676985 -0.091014 0.050795 1.000000 1.000000 1.000000
v 0.712522 0.066130 0.050876 1.000000 1.000000 1.000000
v 0.708732 0.072728 -0.051440 1.000000 1.000000 1.000000
v 0.712519 0.066129 -0.051449 1.000000 1.000000 1.000000
v 0.708736 0.072729 0.050866 1.000000 1.000000 1.000000
v 0.693218 -0.071567 0.050919 1.000000 1.000000 1.000000
v 0.699563 -0.058019 -0.051515 1.000000 1.000000 1.000000
v 0.693218 -0.071567 -0.051498 1.000000 1.000000 1.000000
v 0.699563 -0.058019 0.050937 1.000000 1.000000 1.000000
v -0.464127 -0.010371 0.065004 1.000000 1.000000 1.000000
v -0.468509 0.001419 -0.065531 1.000000 1.000000 1.000000
v -0.468509 0.001419 0.065122 1.000000 1.000000 1.000000
v -0.464127 -0.010371 -0.065414 1.000000 1.000000 1.000000
v -0.457735 -0.019664 -0.065275 1.000000 1.000000 1.000000
v -0.457735 -0.019664 0.064864 1.000000 1.000000 1.000000
v 0.699563 -0.058019 0.050937 1.000000 1.000000 1.000000
v 0.704903 -0.042276 -0.051516 1.000000 1.000000 1.000000
v 0.699563 -0.058019 -0.051515 1.000000 1.000000 1.000000
v 0.704902 -0.042275 0.050938 1.000000 1.000000 1.000000
v 0.715520 0.056747 0.050905 1.000000 1.000000 1.000000
v 0.712519 0.066129 -0.051449 1.000000 1.000000 1.000000
v 0.715522 0.056742 -0.051483 1.000000 1.000000 1.000000
v 0.712522 0.066130 0.050876 1.000000 1.000000 1.000000
v 0.715985 0.053578 -0.051510 1.000000 1.000000 1.000000
v 0.717184 0.045292 0.050925 1.000000 1.000000 1.000000
v 0.717185 0.045293 -0.051503 1.000000 1.000000 1.000000
v 0.714196 -0.000099 -0.051514 1.000000 1.000000 1.000000
v 0.704902 -0.042275 0.050938 1.000000 1.000000 1.000000
v 0.714194 -0.000098 0.050935 1.000000 1.000000 1.000000
v 0.704903 -0.042276 -0.051516 1.000000 1.000000 1.000000
v 0.717184 0.045292 0.050925 1.000000 1.000000 1.000000
v 0.717341 0.030639 -0.051515 1.000000 1.000000 1.000000
v 0.717340 0.030640 0.050937 1.000000 1.000000 1.000000
v 0.717185 0.045293 -0.051503 1.000000 1.000000 1.000000
v 0.714194 -0.000098 0.050935 1.000000 1.000000 1.000000
v 0.717340 0.030640 0.050937 1.000000 1.000000 1.000000
v 0.714196 -0.000099 -0.051514 1.000000 1.000000 1.000000
v 0.927236 0.118165 0.088596 1.000000 1.000000 1.000000
v 0.931905 0.115094 -0.088552 1.000000 1.000000 1.000000
v 0.931908 0.115097 0.088561 1.000000 1.000000 1.000000
v 0.927232 0.118163 -0.088587 1.000000 1.000000 1.000000
v 0.939204 0.107494 0.088576 1.000000 1.000000 1.000000
v 0.931908 0.115097 0.088561 1.000000 1.000000 1.000000
v 0.939201 0.107491 -0.088567 1.000000 1.000000 1.000000
v -0.466673 0.100579 -0.065564 1.000000 1.000000 1.000000
v -0.466673 0.100579 0.065155 1.000000 1.000000 1.000000
v -0.471290 0.071777 0.065152 1.000000 1.000000 1.000000
v -0.471290 0.071777 -0.065562 1.000000 1.000000 1.000000
v -0.462874 0.113697 0.065128 1.000000 1.000000 1.000000
v -0.466673 0.100579 0.065155 1.000000 1.000000 1.000000
v -0.462874 0.113697 -0.065538 1.000000 1.000000 1.000000
v -0.458447 0.123429 -0.065498 1.000000 1.000000 1.000000
v -0.462874 0.113697 0.065128 1.000000 1.000000 1.000000
v -0.458724 0.123514 0.065510 1.000000 1.000000 1.000000
v -0.471290 0.071777 -0.065562 1.000000 1.000000 1.000000
v -0.471290 0.071777 0.065152 1.000000 1.000000 1.000000
v -0.472690 0.030829 0.065159 1.000000 1.000000 1.000000
v -0.472690 0.030829 -0.065569 1.000000 1.000000 1.000000
v -0.471366 0.015228 0.065159 1.000000 1.000000 1.000000
v -0.472690 0.030829 -0.065569 1.000000 1.000000 1.000000
v -0.471366 0.015228 -0.065569 1.000000 1.000000 1.000000
v -0.468509 0.001419 0.065122 1.000000 1.000000 1.000000
v -0.468509 0.001419 -0.065531 1.000000 1.000000 1.000000
v -0.471366 0.015228 0.065159 1.000000 1.000000 1.000000
v 0.790726 0.082294 0.088669 1.000000 1.000000 1.000000
v 0.799645 0.112919 -0.088595 1.000000 1.000000 1.000000
v 0.790726 0.082292 -0.088668 1.000000 1.000000 1.000000
v 0.799646 0.112915 0.088600 1.000000 1.000000 1.000000
v 0.784568 0.018115 0.088676 1.000000 1.000000 1.000000
v 0.784568 0.018114 -0.088675 1.000000 1.000000 1.000000
v 0.789051 -0.043384 0.088694 1.000000 1.000000 1.000000
v 0.789052 -0.043384 -0.088694 1.000000 1.000000 1.000000
v 0.789052 -0.043384 -0.088694 1.000000 1.000000 1.000000
v 0.793766 -0.070888 -0.088674 1.000000 1.000000 1.000000
v 0.793765 -0.070887 0.088674 1.000000 1.000000 1.000000
v 0.803928 -0.105249 0.088622 1.000000 1.000000 1.000000
v 0.803930 -0.105250 -0.088622 1.000000 1.000000 1.000000
v 0.786317 0.055208 0.088679 1.000000 1.000000 1.000000
v 0.790726 0.082292 -0.088668 1.000000 1.000000 1.000000
v 0.786319 0.055207 -0.088679 1.000000 1.000000 1.000000
v 0.790726 0.082294 0.088669 1.000000 1.000000 1.000000
v 0.784568 0.018115 0.088676 1.000000 1.000000 1.000000
v 0.786319 0.055207 -0.088679 1.000000 1.000000 1.000000
v 0.784568 0.018114 -0.088675 1.000000 1.000000 1.000000
v 0.786317 0.055208 0.088679 1.000000 1.000000 1.000000
v -0.598553 0.323104 0.000761 1.000000 1.000000 1.000000
v -0.595009 0.302740 0.004304 1.000000 1.000000 1.000000
v -0.595009 0.302740 -0.005190 1.000000 1.000000 1.000000
v -0.598553 0.323104 -0.001647 1.000000 1.000000 1.000000
v -0.563441 -0.046950 0.039492 1.000000 1.000000 1.000000
v -0.563441 0.226590 -0.040335 1.000000 1.000000 1.000000
v -0.563441 0.226590 0.039492 1.000000 1.000000 1.000000
v -0.563441 -0.046950 -0.040335 1.000000 1.000000 1.000000
v 0.943983 -0.115588 0.088436 1.000000 1.000000 1.000000
v 0.953153 -0.101554 -0.088556 1.000000 1.000000 1.000000
v 0.943984 -0.115588 -0.088436 1.000000 1.000000 1.000000
v 0.953151 -0.101554 0.088556 1.000000 1.000000 1.000000
v 0.934012 -0.122862 -0.088380 1.000000 1.000000 1.000000
v 0.934011 -0.122863 0.088381 1.000000 1.000000 1.000000
v -0.583478 0.222059 -0.014884 1.000000 1.000000 1.000000
v -0.583478 0.302195 -0.014884 1.000000 1.000000 1.000000
v -0.583478 0.222059 0.013998 1.000000 1.000000 1.000000
v -0.583478 0.302195 0.013998 1.000000 1.000000 1.000000
v -0.583478 0.296357 -0.000443 1.000000 1.000000 1.000000
v -0.583478 0.307294 -0.026849 1.000000 1.000000 1.000000
v -0.583478 0.303826 -0.000443 1.000000 1.000000 1.000000
v -0.583478 0.312576 -0.021568 1.000000 1.000000 1.000000
v -0.583478 0.312576 0.020681 1.000000 1.000000 1.000000
v -0.583478 0.333700 -0.037786 1.000000 1.000000 1.000000
v -0.583478 0.307294 0.025963 1.000000 1.000000 1.000000
v -0.583478 0.333700 -0.030318 1.000000 1.000000 1.000000
v -0.583478 0.333700 0.036900 1.000000 1.000000 1.000000
v -0.583478 0.360105 -0.026849 1.000000 1.000000 1.000000
v -0.583478 0.333700 0.029432 1.000000 1.000000 1.000000
v -0.583478 0.354824 -0.021568 1.000000 1.000000 1.000000
v -0.583478 0.360105 0.025963 1.000000 1.000000 1.000000
v -0.583478 0.363574 -0.000443 1.000000 1.000000 1.000000
v -0.583478 0.354824 0.020681 1.000000 1.000000 1.000000
v -0.583478 0.371043 -0.000443 1.000000 1.000000 1.000000
v 0.946369 0.095885 0.088627 1.000000 1.000000 1.000000
v 0.939201 0.107491 -0.088567 1.000000 1.000000 1.000000
v 0.946374 0.095879 -0.088628 1.000000 1.000000 1.000000
v 0.939204 0.107494 0.088576 1.000000 1.000000 1.000000
v 0.948055 0.091782 -0.088672 1.000000 1.000000 1.000000
v 0.952436 0.081047 0.088660 1.000000 1.000000 1.000000
v 0.952437 0.081048 -0.088660 1.000000 1.000000 1.000000
v 0.963594 0.019043 0.088679 1.000000 1.000000 1.000000
v 0.965207 -0.040750 -0.088684 1.000000 1.000000 1.000000
v 0.965207 -0.040749 0.088685 1.000000 1.000000 1.000000
v 0.963595 0.019042 -0.088679 1.000000 1.000000 1.000000
v 0.957546 0.061406 -0.088680 1.000000 1.000000 1.000000
v 0.957546 0.061407 0.088681 1.000000 1.000000 1.000000
v 0.963595 0.019042 -0.088679 1.000000 1.000000 1.000000
v 0.952436 0.081047 0.088660 1.000000 1.000000 1.000000
v 0.957546 0.061407 0.088681 1.000000 1.000000 1.000000
v 0.952437 0.081048 -0.088660 1.000000 1.000000 1.000000
v 0.963295 -0.063695 0.088683 1.000000 1.000000 1.000000
v 0.965207 -0.040749 0.088685 1.000000 1.000000 1.000000
v 0.963296 -0.063695 -0.088683 1.000000 1.000000 1.000000
v 0.959300 -0.084024 -0.088651 1.000000 1.000000 1.000000
v 0.959298 -0.084024 0.088652 1.000000 1.000000 1.000000
v 0.953151 -0.101554 0.088556 1.000000 1.000000 1.000000
v 0.953153 -0.101554 -0.088556 1.000000 1.000000 1.000000
v -0.943003 0.038707 -0.000443 1.000000 1.000000 1.000000
v -0.943003 0.051202 -0.030607 1.000000 1.000000 1.000000
v -0.943003 0.059820 -0.021989 1.000000 1.000000 1.000000
v -0.943003 0.081367 -0.043102 1.000000 1.000000 1.000000
v -0.943003 0.050895 -0.000443 1.000000 1.000000 1.000000
v -0.943003 0.081367 -0.030914 1.000000 1.000000 1.000000
v -0.943003 0.051202 0.029722 1.000000 1.000000 1.000000
v -0.943003 0.111532 -0.030607 1.000000 1.000000 1.000000
v -0.943003 0.059820 0.021104 1.000000 1.000000 1.000000
v -0.943003 0.102913 -0.021989 1.000000 1.000000 1.000000
v -0.943003 0.081367 0.042216 1.000000 1.000000 1.000000
v -0.943003 0.124026 -0.000443 1.000000 1.000000 1.000000
v -0.943003 0.081367 0.030028 1.000000 1.000000 1.000000
v -0.943003 0.111838 -0.000443 1.000000 1.000000 1.000000
v -0.943003 0.111532 0.029722 1.000000 1.000000 1.000000
v -0.943003 0.102913 0.021104 1.000000 1.000000 1.000000

vn -1.000000 0.000489 -0.000489
vn -1.000000 0.000489 -0.000489
vn -1.000000 0.000489 -0.000489
vn -1.000000 0.000489 -0.000489
vn -1.000000 0.000489 -0.000489
vn -1.000000 0.000489 -0.000489
vn -1.000000 0.000489 -0.000489
vn -1.000000 0.000489 -0.000489
vn -1.000000 0.000489 -0.000489
vn -1.000000 0.000489 -0.000489
vn -1.000000 0.000489 -0.000489
vn -1.000000 0.000489 -0.000489
vn -1.000000 0.000489 -0.000489
vn -1.000000 0.000489 -0.000489
vn -1.000000 0.000489 -0.000489
vn -1.000000 0.000489 -0.000489
vn -0.000489 -1.000000 -0.000489
vn -0.630679 -0.548608 -0.548608
vn -0.000489 -0.706888 -0.706888
vn -0.000489 0.000489 -1.000000
vn -0.630679 0.000489 -0.776258
vn -0.000489 0.706888 -0.706888
vn -0.630679 0.548608 -0.548608
vn -0.000489 1.000000 -0.000489
vn -0.630679 -0.776258 -0.000489
vn -0.000489 -0.706888 0.706888
vn -0.630679 0.776258 -0.000489
vn -0.000489 0.706888 0.706888
vn -0.630679 0.548608 0.548608
vn -0.000489 0.000489 1.000000
vn -0.630679 -0.548608 0.548608
vn -0.630679 0.000489 0.776258
vn 0.993161 -0.120664 -0.000489
vn 1.000000 -0.012213 -0.000489
vn 1.000000 -0.012213 -0.000489
vn 0.993161 -0.120664 -0.000489
vn 0.963850 -0.266243 -0.000489
vn 0.993161 -0.120664 -0.000489
vn 0.993161 -0.120664 -0.000489
vn 0.963850 -0.266243 -0.000489
vn 1.000000 -0.012213 -0.000489
vn 0.995115 0.096238 -0.000489
vn 0.995115 0.096238 -0.000489
vn 1.000000 -0.012213 -0.000489
vn 0.995115 0.096238 -0.000489
vn 0.977528 0.210552 -0.000489
vn 0.977528 0.210552 -0.000489
vn 0.995115 0.096238 -0.000489
vn 0.882755 0.469468 -0.000489
vn 0.946263 0.322912 -0.000489
vn 0.882755 0.469468 -0.000489
vn 0.946263 0.322912 -0.000489
vn 0.977528 0.210552 -0.000489
vn 0.977528 0.210552 -0.000489
vn 0.767465 0.641426 -0.000489
vn 0.882755 0.469468 -0.000489
vn 0.767465 0.641426 -0.000489
vn 0.882755 0.469468 -0.000489
vn 0.895457 -0.445042 -0.000489
vn 0.963850 -0.266243 -0.000489
vn 0.963850 -0.266243 -0.000489
vn 0.895457 -0.445042 -0.000489
vn 0.759648 -0.650220 -0.000489
vn 0.759648 -0.650220 -0.000489
vn 0.532975 -0.845628 -0.000489
vn 0.532975 -0.845628 -0.000489
vn 0.274060 -0.961895 -0.000489
vn 0.274060 -0.961895 -0.000489
vn 0.532975 -0.845628 -0.000489
vn -0.985344 0.171470 -0.000489
vn -0.985344 0.171470 -0.000489
vn -0.985344 0.171470 -0.000489
vn -0.985344 0.171470 -0.000489
vn -1.000000 0.000489 -0.000489
vn -1.000000 0.000489 -0.000489
vn -1.000000 0.000489 -0.000489
vn -1.000000 0.000489 -0.000489
vn -1.000000 0.000489 -0.000489
vn -1.000000 0.000489 -0.000489
vn -1.000000 0.000489 -0.000489
vn -1.000000 0.000489 -0.000489
vn -1.000000 0.000489 -0.000489
vn -1.000000 0.000489 -0.000489
vn -1.000000 0.000489 -0.000489
vn -1.000000 0.000489 -0.000489
vn -1.000000 0.000489 -0.000489
vn -1.000000 0.000489 -0.000489
vn -1.000000 0.000489 -0.000489
vn -1.000000 0.000489 -0.000489
vn -1.000000 0.000489 -0.000489
vn -1.000000 0.000489 -0.000489
vn -1.000000 0.000489 -0.000489
vn -1.000000 0.000489 -0.000489
vn -1.000000 0.000489 -0.000489
vn -1.000000 0.000489 -0.000489
vn -1.000000 0.000489 -0.000489
vn -1.000000 0.000489 -0.000489
vn 0.996092 -0.089399 -0.000489
vn 0.996092 -0.089399 -0.000489
vn 1.000000 0.024915 -0.000489
vn 1.000000 0.024915 -0.000489
vn 0.977528 -0.211529 0.000489
vn 0.996092 -0.089399 -0.000489
vn 0.977528 -0.210552 0.000489
vn 0.932584 -0.360039 0.000489
vn 0.977528 -0.211529 0.000489
vn 0.932584 -0.360039 0.000489
vn 1.000000 0.024915 -0.000489
vn 1.000000 0.024915 -0.000489
vn 0.990230 0.137274 -0.000489
vn 0.990230 0.137274 -0.000489
vn 0.969712 0.243771 -0.000489
vn 0.990230 0.137274 -0.000489
vn 0.990230 0.137274 -0.000489
vn 0.969712 0.243771 -0.000489
vn 0.610161 0.792868 -0.000489
vn 0.767465 0.641426 -0.000489
vn 0.610161 0.792868 -0.000489
vn 0.767465 0.641426 -0.000489
vn 0.931607 0.361993 -0.000489
vn 0.969712 0.243771 -0.000489
vn 0.969712 0.243771 -0.000489
vn 0.931607 0.361993 -0.000489
vn -0.994138 0.109917 -0.000489
vn -0.994138 0.109917 -0.000489
vn -1.000000 -0.007328 -0.000489
vn -1.000000 -0.007328 -0.000489
vn -0.972643 0.234001 -0.000489
vn -0.972643 0.234001 -0.000489
vn -0.994138 0.109917 -0.000489
vn -1.000000 -0.007328 -0.000489
vn -0.992184 -0.123595 -0.000489
vn -0.992184 -0.123595 -0.000489
vn -0.960918 -0.277968 -0.000489
vn -0.960918 -0.277968 -0.000489
vn -0.886663 -0.462628 -0.000489
vn -0.886663 -0.462628 -0.000489
vn -0.746947 -0.664875 -0.000489
vn -0.746947 -0.664875 -0.000489
vn 0.967758 -0.252565 -0.000489
vn 0.989253 -0.147044 -0.000489
vn 0.989253 -0.147044 -0.000489
vn 0.967758 -0.252565 -0.000489
vn 1.000000 -0.030777 -0.000489
vn 0.989253 -0.147044 -0.000489
vn 1.000000 -0.030777 -0.000489
vn 0.996092 0.084514 -0.000489
vn 1.000000 -0.030777 -0.000489
vn 0.996092 0.084514 -0.000489
vn 0.969712 0.242794 -0.000489
vn 0.969712 0.242794 -0.000489
vn -0.861260 0.508549 -0.000489
vn -0.861260 0.508549 -0.000489
vn -0.730337 0.683439 -0.000489
vn -0.730337 0.683439 -0.000489
vn -0.935515 0.353200 -0.000489
vn -0.935515 0.353200 -0.000489
vn -0.972643 0.234001 -0.000489
vn -0.972643 0.234001 -0.000489
vn 0.934538 -0.356131 -0.000489
vn 0.967758 -0.252565 -0.000489
vn 0.967758 -0.252565 -0.000489
vn 0.934538 -0.356131 -0.000489
vn 0.848559 0.528090 -0.000489
vn 0.931607 0.361993 -0.000489
vn 0.931607 0.361993 -0.000489
vn 0.848559 0.528090 -0.000489
vn 0.871031 -0.490962 -0.000489
vn 0.934538 -0.356131 -0.000489
vn 0.934538 -0.356131 -0.000489
vn 0.871031 -0.490962 -0.000489
vn 0.844651 -0.535906 0.000489
vn 0.702980 -0.710796 -0.000489
vn 0.702980 -0.710796 -0.000489
vn 0.843674 -0.535906 0.000489
vn 0.932584 -0.360039 0.000489
vn 0.932584 -0.360039 0.000489
vn 0.899365 0.437225 -0.000489
vn 0.783097 0.621886 -0.000489
vn 0.783097 0.621886 -0.000489
vn 0.899365 0.437225 -0.000489
vn 0.969712 0.242794 -0.000489
vn 0.969712 0.242794 -0.000489
vn -0.000489 1.000000 -0.000489
vn -0.279922 0.959941 -0.000489
vn -0.000489 1.000000 -0.000489
vn -0.279922 0.959941 -0.000489
vn -0.876893 0.481192 -0.000489
vn -0.876893 0.481192 -0.000489
vn -1.000000 0.000489 -0.000489
vn -1.000000 0.000489 -0.000489
vn 0.761602 -0.648266 -0.000489
vn 0.871031 -0.490962 -0.000489
vn 0.871031 -0.490962 -0.000489
vn 0.761602 -0.648266 -0.000489
vn 0.579873 -0.814362 -0.000489
vn 0.579873 -0.814362 -0.000489
vn 0.434294 0.901319 -0.000489
vn 0.610161 0.792868 -0.000489
vn 0.434294 0.901319 -0.000489
vn 0.610161 0.792868 -0.000489
vn -0.999023 0.031754 -0.000489
vn -0.988276 0.152907 -0.000489
vn -0.999023 0.031754 -0.000489
vn -0.988276 0.152907 -0.000489
vn -0.962873 0.269174 -0.000489
vn -0.988276 0.152907 -0.000489
vn -0.962873 0.269174 -0.000489
vn -0.962873 0.269174 -0.000489
vn -0.917929 0.397167 -0.000489
vn -0.917929 0.397167 -0.000489
vn -0.974597 -0.223254 -0.000489
vn -0.926722 -0.374695 -0.000489
vn -0.974597 -0.224231 -0.000489
vn -0.956033 -0.293600 -0.000489
vn -0.926722 -0.376649 -0.000489
vn -0.996092 -0.091353 -0.000489
vn -0.996092 -0.091353 -0.000489
vn -0.999023 0.031754 -0.000489
vn -0.999023 0.031754 -0.000489
vn -0.996092 -0.091353 -0.000489
vn 0.976551 -0.217391 -0.000489
vn 0.976551 -0.217391 -0.000489
vn 0.994138 -0.106009 -0.000489
vn 0.994138 -0.106009 -0.000489
vn -0.730337 0.683439 -0.000489
vn -0.730337 0.683439 -0.000489
vn -0.560332 0.828041 -0.000489
vn -0.560332 0.828041 -0.000489
vn 1.000000 0.002443 -0.000489
vn 0.994138 -0.106009 -0.000489
vn 0.994138 -0.106009 -0.000489
vn 1.000000 0.002443 -0.000489
vn 0.661944 0.748901 -0.000489
vn 0.848559 0.528090 -0.000489
vn 0.848559 0.528090 -0.000489
vn 0.661944 0.748901 -0.000489
vn 0.992184 0.126527 -0.000489
vn 1.000000 0.002443 -0.000489
vn 1.000000 0.002443 -0.000489
vn 0.992184 0.126527 -0.000489
vn 0.945286 -0.326820 -0.000489
vn 0.945286 -0.326820 -0.000489
vn 0.976551 -0.217391 -0.000489
vn 0.976551 -0.217391 -0.000489
vn 0.897411 -0.441133 0.000489
vn 0.945286 -0.326820 -0.000489
vn 0.897411 -0.441133 0.000489
vn 0.818271 -0.574988 0.000489
vn 0.897411 -0.441133 0.000489
vn 0.818271 -0.574988 0.000489
vn 0.951148 0.308256 -0.000489
vn 0.992184 0.126527 -0.000489
vn 0.992184 0.126527 -0.000489
vn 0.951148 0.308256 -0.000489
vn -0.821202 0.570103 -0.000489
vn -0.821202 0.570103 -0.000489
vn -0.917929 0.397167 -0.000489
vn -0.917929 0.397167 -0.000489
vn -0.968735 0.246702 -0.000489
vn -0.968735 0.246702 -0.000489
vn -0.990230 0.141182 -0.000489
vn -0.990230 0.141182 -0.000489
vn -0.968735 0.246702 -0.000489
vn -0.933561 0.358085 -0.000489
vn -0.968735 0.246702 -0.000489
vn -0.933561 0.358085 -0.000489
vn 0.524182 -0.851490 -0.000489
vn 0.524182 -0.851490 -0.000489
vn 0.524182 -0.851490 -0.000489
vn 0.524182 -0.851490 -0.000489
vn -0.933561 0.358085 -0.000489
vn -0.884709 0.465559 -0.000489
vn -0.933561 0.358085 -0.000489
vn -0.884709 0.465559 -0.000489
vn 0.515388 0.856375 -0.000489
vn 0.638495 0.769419 -0.000489
vn 0.515388 0.856375 -0.000489
vn 0.638495 0.769419 -0.000489
vn 0.783097 0.621886 -0.000489
vn 0.783097 0.621886 -0.000489
vn -0.884709 0.465559 -0.000489
vn -0.795799 0.605276 -0.000489
vn -0.884709 0.465559 -0.000489
vn -0.795799 0.605276 -0.000489
vn 0.986321 -0.164631 -0.000489
vn 1.000000 -0.016121 -0.000489
vn 1.000000 -0.016121 -0.000489
vn 0.986321 -0.164631 -0.000489
vn 0.936492 -0.349292 -0.000489
vn 0.936492 -0.349292 -0.000489
vn 0.996092 0.092330 -0.000489
vn 0.996092 0.092330 -0.000489
vn 0.979482 0.199805 -0.000489
vn 0.979482 0.199805 -0.000489
vn 1.000000 -0.016121 -0.000489
vn 1.000000 -0.016121 -0.000489
vn 0.996092 0.092330 -0.000489
vn 0.950171 0.312164 -0.000489
vn 0.979482 0.199805 -0.000489
vn 0.950171 0.312164 -0.000489
vn 0.936492 -0.349292 -0.000489
vn 0.823156 -0.568148 -0.000489
vn 0.936492 -0.349292 -0.000489
vn 0.823156 -0.568148 -0.000489
vn -0.526136 -0.850513 -0.000489
vn -0.746947 -0.664875 -0.000489
vn -0.526136 -0.850513 -0.000489
vn -0.746947 -0.664875 -0.000489
vn -0.526136 -0.850513 -0.000489
vn -0.284807 -0.958964 -0.000489
vn -0.284807 -0.958964 -0.000489
vn 0.579873 -0.814362 -0.000489
vn 0.313141 -0.949194 -0.000489
vn 0.579873 -0.814362 -0.000489
vn 0.313141 -0.949194 -0.000489
vn 0.293600 0.956033 -0.000489
vn 0.434294 0.901319 -0.000489
vn 0.293600 0.956033 -0.000489
vn 0.434294 0.901319 -0.000489
vn 0.823156 0.567171 -0.000489
vn 0.951148 0.308256 -0.000489
vn 0.951148 0.308256 -0.000489
vn 0.823156 0.567171 -0.000489
vn -0.795799 0.605276 -0.000489
vn -0.649243 0.760625 -0.000489
vn -0.795799 0.605276 -0.000489
vn -0.649243 0.760625 -0.000489
vn 0.829018 0.559355 -0.000489
vn 0.907181 0.419639 -0.000489
vn 0.829018 0.559355 -0.000489
vn 0.907181 0.419639 -0.000489
vn 0.950171 0.312164 -0.000489
vn 0.950171 0.312164 -0.000489
vn -0.999023 0.033708 -0.000489
vn -0.990230 0.141182 -0.000489
vn -0.999023 0.033708 -0.000489
vn -0.990230 0.141182 -0.000489
vn -0.999023 0.033708 -0.000489
vn -0.994138 -0.111871 -0.000489
vn -0.994138 -0.111871 -0.000489
vn -0.956033 -0.293600 -0.000489
vn -0.956033 -0.293600 -0.000489
vn -0.860283 -0.510503 -0.000489
vn -0.860283 -0.510503 -0.000489
vn -0.679531 -0.734245 -0.000489
vn -0.679531 -0.734245 -0.000489
vn -0.679531 -0.734245 -0.000489
vn -0.452858 -0.891549 -0.000489
vn -0.452858 -0.891549 -0.000489
vn -0.226185 -0.973620 -0.000489
vn -0.226185 -0.973620 -0.000489
vn 0.702980 -0.710796 -0.000489
vn 0.546654 -0.836834 -0.000489
vn 0.546654 -0.836834 -0.000489
vn 0.702980 -0.710796 -0.000489
vn -0.535906 -0.844651 -0.000489
vn -0.535906 -0.844651 -0.000489
vn -0.692232 -0.721544 -0.000489
vn -0.692232 -0.721544 -0.000489
vn -0.692232 -0.721544 -0.000489
vn -0.833903 -0.552516 -0.000489
vn -0.833903 -0.552516 -0.000489
vn -0.926722 -0.376649 -0.000489
vn -0.926722 -0.374695 -0.000489
vn -0.912066 -0.410845 -0.000489
vn -0.912066 -0.410845 -0.000489
vn -0.961895 -0.274060 -0.000489
vn -0.961895 -0.274060 -0.000489
vn -0.820225 -0.573034 -0.000489
vn -0.820225 -0.573034 -0.000489
vn 0.696141 0.717636 -0.000489
vn 0.829018 0.559355 -0.000489
vn 0.696141 0.717636 -0.000489
vn 0.829018 0.559355 -0.000489
vn -0.649243 0.760625 -0.000489
vn -0.460674 0.887640 -0.000489
vn -0.649243 0.760625 -0.000489
vn -0.460674 0.887640 -0.000489
vn -0.998046 -0.062042 -0.000489
vn -0.998046 -0.062042 -0.000489
vn -0.985344 -0.169516 -0.000489
vn -0.985344 -0.169516 -0.000489
vn -0.998046 0.055203 -0.000489
vn -0.998046 0.055203 -0.000489
vn -0.998046 -0.062042 -0.000489
vn -0.985344 -0.169516 -0.000489
vn -0.961895 -0.274060 -0.000489
vn -0.961895 -0.274060 -0.000489
vn 0.690278 -0.723498 0.000489
vn 0.510503 -0.860283 -0.000489
vn 0.510503 -0.860283 -0.000489
vn 0.689301 -0.724475 0.000489
vn 0.818271 -0.574988 0.000489
vn 0.818271 -0.574988 0.000489
vn -0.984367 0.177333 -0.000489
vn -0.957987 0.286761 -0.000489
vn -0.984367 0.177333 -0.000489
vn -0.957987 0.286761 -0.000489
vn -0.998046 -0.059111 -0.000489
vn -0.998046 0.063996 -0.000489
vn -0.998046 0.063996 -0.000489
vn -0.998046 -0.059111 -0.000489
vn -0.984367 0.177333 -0.000489
vn -0.998046 0.063996 -0.000489
vn -0.984367 0.177333 -0.000489
vn 0.274060 -0.961895 -0.000489
vn 0.033708 -0.999023 -0.000489
vn 0.274060 -0.961895 -0.000489
vn 0.033708 -0.999023 -0.000489
vn -0.920860 0.390327 -0.000489
vn -0.957987 0.286761 -0.000489
vn -0.920860 0.390327 -0.000489
vn -0.957987 0.286761 -0.000489
vn -0.864192 0.503664 -0.000489
vn -0.920860 0.390327 -0.000489
vn -0.864192 0.503664 -0.000489
vn -0.920860 0.390327 -0.000489
vn -0.985344 0.172447 -0.000489
vn -0.943332 0.331705 -0.000489
vn -0.985344 0.172447 -0.000489
vn -0.943332 0.331705 -0.000489
vn -0.998046 0.055203 -0.000489
vn -0.998046 0.055203 -0.000489
vn 0.524182 0.851490 -0.000489
vn 0.696141 0.717636 -0.000489
vn 0.524182 0.851490 -0.000489
vn 0.696141 0.717636 -0.000489
vn 0.823156 -0.568148 -0.000489
vn 0.618955 -0.786028 -0.000489
vn 0.823156 -0.568148 -0.000489
vn 0.618955 -0.786028 -0.000489
vn 0.372741 -0.927699 -0.000489
vn 0.618955 -0.786028 -0.000489
vn 0.372741 -0.927699 -0.000489
vn 0.138251 -0.990230 -0.000489
vn 0.138251 -0.990230 -0.000489
vn -0.661944 -0.748901 -0.000489
vn -0.820225 -0.573034 -0.000489
vn -0.661944 -0.748901 -0.000489
vn -0.820225 -0.573034 -0.000489
vn -0.421593 -0.907181 -0.000489
vn -0.421593 -0.907181 -0.000489
vn -0.157792 -0.987298 -0.000489
vn -0.421593 -0.907181 -0.000489
vn -0.157792 -0.987298 -0.000489
vn 0.082560 -0.996092 -0.000489
vn 0.082560 -0.996092 -0.000489
vn 1.000000 0.015144 -0.000489
vn 1.000000 0.015144 -0.000489
vn 0.991207 0.129458 -0.000489
vn 0.991207 0.129458 -0.000489
vn 0.994138 -0.107963 0.000489
vn 1.000000 0.015144 -0.000489
vn 0.994138 -0.107963 0.000489
vn 0.965804 -0.260381 0.000489
vn 0.994138 -0.107963 0.000489
vn 0.965804 -0.260381 0.000489
vn 0.991207 0.129458 -0.000489
vn 0.991207 0.129458 -0.000489
vn 0.970689 0.238886 -0.000489
vn 0.970689 0.238886 -0.000489
vn -0.460674 0.887640 -0.000489
vn -0.260381 0.965804 -0.000489
vn -0.460674 0.887640 -0.000489
vn -0.260381 0.965804 -0.000489
vn 0.419639 -0.908158 -0.000489
vn 0.147044 -0.989253 -0.000489
vn 0.419639 -0.908158 -0.000489
vn 0.147044 -0.989253 -0.000489
vn -0.095261 -0.995115 -0.000489
vn -0.095261 -0.995115 -0.000489
vn 0.546654 -0.836834 -0.000489
vn 0.333659 -0.942355 -0.000489
vn 0.333659 -0.942355 -0.000489
vn 0.546654 -0.836834 -0.000489
vn 0.939424 0.343429 -0.000489
vn 0.970689 0.238886 -0.000489
vn 0.970689 0.238886 -0.000489
vn 0.939424 0.343429 -0.000489
vn -0.932584 -0.361993 -0.000489
vn -0.969712 -0.244748 -0.000489
vn -0.969712 -0.244748 -0.000489
vn -0.932584 -0.361993 -0.000489
vn -0.991207 -0.133366 -0.000489
vn -0.969712 -0.244748 -0.000489
vn -0.991207 -0.133366 -0.000489
vn -0.000489 1.000000 -0.000489
vn -0.000489 1.000000 -0.000489
vn -0.000489 1.000000 -0.000489
vn -0.000489 1.000000 -0.000489
vn 0.564240 0.825110 -0.000489
vn 0.823156 0.567171 -0.000489
vn 0.823156 0.567171 -0.000489
vn 0.564240 0.825110 -0.000489
vn -0.751832 0.659013 -0.000489
vn -0.864192 0.503664 -0.000489
vn -0.751832 0.659013 -0.000489
vn -0.864192 0.503664 -0.000489
vn -0.522228 0.852467 -0.000489
vn -0.522228 0.852467 -0.000489
vn -0.505618 -0.863214 -0.000489
vn -0.690278 -0.723498 -0.000489
vn -0.690278 -0.723498 -0.000489
vn -0.505618 -0.863214 -0.000489
vn -0.816317 -0.576942 -0.000489
vn -0.816317 -0.576942 -0.000489
vn -0.690278 -0.723498 -0.000489
vn -0.816317 -0.576942 -0.000489
vn -0.922814 -0.386419 -0.000489
vn -0.922814 -0.386419 -0.000489
vn -0.978505 -0.206644 -0.000489
vn -0.978505 -0.206644 -0.000489
vn -0.992184 -0.125550 -0.000489
vn -0.998046 -0.059111 -0.000489
vn -0.998046 -0.059111 -0.000489
vn -0.991207 -0.133366 -0.000489
vn -1.000000 -0.021006 -0.000489
vn -0.991207 -0.133366 -0.000489
vn -1.000000 -0.021006 -0.000489
vn -0.996092 0.089399 -0.000489
vn -1.000000 -0.021006 -0.000489
vn -0.996092 0.089399 -0.000489
vn -0.759648 -0.650220 -0.000489
vn -0.759648 -0.650220 -0.000489
vn -0.600391 -0.799707 -0.000489
vn -0.600391 -0.799707 -0.000489
vn -0.868100 -0.496825 -0.000489
vn -0.868100 -0.495848 -0.000489
vn -0.906204 -0.423547 -0.000489
vn -0.932584 -0.361993 -0.000489
vn -0.932584 -0.361993 -0.000489
vn 0.992184 -0.127504 -0.000489
vn 0.961895 -0.273083 -0.000489
vn 0.992184 -0.127504 -0.000489
vn 0.961895 -0.273083 -0.000489
vn 0.892526 -0.451881 -0.000489
vn 0.892526 -0.451881 -0.000489
vn 0.889595 0.457743 -0.000489
vn 0.939424 0.343429 -0.000489
vn 0.939424 0.343429 -0.000489
vn 0.889595 0.457743 -0.000489
vn 0.313141 -0.949194 -0.000489
vn 0.033708 -0.999023 -0.000489
vn 0.313141 -0.949194 -0.000489
vn 0.033708 -0.999023 -0.000489
vn 0.348315 0.937469 -0.000489
vn 0.661944 0.748901 -0.000489
vn 0.661944 0.748901 -0.000489
vn 0.348315 0.937469 -0.000489
vn 0.337567 0.941378 -0.000489
vn 0.524182 0.851490 -0.000489
vn 0.337567 0.941378 -0.000489
vn 0.524182 0.851490 -0.000489
vn -0.956033 0.292623 -0.000489
vn -0.956033 0.292623 -0.000489
vn -0.891549 0.451881 -0.000489
vn -0.891549 0.451881 -0.000489
vn 1.000000 -0.019052 -0.000489
vn 0.992184 -0.127504 -0.000489
vn 1.000000 -0.019052 -0.000489
vn 0.992184 -0.127504 -0.000489
vn -0.985344 0.170493 -0.000489
vn -0.985344 0.170493 -0.000489
vn -0.956033 0.292623 -0.000489
vn -0.956033 0.292623 -0.000489
vn -0.330728 -0.943332 -0.000489
vn -0.575965 -0.817294 -0.000489
vn -0.330728 -0.943332 -0.000489
vn -0.575965 -0.817294 -0.000489
vn -0.095261 -0.995115 -0.000489
vn -0.095261 -0.995115 -0.000489
vn -0.999023 0.045432 -0.000489
vn -0.999023 0.045432 -0.000489
vn -0.997069 -0.071812 -0.000489
vn -0.997069 -0.071812 -0.000489
vn -0.985344 0.170493 -0.000489
vn -0.985344 0.170493 -0.000489
vn -0.999023 0.045432 -0.000489
vn 0.754763 -0.656082 -0.000489
vn 0.892526 -0.451881 -0.000489
vn 0.892526 -0.451881 -0.000489
vn 0.754763 -0.656082 -0.000489
vn 0.527113 -0.849536 -0.000489
vn 0.527113 -0.849536 -0.000489
vn 0.267220 -0.963850 -0.000489
vn 0.527113 -0.849536 -0.000489
vn 0.267220 -0.963850 -0.000489
vn 0.026869 -1.000000 -0.000489
vn 0.026869 -1.000000 -0.000489
vn -0.617000 0.787005 -0.000489
vn -0.617000 0.787005 -0.000489
vn -0.821202 0.570103 -0.000489
vn -0.821202 0.570103 -0.000489
vn -0.298486 0.954079 -0.000489
vn -0.298486 0.954079 -0.000489
vn 0.063996 0.998046 -0.000489
vn 0.063996 0.998046 -0.000489
vn 0.895457 -0.445042 0.000489
vn 0.773327 -0.633610 -0.000489
vn 0.773327 -0.633610 -0.000489
vn 0.895457 -0.445042 0.000489
vn 0.965804 -0.260381 0.000489
vn 0.965804 -0.260381 0.000489
vn -0.982413 -0.187103 -0.000489
vn -0.997069 -0.071812 -0.000489
vn -0.982413 -0.187103 -0.000489
vn -0.997069 -0.071812 -0.000489
vn -0.940401 -0.339521 -0.000489
vn -0.940401 -0.339521 -0.000489
vn -0.854421 -0.519297 -0.000489
vn -0.854421 -0.519297 -0.000489
vn -0.702980 -0.711773 -0.000489
vn -0.702980 -0.711773 -0.000489
vn -0.976551 0.214460 -0.000489
vn -0.976551 0.214460 -0.000489
vn -0.996092 0.089399 -0.000489
vn -0.996092 0.089399 -0.000489
vn 0.923791 0.382511 -0.000489
vn 1.000000 0.000489 -0.000489
vn 1.000000 0.000489 -0.000489
vn 0.923791 0.382511 -0.000489
vn 0.382511 0.923791 -0.000489
vn 0.382511 0.923791 -0.000489
vn 0.446996 0.894480 -0.000489
vn 0.446996 0.894480 -0.000489
vn 0.446996 0.894480 -0.000489
vn 0.446996 0.894480 -0.000489
vn -0.615046 0.787982 -0.000489
vn -0.615046 0.787982 -0.000489
vn 1.000000 -0.019052 -0.000489
vn 1.000000 -0.019052 -0.000489
vn 0.996092 0.089399 -0.000489
vn 0.996092 0.089399 -0.000489
vn 0.978505 0.203713 -0.000489
vn 0.996092 0.089399 -0.000489
vn 0.978505 0.203713 -0.000489
vn 0.949194 0.316072 -0.000489
vn 0.949194 0.316072 -0.000489
vn 0.978505 0.203713 -0.000489
vn 0.788959 0.614069 -0.000489
vn 0.889595 0.457743 -0.000489
vn 0.889595 0.457743 -0.000489
vn 0.788959 0.614069 -0.000489
vn 0.920860 -0.388373 -0.000489
vn 0.968735 -0.247680 -0.000489
vn 0.968735 -0.247680 -0.000489
vn 0.920860 -0.388373 -0.000489
vn 0.829995 -0.557401 -0.000489
vn 0.829995 -0.557401 -0.000489
vn 0.668784 -0.743039 -0.000489
vn 0.668784 -0.743039 -0.000489
vn 0.419639 -0.908158 -0.000489
vn 0.419639 -0.908158 -0.000489
vn -0.260381 0.965804 -0.000489
vn -0.106986 0.994138 -0.000489
vn -0.260381 0.965804 -0.000489
vn -0.106986 0.994138 -0.000489
vn -0.709819 0.703957 -0.000489
vn -0.543723 0.838789 -0.000489
vn -0.709819 0.703957 -0.000489
vn -0.543723 0.838789 -0.000489
vn -0.709819 0.703957 -0.000489
vn -0.850513 0.525159 -0.000489
vn -0.850513 0.525159 -0.000489
vn -0.943332 0.331705 -0.000489
vn -0.943332 0.331705 -0.000489
vn 0.452858 0.891549 -0.000489
vn 0.574011 0.818271 -0.000489
vn 0.452858 0.891549 -0.000489
vn 0.574011 0.818271 -0.000489
vn 0.574011 0.818271 -0.000489
vn 0.726429 0.687347 -0.000489
vn 0.574011 0.818271 -0.000489
vn 0.726429 0.687347 -0.000489
vn 0.860283 0.510503 -0.000489
vn 0.726429 0.687347 -0.000489
vn 0.860283 0.510503 -0.000489
vn 0.951148 0.308256 -0.000489
vn 0.951148 0.308256 -0.000489
vn -0.917929 0.397167 -0.000489
vn -0.917929 0.397167 -0.000489
vn -0.976551 0.214460 -0.000489
vn -0.976551 0.214460 -0.000489
vn -0.063996 -0.998046 -0.000489
vn -0.063996 -0.998046 -0.000489
vn -0.284807 -0.958964 -0.000489
vn -0.284807 -0.958964 -0.000489
vn 0.886663 0.463605 -0.000489
vn 0.949194 0.316072 -0.000489
vn 0.886663 0.463605 -0.000489
vn 0.949194 0.316072 -0.000489
vn 0.191988 0.981436 -0.000489
vn 0.337567 0.941378 -0.000489
vn 0.191988 0.981436 -0.000489
vn 0.337567 0.941378 -0.000489
vn -0.470445 -0.881778 -0.000489
vn -0.470445 -0.881778 -0.000489
vn -0.702980 -0.711773 -0.000489
vn -0.702980 -0.711773 -0.000489
vn 0.324866 0.946263 -0.000489
vn 0.171470 0.985344 -0.000489
vn 0.171470 0.985344 -0.000489
vn 0.324866 0.946263 -0.000489
vn 0.014167 1.000000 -0.000489
vn 0.014167 1.000000 -0.000489
vn 0.452858 0.891549 -0.000489
vn 0.452858 0.891549 -0.000489
vn 0.324866 0.946263 -0.000489
vn 0.014167 1.000000 -0.000489
vn -0.125550 0.992184 -0.000489
vn -0.125550 0.992184 -0.000489
vn -0.264289 0.964827 -0.000489
vn -0.264289 0.964827 -0.000489
vn -0.125550 0.992184 -0.000489
vn -0.435271 -0.900342 -0.000489
vn -0.600391 -0.799707 -0.000489
vn -0.600391 -0.799707 -0.000489
vn -0.435271 -0.900342 -0.000489
vn 0.377626 0.925745 -0.000489
vn 0.208598 0.978505 -0.000489
vn 0.208598 0.978505 -0.000489
vn 0.377626 0.925745 -0.000489
vn 0.030777 1.000000 -0.000489
vn 0.030777 1.000000 -0.000489
vn 0.515388 0.856375 -0.000489
vn 0.515388 0.856375 -0.000489
vn 0.377626 0.925745 -0.000489
vn -0.125550 0.992184 -0.000489
vn -0.125550 0.992184 -0.000489
vn 0.030777 1.000000 -0.000489
vn 0.951148 0.308256 -0.000489
vn 0.990230 0.136297 -0.000489
vn 0.951148 0.308256 -0.000489
vn 0.990230 0.136297 -0.000489
vn -0.575965 -0.817294 -0.000489
vn -0.785051 -0.619932 -0.000489
vn -0.575965 -0.817294 -0.000489
vn -0.785051 -0.619932 -0.000489
vn 0.772350 0.635564 -0.000489
vn 0.886663 0.463605 -0.000489
vn 0.772350 0.635564 -0.000489
vn 0.886663 0.463605 -0.000489
vn 0.995115 -0.096238 -0.000489
vn 0.995115 -0.096238 -0.000489
vn 1.000000 0.018075 -0.000489
vn 1.000000 0.018075 -0.000489
vn 0.975574 -0.218368 0.000489
vn 0.995115 -0.096238 -0.000489
vn 0.975574 -0.218368 0.000489
vn 0.930630 -0.366878 0.000489
vn 0.975574 -0.218368 0.000489
vn 0.930630 -0.366878 0.000489
vn 0.510503 -0.860283 -0.000489
vn 0.328774 -0.944309 -0.000489
vn 0.328774 -0.944309 -0.000489
vn 0.510503 -0.860283 -0.000489
vn 0.990230 0.136297 -0.000489
vn 1.000000 0.006351 -0.000489
vn 0.990230 0.136297 -0.000489
vn 1.000000 0.006351 -0.000489
vn 0.992184 -0.124573 -0.000489
vn 0.992184 -0.124573 -0.000489
vn 1.000000 0.006351 -0.000489
vn 0.580850 0.814363 -0.000489
vn 0.788959 0.614069 -0.000489
vn 0.788959 0.614069 -0.000489
vn 0.580850 0.814363 -0.000489
vn 0.840743 -0.541768 0.000489
vn 0.698095 -0.716659 -0.000489
vn 0.698095 -0.716659 -0.000489
vn 0.839765 -0.542745 0.000489
vn 0.930630 -0.366878 0.000489
vn 0.930630 -0.366878 0.000489
vn -0.222276 -0.974597 -0.000489
vn -0.222276 -0.974597 -0.000489
vn -0.470445 -0.881778 -0.000489
vn -0.470445 -0.881778 -0.000489
vn 0.939424 0.343429 -0.000489
vn 0.939424 0.343429 -0.000489
vn 0.939424 0.343429 -0.000489
vn 0.939424 0.343429 -0.000489
vn 1.000000 0.018075 -0.000489
vn 1.000000 0.018075 -0.000489
vn 0.991207 0.129458 -0.000489
vn 0.991207 0.129458 -0.000489
vn 0.033708 -0.999023 -0.000489
vn 0.033708 -0.999023 -0.000489
vn -0.205667 -0.978505 -0.000489
vn -0.205667 -0.978505 -0.000489
vn 0.968735 -0.247680 -0.000489
vn 0.990230 -0.141182 -0.000489
vn 0.990230 -0.141182 -0.000489
vn 0.968735 -0.247680 -0.000489
vn -0.357108 -0.934538 -0.000489
vn -0.535906 -0.844651 -0.000489
vn -0.357108 -0.934538 -0.000489
vn -0.535906 -0.844651 -0.000489
vn -0.450904 0.892526 -0.000489
vn -0.264289 0.964827 -0.000489
vn -0.450904 0.892526 -0.000489
vn -0.264289 0.964827 -0.000489
vn 0.969712 -0.244748 -0.000489
vn 0.992184 -0.124573 -0.000489
vn 0.992184 -0.124573 -0.000489
vn 0.969712 -0.244748 -0.000489
vn -0.216414 -0.976551 -0.000489
vn -0.435271 -0.900342 -0.000489
vn -0.435271 -0.900342 -0.000489
vn -0.216414 -0.976551 -0.000489
vn 0.773327 -0.633610 -0.000489
vn 0.630679 -0.776258 -0.000489
vn 0.630679 -0.776258 -0.000489
vn 0.773327 -0.633610 -0.000489
vn 0.971666 0.236932 -0.000489
vn 0.991207 0.129458 -0.000489
vn 0.991207 0.129458 -0.000489
vn 0.971666 0.236932 -0.000489
vn 0.164631 0.986321 -0.000489
vn -0.000489 1.000000 -0.000489
vn 0.164631 0.986321 -0.000489
vn -0.000489 1.000000 -0.000489
vn -0.164631 0.986321 -0.000489
vn -0.164631 0.986321 -0.000489
vn -0.164631 0.986321 -0.000489
vn -0.304348 0.952125 -0.000489
vn -0.304348 0.952125 -0.000489
vn 0.304348 0.952125 -0.000489
vn 0.304348 0.952125 -0.000489
vn 0.164631 0.986321 -0.000489
vn -0.438202 0.898388 -0.000489
vn -0.304348 0.952125 -0.000489
vn -0.438202 0.898388 -0.000489
vn -0.612115 0.789937 -0.000489
vn -0.612115 0.789937 -0.000489
vn 0.438202 0.898388 -0.000489
vn 0.304348 0.952125 -0.000489
vn 0.438202 0.898388 -0.000489
vn 0.612115 0.789937 -0.000489
vn 0.612115 0.789937 -0.000489
vn 0.772350 0.634587 -0.000489
vn 0.772350 0.634587 -0.000489
vn 0.612115 0.789937 -0.000489
vn -0.772350 0.634587 -0.000489
vn -0.612115 0.789937 -0.000489
vn -0.772350 0.634587 -0.000489
vn -0.891549 0.451881 -0.000489
vn -0.891549 0.451881 -0.000489
vn -0.758671 0.652174 -0.000489
vn -0.758671 0.652174 -0.000489
vn -0.917929 0.397167 -0.000489
vn -0.917929 0.397167 -0.000489
vn 0.990230 -0.141182 -0.000489
vn 0.999023 -0.033708 -0.000489
vn 0.999023 -0.033708 -0.000489
vn 0.990230 -0.141182 -0.000489
vn 0.320957 -0.947240 -0.000489
vn 0.082560 -0.996092 -0.000489
vn 0.320957 -0.947240 -0.000489
vn 0.082560 -0.996092 -0.000489
vn -0.000489 -1.000000 -0.000489
vn -0.000489 -1.000000 -0.000489
vn -0.222276 -0.974597 -0.000489
vn -0.222276 -0.974597 -0.000489
vn -0.637518 0.770396 -0.000489
vn -0.450904 0.892526 -0.000489
vn -0.637518 0.770396 -0.000489
vn -0.450904 0.892526 -0.000489
vn 1.000000 0.000489 -0.000489
vn 1.000000 0.000489 -0.000489
vn 1.000000 0.000489 -0.000489
vn 1.000000 0.000489 -0.000489
vn 1.000000 0.000489 -0.000489
vn 1.000000 0.000489 -0.000489
vn 1.000000 0.000489 -0.000489
vn 1.000000 0.000489 -0.000489
vn 1.000000 0.000489 -0.000489
vn 1.000000 0.000489 -0.000489
vn 1.000000 0.000489 -0.000489
vn 1.000000 0.000489 -0.000489
vn 1.000000 0.000489 -0.000489
vn 1.000000 0.000489 -0.000489
vn 1.000000 0.000489 -0.000489
vn 1.000000 0.000489 -0.000489
vn 1.000000 0.000489 -0.000489
vn 1.000000 0.000489 -0.000489
vn 1.000000 0.000489 -0.000489
vn 1.000000 0.000489 -0.000489
vn 0.932584 -0.360039 -0.000489
vn 0.969712 -0.244748 -0.000489
vn 0.969712 -0.244748 -0.000489
vn 0.932584 -0.360039 -0.000489
vn 0.861260 -0.507572 -0.000489
vn 0.861260 -0.507572 -0.000489
vn 0.741085 -0.671715 -0.000489
vn 0.741085 -0.671715 -0.000489
vn 0.553493 -0.832926 -0.000489
vn 0.553493 -0.832926 -0.000489
vn 0.033708 -0.999023 -0.000489
vn -0.208598 -0.978505 -0.000489
vn 0.033708 -0.999023 -0.000489
vn -0.208598 -0.978505 -0.000489
vn -0.785051 -0.619932 -0.000489
vn -0.908158 -0.417684 -0.000489
vn -0.785051 -0.619932 -0.000489
vn -0.908158 -0.417684 -0.000489
vn 0.540791 -0.841720 -0.000489
vn 0.540791 -0.841720 -0.000489
vn 0.326820 -0.945286 -0.000489
vn 0.326820 -0.945286 -0.000489
vn 0.698095 -0.716659 -0.000489
vn 0.698095 -0.716659 -0.000489
vn 0.540791 -0.841720 -0.000489
vn 0.980459 0.197850 -0.000489
vn 0.996092 0.082560 -0.000489
vn 0.980459 0.197850 -0.000489
vn 0.996092 0.082560 -0.000489
vn 0.999023 -0.033708 -0.000489
vn 0.999023 -0.033708 -0.000489
vn 0.996092 0.082560 -0.000489
vn 0.433317 -0.901319 -0.000489
vn 0.208598 -0.978505 -0.000489
vn 0.208598 -0.978505 -0.000489
vn 0.433317 -0.901319 -0.000489
vn 0.605276 -0.795799 -0.000489
vn 0.433317 -0.901319 -0.000489
vn 0.433317 -0.901319 -0.000489
vn 0.605276 -0.795799 -0.000489
vn -0.522228 0.852467 -0.000489
vn -0.167562 0.985344 -0.000489
vn -0.167562 0.985344 -0.000489
vn -0.522228 0.852467 -0.000489
vn -0.999023 -0.031754 -0.000489
vn -0.996092 0.089399 -0.000489
vn -0.996092 0.089399 -0.000489
vn -0.999023 -0.031754 -0.000489
vn -0.978505 0.206644 -0.000489
vn -0.996092 0.089399 -0.000489
vn -0.978505 0.206644 -0.000489
vn -0.978505 0.206644 -0.000489
vn -0.941378 0.337567 -0.000489
vn -0.941378 0.337567 -0.000489
vn -0.988276 -0.155838 -0.000489
vn -0.988276 -0.155838 -0.000489
vn -0.999023 -0.031754 -0.000489
vn -0.957987 -0.285784 -0.000489
vn -0.988276 -0.155838 -0.000489
vn -0.957987 -0.286761 -0.000489
vn 0.300440 0.954079 -0.000489
vn 0.441133 0.897411 -0.000489
vn 0.300440 0.954079 -0.000489
vn 0.441133 0.897411 -0.000489
vn 0.616023 0.787982 -0.000489
vn 0.616023 0.787982 -0.000489
vn 0.772350 0.635564 -0.000489
vn 0.772350 0.635564 -0.000489
vn 0.616023 0.787982 -0.000489
vn 0.143136 0.989253 -0.000489
vn -0.033708 0.999023 -0.000489
vn -0.033708 0.999023 -0.000489
vn 0.143136 0.989253 -0.000489
vn -0.210552 0.977528 -0.000489
vn -0.210552 0.977528 -0.000489
vn 0.293600 0.956033 -0.000489
vn 0.293600 0.956033 -0.000489
vn 0.143136 0.989253 -0.000489
vn -0.361993 0.932584 -0.000489
vn -0.361993 0.932584 -0.000489
vn -0.210552 0.977528 -0.000489
vn 0.934538 0.355154 -0.000489
vn 0.971666 0.236932 -0.000489
vn 0.971666 0.236932 -0.000489
vn 0.934538 0.355154 -0.000489
vn 0.852467 0.522228 -0.000489
vn 0.852467 0.522228 -0.000489
vn 0.667807 0.744016 -0.000489
vn 0.667807 0.744016 -0.000489
vn 0.630679 -0.776258 -0.000489
vn 0.429409 -0.903273 -0.000489
vn 0.429409 -0.903273 -0.000489
vn 0.630679 -0.776258 -0.000489
vn -0.790914 0.612115 -0.000489
vn -0.637518 0.770396 -0.000489
vn -0.790914 0.611138 -0.000489
vn -0.637518 0.770396 -0.000489
vn 0.208598 -0.978505 -0.000489
vn -0.095261 -0.995115 -0.000489
vn -0.095261 -0.995115 -0.000489
vn 0.208598 -0.978505 -0.000489
vn -0.543723 0.838789 -0.000489
vn -0.406937 0.913043 -0.000489
vn -0.543723 0.838789 -0.000489
vn -0.406937 0.913043 -0.000489
vn 0.768442 -0.640449 0.000489
vn 0.605276 -0.795799 -0.000489
vn 0.605276 -0.795799 -0.000489
vn 0.767465 -0.640449 0.000489
vn 0.878847 -0.478261 0.000489
vn 0.878847 -0.477284 0.000489
vn -0.000489 -1.000000 -0.000489
vn 0.222277 -0.974597 -0.000489
vn 0.222277 -0.974597 -0.000489
vn -0.000489 -1.000000 -0.000489
vn -0.102101 -0.995115 -0.000489
vn -0.370787 -0.928676 -0.000489
vn -0.102101 -0.995115 -0.000489
vn -0.370787 -0.928676 -0.000489
vn -0.102101 -0.995115 -0.000489
vn 0.138251 -0.990230 -0.000489
vn 0.138251 -0.990230 -0.000489
vn 0.936492 0.351246 -0.000489
vn 0.980459 0.197850 -0.000489
vn 0.936492 0.351246 -0.000489
vn 0.980459 0.197850 -0.000489
vn 0.328774 -0.944309 -0.000489
vn 0.096238 -0.995115 -0.000489
vn 0.096238 -0.995115 -0.000489
vn 0.328774 -0.944309 -0.000489
vn 0.158769 -0.987298 -0.000489
vn -0.063996 -0.998046 -0.000489
vn 0.158769 -0.987298 -0.000489
vn -0.063996 -0.998046 -0.000489
vn 0.000489 -0.000489 1.000000
vn 0.000489 -0.000489 1.000000
vn 0.000489 -0.000489 1.000000
vn 0.000489 -0.000489 1.000000
vn 0.000489 -0.000489 1.000000
vn -0.000489 0.000489 1.000000
vn 0.000489 -0.000489 1.000000
vn -0.000489 0.000489 1.000000
vn 0.000489 -0.000489 1.000000
vn -0.001466 0.001466 1.000000
vn 0.000489 -0.000489 1.000000
vn -0.001466 0.001466 1.000000
vn 0.000489 -0.000489 1.000000
vn -0.001466 0.001466 1.000000
vn 0.000489 -0.000489 1.000000
vn -0.001466 0.001466 1.000000
vn 0.000489 -0.000489 1.000000
vn -0.001466 0.001466 1.000000
vn 0.000489 -0.000489 1.000000
vn -0.001466 0.001466 1.000000
vn 0.000489 -0.000489 1.000000
vn -0.001466 0.001466 1.000000
vn 0.000489 -0.000489 1.000000
vn -0.001466 0.001466 1.000000
vn 0.000489 -0.000489 1.000000
vn -0.001466 0.001466 1.000000
vn -0.000489 0.000489 1.000000
vn -0.000489 0.000489 1.000000
vn 0.000489 -0.000489 1.000000
vn 0.000489 -0.000489 1.000000
vn 0.000489 -0.000489 1.000000
vn 0.000489 -0.000489 1.000000
vn 0.000489 -0.000489 1.000000
vn 0.000489 -0.000489 1.000000
vn 0.000489 -0.000489 1.000000
vn 0.000489 -0.000489 1.000000
vn 0.000489 -0.000489 1.000000
vn 0.000489 -0.000489 1.000000
vn 0.000489 -0.000489 1.000000
vn 0.000489 -0.000489 1.000000
vn 0.000489 -0.000489 1.000000
vn 0.000489 -0.000489 1.000000
vn 0.000489 -0.000489 1.000000
vn 0.000489 -0.000489 1.000000
vn 0.000489 -0.000489 1.000000
vn 0.000489 -0.000489 1.000000
vn 0.000489 -0.000489 1.000000
vn 0.000489 -0.000489 1.000000
vn 0.000489 -0.000489 1.000000
vn 0.000489 -0.000489 1.000000
vn 0.000489 -0.000489 1.000000
vn 0.000489 -0.000489 1.000000
vn 0.000489 -0.000489 1.000000
vn 0.000489 -0.000489 1.000000
vn 0.000489 -0.000489 1.000000
vn 0.000489 -0.000489 1.000000
vn 0.000489 -0.000489 1.000000
vn 0.000489 -0.000489 1.000000
vn 0.000489 -0.000489 1.000000
vn 0.000489 -0.000489 1.000000
vn 0.000489 -0.000489 1.000000
vn 0.000489 -0.000489 1.000000
vn 0.000489 -0.000489 1.000000
vn 0.000489 -0.000489 1.000000
vn -0.000489 0.000489 1.000000
vn -0.957987 -0.285784 -0.000489
vn -0.934538 -0.354177 -0.000489
vn -0.957987 -0.286761 -0.000489
vn -0.900342 -0.435271 -0.000489
vn -0.900342 -0.434294 -0.000489
vn -0.095261 -0.995115 -0.000489
vn -0.387396 -0.921837 -0.000489
vn -0.387396 -0.921837 -0.000489
vn -0.095261 -0.995115 -0.000489
vn -0.000489 -0.000489 -1.000000
vn -0.000489 -0.000489 -1.000000
vn -0.000489 -0.000489 -1.000000
vn -0.000489 -0.000489 -1.000000
vn -0.000489 -0.000489 -1.000000
vn -0.000489 -0.000489 -1.000000
vn -0.000489 -0.000489 -1.000000
vn -0.000489 -0.000489 -1.000000
vn -0.000489 -0.000489 -1.000000
vn -0.000489 -0.000489 -1.000000
vn -0.000489 -0.000489 -1.000000
vn -0.000489 -0.000489 -1.000000
vn -0.000489 -0.000489 -1.000000
vn -0.000489 -0.000489 -1.000000
vn -0.000489 -0.000489 -1.000000
vn -0.000489 -0.000489 -1.000000
vn -0.000489 -0.000489 -1.000000
vn -0.000489 -0.000489 -1.000000
vn -0.000489 -0.000489 -1.000000
vn -0.000489 -0.000489 -1.000000
vn -0.000489 -0.000489 -1.000000
vn -0.000489 -0.000489 -1.000000
vn -0.000489 -0.000489 -1.000000
vn -0.000489 -0.000489 -1.000000
vn -0.000489 -0.000489 -1.000000
vn -0.000489 -0.000489 -1.000000
vn -0.000489 -0.000489 -1.000000
vn -0.000489 -0.000489 -1.000000
vn -0.000489 -0.000489 -1.000000
vn -0.000489 -0.000489 -1.000000
vn -0.000489 -0.000489 -1.000000
vn -0.000489 -0.000489 -1.000000
vn -0.000489 -0.000489 -1.000000
vn -0.000489 -0.000489 -1.000000
vn -0.000489 -0.000489 -1.000000
vn 0.000489 0.000489 -1.000000
vn -0.000489 -0.000489 -1.000000
vn 0.000489 0.000489 -1.000000
vn -0.000489 -0.000489 -1.000000
vn 0.001466 0.000489 -1.000000
vn -0.000489 -0.000489 -1.000000
vn 0.001466 0.000489 -1.000000
vn -0.000489 -0.000489 -1.000000
vn 0.001466 0.000489 -1.000000
vn -0.000489 -0.000489 -1.000000
vn 0.001466 0.000489 -1.000000
vn -0.000489 -0.000489 -1.000000
vn 0.001466 0.000489 -1.000000
vn -0.000489 -0.000489 -1.000000
vn 0.001466 0.000489 -1.000000
vn -0.000489 -0.000489 -1.000000
vn 0.001466 0.000489 -1.000000
vn -0.000489 -0.000489 -1.000000
vn 0.001466 0.000489 -1.000000
vn -0.000489 -0.000489 -1.000000
vn 0.001466 0.000489 -1.000000
vn -0.000489 -0.000489 -1.000000
vn 0.001466 0.000489 -1.000000
vn -0.000489 -0.000489 -1.000000
vn 0.000489 0.000489 -1.000000
vn -0.000489 -0.000489 -1.000000
vn 0.000489 0.000489 -1.000000
vn -0.000489 -0.000489 -1.000000
vn -0.000489 -0.000489 -1.000000
vn -0.000489 -0.000489 -1.000000
vn -0.000489 -1.000000 -0.000489
vn -0.000489 -1.000000 -0.000489
vn -0.000489 -1.000000 -0.000489
vn -0.000489 -1.000000 -0.000489
vn 0.207621 0.978505 -0.000489
vn 0.564240 0.825110 -0.000489
vn 0.564240 0.825110 -0.000489
vn 0.207621 0.978505 -0.000489
vn 0.083537 -0.996092 -0.000489
vn -0.216414 -0.976551 -0.000489
vn -0.216414 -0.976551 -0.000489
vn 0.083537 -0.996092 -0.000489
vn -0.886663 0.462628 -0.000489
vn -0.790914 0.611138 -0.000489
vn -0.886663 0.462628 -0.000489
vn -0.790914 0.612115 -0.000489
vn 0.942355 -0.335613 0.000489
vn 0.878847 -0.478261 0.000489
vn 0.878847 -0.477284 0.000489
vn 0.942355 -0.335613 0.000489
vn 0.942355 -0.335613 0.000489
vn 0.975574 -0.217391 -0.000489
vn 0.975574 -0.217391 -0.000489
vn 0.038593 0.999023 -0.000489
vn -0.138251 0.990230 -0.000489
vn -0.138251 0.990230 -0.000489
vn 0.038593 0.999023 -0.000489
vn -0.312164 0.950171 -0.000489
vn -0.312164 0.950171 -0.000489
vn 0.191988 0.981436 -0.000489
vn 0.191988 0.981436 -0.000489
vn 0.038593 0.999023 -0.000489
vn -0.456766 0.889595 -0.000489
vn -0.456766 0.889595 -0.000489
vn -0.312164 0.950171 -0.000489
vn 0.553493 -0.832926 -0.000489
vn 0.297509 -0.955056 -0.000489
vn 0.553493 -0.832926 -0.000489
vn 0.297509 -0.955056 -0.000489
vn 0.043478 -0.999023 -0.000489
vn 0.043478 -0.999023 -0.000489
vn 0.297509 -0.955056 -0.000489
vn -0.171470 -0.985344 -0.000489
vn 0.043478 -0.999023 -0.000489
vn -0.171470 -0.985344 -0.000489
vn -0.856375 0.516365 -0.000489
vn -0.856375 0.516365 -0.000489
vn -0.941378 0.337567 -0.000489
vn -0.941378 0.337567 -0.000489
vn -0.665852 0.745970 -0.000489
vn -0.665852 0.745970 -0.000489
vn -0.359062 0.933561 -0.000489
vn -0.359062 0.933561 -0.000489
vn 0.249634 0.968735 -0.000489
vn 0.580850 0.814363 -0.000489
vn 0.580850 0.814363 -0.000489
vn 0.249634 0.968735 -0.000489
vn 0.000489 -0.000489 1.000000
vn 0.000489 -0.000489 1.000000
vn 0.000489 -0.000489 1.000000
vn 0.000489 -0.000489 1.000000
vn 0.000489 -0.000489 1.000000
vn 0.000489 -0.000489 1.000000
vn 0.000489 -0.000489 1.000000
vn 0.000489 -0.000489 1.000000
vn 0.000489 -0.000489 1.000000
vn 0.000489 -0.000489 1.000000
vn -0.001466 0.001466 1.000000
vn 0.000489 -0.000489 1.000000
vn -0.001466 0.001466 1.000000
vn 0.000489 -0.000489 1.000000
vn -0.003420 0.004397 1.000000
vn 0.000489 -0.000489 1.000000
vn -0.003420 0.004397 1.000000
vn 0.000489 -0.000489 1.000000
vn -0.003420 0.004397 1.000000
vn 0.000489 -0.000489 1.000000
vn -0.003420 0.004397 1.000000
vn 0.000489 -0.000489 1.000000
vn -0.003420 0.004397 1.000000
vn 0.000489 -0.000489 1.000000
vn -0.003420 0.004397 1.000000
vn 0.000489 -0.000489 1.000000
vn -0.003420 0.004397 1.000000
vn 0.000489 -0.000489 1.000000
vn -0.003420 0.004397 1.000000
vn 0.000489 -0.000489 1.000000
vn -0.001466 0.002443 1.000000
vn -0.003420 0.004397 1.000000
vn -0.001466 0.001466 1.000000
vn 0.000489 -0.000489 1.000000
vn 0.000489 -0.000489 1.000000
vn 0.000489 -0.000489 1.000000
vn 0.000489 -0.000489 1.000000
vn 0.000489 -0.000489 1.000000
vn 0.000489 -0.000489 1.000000
vn 0.000489 -0.000489 1.000000
vn 0.000489 -0.000489 1.000000
vn 0.000489 -0.000489 1.000000
vn 0.000489 -0.000489 1.000000
vn 0.000489 -0.000489 1.000000
vn 0.000489 -0.000489 1.000000
vn 0.000489 -0.000489 1.000000
vn 0.000489 -0.000489 1.000000
vn 0.000489 -0.000489 1.000000
vn 0.000489 -0.000489 1.000000
vn 0.000489 -0.000489 1.000000
vn 0.000489 -0.000489 1.000000
vn 0.000489 -0.000489 1.000000
vn 0.000489 -0.000489 1.000000
vn 0.000489 -0.000489 1.000000
vn 0.000489 -0.000489 1.000000
vn 0.000489 -0.000489 1.000000
vn 0.000489 -0.000489 1.000000
vn 0.000489 -0.000489 1.000000
vn 0.000489 -0.000489 1.000000
vn 0.000489 -0.000489 1.000000
vn 0.000489 -0.000489 1.000000
vn 0.000489 -0.000489 1.000000
vn 0.000489 -0.000489 1.000000
vn 0.000489 -0.000489 1.000000
vn -0.001466 0.002443 1.000000
vn -0.939424 0.343429 -0.000489
vn -0.886663 0.462628 -0.000489
vn -0.939424 0.343429 -0.000489
vn -0.886663 0.462628 -0.000489
vn 0.326820 -0.945286 -0.000489
vn 0.026869 -1.000000 -0.000489
vn 0.026869 -1.000000 -0.000489
vn 0.326820 -0.945286 -0.000489
vn 0.395213 0.918906 -0.000489
vn 0.226185 0.973620 -0.000489
vn 0.226185 0.973620 -0.000489
vn 0.395213 0.918906 -0.000489
vn 0.049340 0.999023 -0.000489
vn 0.049340 0.999023 -0.000489
vn -0.106986 0.994138 -0.000489
vn -0.106986 0.994138 -0.000489
vn 0.049340 0.999023 -0.000489
vn 0.531021 0.846605 -0.000489
vn 0.531021 0.846605 -0.000489
vn 0.395213 0.918906 -0.000489
vn 0.653151 0.757694 -0.000489
vn 0.531021 0.846605 -0.000489
vn 0.653151 0.757694 -0.000489
vn -0.000489 -0.000489 -1.000000
vn -0.000489 -0.000489 -1.000000
vn -0.000489 -0.000489 -1.000000
vn -0.000489 -0.000489 -1.000000
vn -0.000489 -0.000489 -1.000000
vn -0.000489 -0.000489 -1.000000
vn -0.000489 -0.000489 -1.000000
vn -0.000489 -0.000489 -1.000000
vn -0.000489 -0.000489 -1.000000
vn -0.000489 -0.000489 -1.000000
vn -0.000489 -0.000489 -1.000000
vn -0.000489 -0.000489 -1.000000
vn -0.000489 -0.000489 -1.000000
vn -0.000489 -0.000489 -1.000000
vn -0.000489 -0.000489 -1.000000
vn -0.000489 -0.000489 -1.000000
vn -0.000489 -0.000489 -1.000000
vn -0.000489 -0.000489 -1.000000
vn -0.000489 -0.000489 -1.000000
vn -0.000489 -0.000489 -1.000000
vn -0.000489 -0.000489 -1.000000
vn 0.001466 0.000489 -1.000000
vn -0.000489 -0.000489 -1.000000
vn 0.001466 0.000489 -1.000000
vn -0.000489 -0.000489 -1.000000
vn 0.003420 0.001466 -1.000000
vn -0.000489 -0.000489 -1.000000
vn 0.003420 0.001466 -1.000000
vn -0.000489 -0.000489 -1.000000
vn 0.003420 0.001466 -1.000000
vn -0.000489 -0.000489 -1.000000
vn 0.003420 0.001466 -1.000000
vn -0.000489 -0.000489 -1.000000
vn 0.003420 0.001466 -1.000000
vn -0.000489 -0.000489 -1.000000
vn 0.003420 0.001466 -1.000000
vn -0.000489 -0.000489 -1.000000
vn 0.003420 0.001466 -1.000000
vn -0.000489 -0.000489 -1.000000
vn 0.003420 0.001466 -1.000000
vn -0.000489 -0.000489 -1.000000
vn 0.003420 0.001466 -1.000000
vn -0.000489 -0.000489 -1.000000
vn 0.003420 0.001466 -1.000000
vn -0.000489 -0.000489 -1.000000
vn 0.001466 0.000489 -1.000000
vn -0.000489 -0.000489 -1.000000
vn 0.001466 0.000489 -1.000000
vn -0.000489 -0.000489 -1.000000
vn -0.000489 -0.000489 -1.000000
vn -0.000489 -0.000489 -1.000000
vn -0.000489 -0.000489 -1.000000
vn -0.000489 -0.000489 -1.000000
vn -0.000489 -0.000489 -1.000000
vn -0.000489 -0.000489 -1.000000
vn -0.000489 -0.000489 -1.000000
vn -0.000489 -0.000489 -1.000000
vn -0.000489 -0.000489 -1.000000
vn -0.000489 -0.000489 -1.000000
vn -0.000489 -0.000489 -1.000000
vn -0.000489 -0.000489 -1.000000
vn -0.000489 -0.000489 -1.000000
vn -0.000489 -0.000489 -1.000000
vn -0.000489 -0.000489 -1.000000
vn -0.000489 -0.000489 -1.000000
vn 0.000489 -0.000489 1.000000
vn 0.000489 -0.000489 1.000000
vn 0.000489 -0.000489 1.000000
vn 0.000489 -0.000489 1.000000
vn 0.000489 -0.000489 1.000000
vn -0.000489 0.000489 1.000000
vn 0.000489 -0.000489 1.000000
vn -0.000489 0.000489 1.000000
vn 0.000489 -0.000489 1.000000
vn -0.001466 0.001466 1.000000
vn 0.000489 -0.000489 1.000000
vn -0.001466 0.001466 1.000000
vn 0.000489 -0.000489 1.000000
vn -0.001466 0.001466 1.000000
vn 0.000489 -0.000489 1.000000
vn -0.001466 0.001466 1.000000
vn 0.000489 -0.000489 1.000000
vn -0.001466 0.001466 1.000000
vn 0.000489 -0.000489 1.000000
vn -0.001466 0.001466 1.000000
vn 0.000489 -0.000489 1.000000
vn -0.001466 0.001466 1.000000
vn 0.000489 -0.000489 1.000000
vn -0.001466 0.001466 1.000000
vn 0.000489 -0.000489 1.000000
vn -0.001466 0.001466 1.000000
vn -0.000489 0.000489 1.000000
vn -0.000489 0.000489 1.000000
vn 0.000489 -0.000489 1.000000
vn 0.000489 -0.000489 1.000000
vn 0.000489 -0.000489 1.000000
vn 0.000489 -0.000489 1.000000
vn 0.000489 -0.000489 1.000000
vn 0.000489 -0.000489 1.000000
vn 0.000489 -0.000489 1.000000
vn 0.000489 -0.000489 1.000000
vn 0.000489 -0.000489 1.000000
vn 0.000489 -0.000489 1.000000
vn 0.000489 -0.000489 1.000000
vn 0.000489 -0.000489 1.000000
vn 0.000489 -0.000489 1.000000
vn 0.000489 -0.000489 1.000000
vn 0.000489 -0.000489 1.000000
vn 0.000489 -0.000489 1.000000
vn 0.000489 -0.000489 1.000000
vn 0.000489 -0.000489 1.000000
vn 0.000489 -0.000489 1.000000
vn 0.000489 -0.000489 1.000000
vn 0.000489 -0.000489 1.000000
vn 0.000489 -0.000489 1.000000
vn 0.000489 -0.000489 1.000000
vn 0.000489 -0.000489 1.000000
vn 0.000489 -0.000489 1.000000
vn 0.000489 -0.000489 1.000000
vn 0.000489 -0.000489 1.000000
vn 0.000489 -0.000489 1.000000
vn 0.000489 -0.000489 1.000000
vn 0.000489 -0.000489 1.000000
vn 0.000489 -0.000489 1.000000
vn 0.000489 -0.000489 1.000000
vn 0.000489 -0.000489 1.000000
vn 0.000489 -0.000489 1.000000
vn 0.000489 -0.000489 1.000000
vn 0.000489 -0.000489 1.000000
vn -0.000489 0.000489 1.000000
vn -0.000489 -0.000489 -1.000000
vn -0.000489 -0.000489 -1.000000
vn -0.000489 -0.000489 -1.000000
vn -0.000489 -0.000489 -1.000000
vn -0.000489 -0.000489 -1.000000
vn -0.000489 -0.000489 -1.000000
vn -0.000489 -0.000489 -1.000000
vn -0.000489 -0.000489 -1.000000
vn -0.000489 -0.000489 -1.000000
vn -0.000489 -0.000489 -1.000000
vn -0.000489 -0.000489 -1.000000
vn -0.000489 -0.000489 -1.000000
vn -0.000489 -0.000489 -1.000000
vn -0.000489 -0.000489 -1.000000
vn -0.000489 -0.000489 -1.000000
vn -0.000489 -0.000489 -1.000000
vn -0.000489 -0.000489 -1.000000
vn -0.000489 -0.000489 -1.000000
vn -0.000489 -0.000489 -1.000000
vn -0.000489 -0.000489 -1.000000
vn -0.000489 -0.000489 -1.000000
vn -0.000489 -0.000489 -1.000000
vn -0.000489 -0.000489 -1.000000
vn -0.000489 -0.000489 -1.000000
vn -0.000489 -0.000489 -1.000000
vn -0.000489 -0.000489 -1.000000
vn -0.000489 -0.000489 -1.000000
vn -0.000489 -0.000489 -1.000000
vn -0.000489 -0.000489 -1.000000
vn -0.000489 -0.000489 -1.000000
vn -0.000489 -0.000489 -1.000000
vn -0.000489 -0.000489 -1.000000
vn -0.000489 -0.000489 -1.000000
vn -0.000489 -0.000489 -1.000000
vn -0.000489 -0.000489 -1.000000
vn 0.000489 0.000489 -1.000000
vn -0.000489 -0.000489 -1.000000
vn 0.000489 0.000489 -1.000000
vn -0.000489 -0.000489 -1.000000
vn 0.001466 0.000489 -1.000000
vn -0.000489 -0.000489 -1.000000
vn 0.001466 0.000489 -1.000000
vn -0.000489 -0.000489 -1.000000
vn 0.001466 0.000489 -1.000000
vn -0.000489 -0.000489 -1.000000
vn 0.001466 0.000489 -1.000000
vn -0.000489 -0.000489 -1.000000
vn 0.001466 0.000489 -1.000000
vn -0.000489 -0.000489 -1.000000
vn 0.001466 0.000489 -1.000000
vn -0.000489 -0.000489 -1.000000
vn 0.001466 0.000489 -1.000000
vn -0.000489 -0.000489 -1.000000
vn 0.001466 0.000489 -1.000000
vn -0.000489 -0.000489 -1.000000
vn 0.001466 0.000489 -1.000000
vn -0.000489 -0.000489 -1.000000
vn 0.001466 0.000489 -1.000000
vn -0.000489 -0.000489 -1.000000
vn 0.000489 0.000489 -1.000000
vn -0.000489 -0.000489 -1.000000
vn 0.000489 0.000489 -1.000000
vn -0.000489 -0.000489 -1.000000
vn -0.000489 -0.000489 -1.000000
vn -0.000489 -0.000489 -1.000000
vn 0.333659 -0.942355 -0.000489
vn 0.034685 -0.999023 -0.000489
vn 0.034685 -0.999023 -0.000489
vn 0.333659 -0.942355 -0.000489
vn -0.000489 -0.000489 1.000000
vn -0.000489 -0.000489 1.000000
vn -0.000489 -0.000489 1.000000
vn -0.000489 -0.000489 1.000000
vn -0.000489 -0.000489 1.000000
vn -0.000489 -0.000489 1.000000
vn -0.000489 -0.000489 1.000000
vn -0.000489 -0.000489 1.000000
vn -0.000489 -0.000489 1.000000
vn -0.000489 -0.000489 1.000000
vn -0.000489 0.000489 1.000000
vn -0.000489 -0.000489 1.000000
vn -0.000489 0.000489 1.000000
vn -0.000489 -0.000489 1.000000
vn -0.000489 0.001466 1.000000
vn -0.000489 -0.000489 1.000000
vn -0.000489 0.001466 1.000000
vn -0.000489 -0.000489 1.000000
vn -0.000489 0.001466 1.000000
vn -0.000489 -0.000489 1.000000
vn -0.000489 0.001466 1.000000
vn -0.000489 -0.000489 1.000000
vn -0.000489 0.001466 1.000000
vn -0.000489 -0.000489 1.000000
vn -0.000489 0.001466 1.000000
vn -0.000489 -0.000489 1.000000
vn -0.000489 0.001466 1.000000
vn -0.000489 -0.000489 1.000000
vn -0.000489 0.001466 1.000000
vn -0.000489 -0.000489 1.000000
vn -0.000489 0.000489 1.000000
vn -0.000489 0.001466 1.000000
vn -0.000489 0.000489 1.000000
vn -0.000489 -0.000489 1.000000
vn -0.000489 -0.000489 1.000000
vn -0.000489 -0.000489 1.000000
vn -0.000489 -0.000489 1.000000
vn -0.000489 -0.000489 1.000000
vn -0.000489 -0.000489 1.000000
vn -0.000489 -0.000489 1.000000
vn -0.000489 -0.000489 1.000000
vn -0.000489 -0.000489 1.000000
vn -0.000489 -0.000489 1.000000
vn -0.000489 -0.000489 1.000000
vn -0.000489 -0.000489 1.000000
vn -0.000489 -0.000489 1.000000
vn -0.000489 -0.000489 1.000000
vn -0.000489 -0.000489 1.000000
vn -0.000489 -0.000489 1.000000
vn -0.000489 -0.000489 1.000000
vn -0.000489 -0.000489 1.000000
vn -0.000489 -0.000489 1.000000
vn -0.000489 -0.000489 1.000000
vn -0.000489 -0.000489 1.000000
vn -0.000489 -0.000489 1.000000
vn -0.000489 -0.000489 1.000000
vn -0.000489 -0.000489 1.000000
vn -0.000489 -0.000489 1.000000
vn -0.000489 -0.000489 1.000000
vn -0.000489 -0.000489 1.000000
vn -0.000489 -0.000489 1.000000
vn -0.000489 -0.000489 1.000000
vn -0.000489 -0.000489 1.000000
vn -0.000489 -0.000489 1.000000
vn -0.000489 0.000489 1.000000
vn -0.000489 -0.000489 -1.000000
vn -0.000489 -0.000489 -1.000000
vn -0.000489 -0.000489 -1.000000
vn -0.000489 -0.000489 -1.000000
vn -0.000489 -0.000489 -1.000000
vn -0.000489 -0.000489 -1.000000
vn -0.000489 -0.000489 -1.000000
vn -0.000489 -0.000489 -1.000000
vn -0.000489 -0.000489 -1.000000
vn -0.000489 -0.000489 -1.000000
vn -0.000489 -0.000489 -1.000000
vn -0.000489 -0.000489 -1.000000
vn -0.000489 -0.000489 -1.000000
vn -0.000489 -0.000489 -1.000000
vn -0.000489 -0.000489 -1.000000
vn 0.000489 0.000489 -1.000000
vn -0.000489 -0.000489 -1.000000
vn 0.000489 0.000489 -1.000000
vn -0.000489 -0.000489 -1.000000
vn 0.001466 0.000489 -1.000000
vn -0.000489 -0.000489 -1.000000
vn 0.001466 0.000489 -1.000000
vn -0.000489 -0.000489 -1.000000
vn 0.001466 0.000489 -1.000000
vn -0.000489 -0.000489 -1.000000
vn 0.001466 0.000489 -1.000000
vn -0.000489 -0.000489 -1.000000
vn 0.001466 0.000489 -1.000000
vn -0.000489 -0.000489 -1.000000
vn 0.001466 0.000489 -1.000000
vn -0.000489 -0.000489 -1.000000
vn 0.001466 0.000489 -1.000000
vn -0.000489 -0.000489 -1.000000
vn 0.001466 0.000489 -1.000000
vn -0.000489 -0.000489 -1.000000
vn 0.001466 0.000489 -1.000000
vn -0.000489 -0.000489 -1.000000
vn 0.001466 0.000489 -1.000000
vn -0.000489 -0.000489 -1.000000
vn 0.000489 0.000489 -1.000000
vn -0.000489 -0.000489 -1.000000
vn 0.000489 0.000489 -1.000000
vn -0.000489 -0.000489 -1.000000
vn -0.000489 -0.000489 -1.000000
vn -0.000489 -0.000489 -1.000000
vn -0.000489 -0.000489 -1.000000
vn -0.000489 -0.000489 -1.000000
vn -0.000489 -0.000489 -1.000000
vn -0.000489 -0.000489 -1.000000
vn -0.000489 -0.000489 -1.000000
vn -0.000489 -0.000489 -1.000000
vn -0.000489 -0.000489 -1.000000
vn -0.000489 -0.000489 -1.000000
vn -0.000489 -0.000489 -1.000000
vn -0.000489 -0.000489 -1.000000
vn -0.000489 -0.000489 -1.000000
vn -0.000489 -0.000489 -1.000000
vn -0.000489 -0.000489 -1.000000
vn -0.000489 -0.000489 -1.000000
vn -0.000489 -0.000489 -1.000000
vn -0.000489 -0.000489 -1.000000
vn -0.000489 -0.000489 -1.000000
vn -0.000489 -0.000489 -1.000000
vn -0.000489 -0.000489 -1.000000
vn -0.000489 -0.000489 -1.000000
vn -0.000489 -0.000489 1.000000
vn -0.000489 -0.000489 1.000000
vn -0.000489 -0.000489 1.000000
vn -0.000489 -0.000489 1.000000
vn -0.000489 -0.000489 1.000000
vn -0.000489 -0.000489 1.000000
vn -0.000489 -0.000489 1.000000
vn -0.000489 -0.000489 1.000000
vn -0.000489 -0.000489 1.000000
vn -0.000489 -0.000489 1.000000
vn -0.000489 -0.000489 1.000000
vn -0.000489 0.000489 1.000000
vn -0.000489 -0.000489 1.000000
vn -0.000489 0.000489 1.000000
vn -0.000489 -0.000489 1.000000
vn -0.000489 0.001466 1.000000
vn -0.000489 -0.000489 1.000000
vn -0.000489 0.001466 1.000000
vn -0.000489 -0.000489 1.000000
vn -0.000489 0.001466 1.000000
vn -0.000489 -0.000489 1.000000
vn -0.000489 0.001466 1.000000
vn -0.000489 -0.000489 1.000000
vn -0.000489 0.001466 1.000000
vn -0.000489 -0.000489 1.000000
vn -0.000489 0.001466 1.000000
vn -0.000489 -0.000489 1.000000
vn -0.000489 0.001466 1.000000
vn -0.000489 -0.000489 1.000000
vn -0.000489 0.001466 1.000000
vn -0.000489 -0.000489 1.000000
vn -0.000489 0.001466 1.000000
vn -0.000489 0.000489 1.000000
vn -0.000489 0.000489 1.000000
vn -0.000489 -0.000489 1.000000
vn -0.000489 -0.000489 1.000000
vn -0.000489 -0.000489 1.000000
vn -0.000489 -0.000489 1.000000
vn -0.000489 -0.000489 1.000000
vn -0.000489 -0.000489 1.000000
vn -0.000489 -0.000489 1.000000
vn -0.000489 -0.000489 1.000000
vn -0.000489 -0.000489 1.000000
vn -0.000489 -0.000489 1.000000
vn -0.000489 -0.000489 1.000000
vn -0.000489 -0.000489 1.000000
vn -0.000489 -0.000489 1.000000
vn -0.000489 -0.000489 1.000000
vn -0.000489 -0.000489 1.000000
vn -0.000489 -0.000489 1.000000
vn -0.000489 -0.000489 1.000000
vn -0.000489 -0.000489 1.000000
vn -0.000489 -0.000489 1.000000
vn -0.000489 -0.000489 1.000000
vn -0.000489 -0.000489 1.000000
vn -0.000489 -0.000489 1.000000
vn -0.000489 -0.000489 1.000000
vn -0.000489 -0.000489 1.000000
vn -0.000489 -0.000489 1.000000
vn -0.000489 -0.000489 1.000000
vn -0.000489 -0.000489 1.000000
vn -0.000489 -0.000489 1.000000
vn -0.000489 -0.000489 1.000000
vn -0.000489 -0.000489 1.000000
vn -0.000489 0.000489 1.000000
vn -0.000489 -0.000489 -1.000000
vn -0.000489 -0.000489 -1.000000
vn -0.000489 -0.000489 -1.000000
vn -0.000489 -0.000489 -1.000000
vn -0.000489 -0.000489 -1.000000
vn -0.000489 -0.000489 -1.000000
vn -0.000489 -0.000489 -1.000000
vn -0.000489 -0.000489 -1.000000
vn -0.000489 -0.000489 -1.000000
vn -0.000489 -0.000489 -1.000000
vn -0.000489 -0.000489 -1.000000
vn -0.000489 -0.000489 -1.000000
vn -0.000489 -0.000489 -1.000000
vn -0.000489 -0.000489 -1.000000
vn -0.000489 -0.000489 -1.000000
vn -0.000489 -0.000489 -1.000000
vn -0.000489 -0.000489 -1.000000
vn 0.000489 0.000489 -1.000000
vn -0.000489 -0.000489 -1.000000
vn 0.000489 0.000489 -1.000000
vn -0.000489 -0.000489 -1.000000
vn 0.001466 0.000489 -1.000000
vn -0.000489 -0.000489 -1.000000
vn 0.001466 0.000489 -1.000000
vn -0.000489 -0.000489 -1.000000
vn 0.001466 0.000489 -1.000000
vn -0.000489 -0.000489 -1.000000
vn 0.001466 0.000489 -1.000000
vn -0.000489 -0.000489 -1.000000
vn 0.001466 0.000489 -1.000000
vn -0.000489 -0.000489 -1.000000
vn 0.001466 0.000489 -1.000000
vn -0.000489 -0.000489 -1.000000
vn 0.001466 0.000489 -1.000000
vn -0.000489 -0.000489 -1.000000
vn 0.001466 0.000489 -1.000000
vn -0.000489 -0.000489 -1.000000
vn 0.001466 0.000489 -1.000000
vn -0.000489 -0.000489 -1.000000
vn 0.001466 0.000489 -1.000000
vn -0.000489 -0.000489 -1.000000
vn 0.000489 0.000489 -1.000000
vn -0.000489 -0.000489 -1.000000
vn 0.000489 0.000489 -1.000000
vn -0.000489 -0.000489 -1.000000
vn -0.000489 -0.000489 -1.000000
vn -0.000489 -0.000489 -1.000000
vn -0.000489 -0.000489 -1.000000
vn -0.000489 -0.000489 -1.000000
vn -0.000489 -0.000489 -1.000000
vn -0.000489 -0.000489 -1.000000
vn -0.000489 -0.000489 -1.000000
vn -0.000489 -0.000489 -1.000000
vn -0.000489 -0.000489 -1.000000
vn -0.000489 -0.000489 -1.000000
vn -0.000489 -0.000489 -1.000000
vn -0.000489 -0.000489 -1.000000
vn -0.000489 -0.000489 -1.000000
vn -0.000489 -0.000489 -1.000000
vn -0.000489 -0.000489 -1.000000
vn -0.000489 -0.000489 -1.000000
vn -0.000489 -0.000489 -1.000000
vn -0.000489 -0.000489 -1.000000
vn -0.000489 -0.000489 -1.000000
vn -0.000489 -0.000489 -1.000000
vn -0.995115 -0.098192 -0.000489
vn -1.000000 0.008305 -0.000489
vn -0.995115 -0.098192 -0.000489
vn -1.000000 0.008305 -0.000489
vn -0.970689 -0.241817 -0.000489
vn -0.970689 -0.241817 -0.000489
vn -0.908158 -0.417684 -0.000489
vn -0.908158 -0.417684 -0.000489
vn -0.387396 -0.921837 -0.000489
vn -0.588666 -0.808500 -0.000489
vn -0.588666 -0.808500 -0.000489
vn -0.387396 -0.921837 -0.000489
vn 0.000489 -0.000489 1.000000
vn 0.000489 -0.000489 1.000000
vn 0.000489 -0.000489 1.000000
vn 0.000489 -0.000489 1.000000
vn 0.000489 -0.000489 1.000000
vn 0.000489 -0.000489 1.000000
vn -0.001466 0.001466 1.000000
vn 0.000489 -0.000489 1.000000
vn -0.001466 0.001466 1.000000
vn 0.000489 -0.000489 1.000000
vn -0.002443 0.003420 1.000000
vn 0.000489 -0.000489 1.000000
vn -0.002443 0.003420 1.000000
vn 0.000489 -0.000489 1.000000
vn -0.002443 0.003420 1.000000
vn 0.000489 -0.000489 1.000000
vn -0.002443 0.003420 1.000000
vn 0.000489 -0.000489 1.000000
vn -0.002443 0.003420 1.000000
vn 0.000489 -0.000489 1.000000
vn -0.002443 0.003420 1.000000
vn 0.000489 -0.000489 1.000000
vn -0.002443 0.003420 1.000000
vn 0.000489 -0.000489 1.000000
vn -0.002443 0.003420 1.000000
vn 0.000489 -0.000489 1.000000
vn -0.001466 0.001466 1.000000
vn -0.002443 0.003420 1.000000
vn -0.001466 0.001466 1.000000
vn 0.000489 -0.000489 1.000000
vn 0.000489 -0.000489 1.000000
vn 0.000489 -0.000489 1.000000
vn 0.000489 -0.000489 1.000000
vn 0.000489 -0.000489 1.000000
vn 0.000489 -0.000489 1.000000
vn 0.000489 -0.000489 1.000000
vn 0.000489 -0.000489 1.000000
vn 0.000489 -0.000489 1.000000
vn 0.000489 -0.000489 1.000000
vn 0.000489 -0.000489 1.000000
vn 0.000489 -0.000489 1.000000
vn 0.000489 -0.000489 1.000000
vn 0.000489 -0.000489 1.000000
vn 0.000489 -0.000489 1.000000
vn 0.000489 -0.000489 1.000000
vn 0.000489 -0.000489 1.000000
vn 0.000489 -0.000489 1.000000
vn 0.000489 -0.000489 1.000000
vn 0.000489 -0.000489 1.000000
vn 0.000489 -0.000489 1.000000
vn 0.000489 -0.000489 1.000000
vn 0.000489 -0.000489 1.000000
vn 0.000489 -0.000489 1.000000
vn 0.000489 -0.000489 1.000000
vn 0.000489 -0.000489 1.000000
vn 0.000489 -0.000489 1.000000
vn 0.000489 -0.000489 1.000000
vn 0.000489 -0.000489 1.000000
vn 0.000489 -0.000489 1.000000
vn 0.000489 -0.000489 1.000000
vn 0.000489 -0.000489 1.000000
vn 0.000489 -0.000489 1.000000
vn 0.000489 -0.000489 1.000000
vn 0.000489 -0.000489 1.000000
vn -0.001466 0.001466 1.000000
vn 0.000489 -0.000489 1.000000
vn 0.000489 -0.000489 1.000000
vn 0.000489 -0.000489 1.000000
vn 0.000489 -0.000489 1.000000
vn 0.000489 -0.000489 1.000000
vn 0.000489 -0.000489 1.000000
vn 0.000489 -0.000489 1.000000
vn 0.000489 -0.000489 1.000000
vn 0.000489 -0.000489 1.000000
vn 0.000489 -0.000489 1.000000
vn 0.000489 -0.000489 1.000000
vn -0.000489 0.000489 1.000000
vn 0.000489 -0.000489 1.000000
vn -0.000489 0.000489 1.000000
vn 0.000489 -0.000489 1.000000
vn -0.001466 0.001466 1.000000
vn 0.000489 -0.000489 1.000000
vn -0.001466 0.001466 1.000000
vn 0.000489 -0.000489 1.000000
vn -0.001466 0.001466 1.000000
vn 0.000489 -0.000489 1.000000
vn -0.001466 0.001466 1.000000
vn 0.000489 -0.000489 1.000000
vn -0.001466 0.001466 1.000000
vn 0.000489 -0.000489 1.000000
vn -0.001466 0.001466 1.000000
vn 0.000489 -0.000489 1.000000
vn -0.001466 0.001466 1.000000
vn 0.000489 -0.000489 1.000000
vn -0.001466 0.001466 1.000000
vn 0.000489 -0.000489 1.000000
vn -0.001466 0.001466 1.000000
vn -0.000489 0.000489 1.000000
vn -0.000489 0.000489 1.000000
vn 0.000489 -0.000489 1.000000
vn 0.000489 -0.000489 1.000000
vn 0.000489 -0.000489 1.000000
vn 0.000489 -0.000489 1.000000
vn 0.000489 -0.000489 1.000000
vn 0.000489 -0.000489 1.000000
vn 0.000489 -0.000489 1.000000
vn 0.000489 -0.000489 1.000000
vn 0.000489 -0.000489 1.000000
vn 0.000489 -0.000489 1.000000
vn 0.000489 -0.000489 1.000000
vn 0.000489 -0.000489 1.000000
vn 0.000489 -0.000489 1.000000
vn 0.000489 -0.000489 1.000000
vn 0.000489 -0.000489 1.000000
vn 0.000489 -0.000489 1.000000
vn 0.000489 -0.000489 1.000000
vn 0.000489 -0.000489 1.000000
vn 0.000489 -0.000489 1.000000
vn 0.000489 -0.000489 1.000000
vn 0.000489 -0.000489 1.000000
vn 0.000489 -0.000489 1.000000
vn 0.000489 -0.000489 1.000000
vn 0.000489 -0.000489 1.000000
vn 0.000489 -0.000489 1.000000
vn 0.000489 -0.000489 1.000000
vn 0.000489 -0.000489 1.000000
vn 0.000489 -0.000489 1.000000
vn 0.000489 -0.000489 1.000000
vn 0.000489 -0.000489 1.000000
vn -0.000489 0.000489 1.000000
vn -0.000489 -0.000489 -1.000000
vn -0.000489 -0.000489 -1.000000
vn -0.000489 -0.000489 -1.000000
vn -0.000489 -0.000489 -1.000000
vn -0.000489 -0.000489 -1.000000
vn -0.000489 -0.000489 -1.000000
vn -0.000489 -0.000489 -1.000000
vn -0.000489 -0.000489 -1.000000
vn -0.000489 -0.000489 -1.000000
vn -0.000489 -0.000489 -1.000000
vn -0.000489 -0.000489 -1.000000
vn -0.000489 -0.000489 -1.000000
vn -0.000489 -0.000489 -1.000000
vn -0.000489 -0.000489 -1.000000
vn -0.000489 -0.000489 -1.000000
vn -0.000489 -0.000489 -1.000000
vn -0.000489 -0.000489 -1.000000
vn 0.000489 0.000489 -1.000000
vn -0.000489 -0.000489 -1.000000
vn 0.000489 0.000489 -1.000000
vn -0.000489 -0.000489 -1.000000
vn 0.001466 0.000489 -1.000000
vn -0.000489 -0.000489 -1.000000
vn 0.001466 0.000489 -1.000000
vn -0.000489 -0.000489 -1.000000
vn 0.001466 0.000489 -1.000000
vn -0.000489 -0.000489 -1.000000
vn 0.001466 0.000489 -1.000000
vn -0.000489 -0.000489 -1.000000
vn 0.001466 0.000489 -1.000000
vn -0.000489 -0.000489 -1.000000
vn 0.001466 0.000489 -1.000000
vn -0.000489 -0.000489 -1.000000
vn 0.001466 0.000489 -1.000000
vn -0.000489 -0.000489 -1.000000
vn 0.001466 0.000489 -1.000000
vn -0.000489 -0.000489 -1.000000
vn 0.001466 0.000489 -1.000000
vn -0.000489 -0.000489 -1.000000
vn 0.001466 0.000489 -1.000000
vn -0.000489 -0.000489 -1.000000
vn 0.000489 0.000489 -1.000000
vn -0.000489 -0.000489 -1.000000
vn 0.000489 0.000489 -1.000000
vn -0.000489 -0.000489 -1.000000
vn -0.000489 -0.000489 -1.000000
vn -0.000489 -0.000489 -1.000000
vn -0.000489 -0.000489 -1.000000
vn -0.000489 -0.000489 -1.000000
vn -0.000489 -0.000489 -1.000000
vn -0.000489 -0.000489 -1.000000
vn -0.000489 -0.000489 -1.000000
vn -0.000489 -0.000489 -1.000000
vn -0.000489 -0.000489 -1.000000
vn -0.000489 -0.000489 -1.000000
vn -0.000489 -0.000489 -1.000000
vn -0.000489 -0.000489 -1.000000
vn -0.000489 -0.000489 -1.000000
vn -0.000489 -0.000489 -1.000000
vn -0.000489 -0.000489 -1.000000
vn -0.000489 -0.000489 -1.000000
vn -0.000489 -0.000489 -1.000000
vn -0.000489 -0.000489 -1.000000
vn -0.000489 -0.000489 -1.000000
vn -0.000489 -0.000489 -1.000000
vn -0.000489 -0.000489 1.000000
vn -0.000489 -0.000489 1.000000
vn -0.000489 -0.000489 1.000000
vn -0.000489 -0.000489 1.000000
vn -0.000489 -0.000489 1.000000
vn -0.000489 -0.000489 1.000000
vn -0.000489 -0.000489 1.000000
vn -0.000489 -0.000489 1.000000
vn -0.000489 -0.000489 1.000000
vn -0.000489 -0.000489 1.000000
vn -0.000489 -0.000489 1.000000
vn -0.000489 0.000489 1.000000
vn -0.000489 -0.000489 1.000000
vn -0.000489 0.000489 1.000000
vn -0.000489 -0.000489 1.000000
vn -0.000489 0.001466 1.000000
vn -0.000489 -0.000489 1.000000
vn -0.000489 0.001466 1.000000
vn -0.000489 -0.000489 1.000000
vn -0.000489 0.001466 1.000000
vn -0.000489 -0.000489 1.000000
vn -0.000489 0.001466 1.000000
vn -0.000489 -0.000489 1.000000
vn -0.000489 0.001466 1.000000
vn -0.000489 -0.000489 1.000000
vn -0.000489 0.001466 1.000000
vn -0.000489 -0.000489 1.000000
vn -0.000489 0.001466 1.000000
vn -0.000489 -0.000489 1.000000
vn -0.000489 0.001466 1.000000
vn -0.000489 -0.000489 1.000000
vn -0.000489 0.001466 1.000000
vn -0.000489 0.000489 1.000000
vn -0.000489 0.000489 1.000000
vn -0.000489 -0.000489 1.000000
vn -0.000489 -0.000489 1.000000
vn -0.000489 -0.000489 1.000000
vn -0.000489 -0.000489 1.000000
vn -0.000489 -0.000489 1.000000
vn -0.000489 -0.000489 1.000000
vn -0.000489 -0.000489 1.000000
vn -0.000489 -0.000489 1.000000
vn -0.000489 -0.000489 1.000000
vn -0.000489 -0.000489 1.000000
vn -0.000489 -0.000489 1.000000
vn -0.000489 -0.000489 1.000000
vn -0.000489 -0.000489 1.000000
vn -0.000489 -0.000489 1.000000
vn -0.000489 -0.000489 1.000000
vn -0.000489 -0.000489 1.000000
vn -0.000489 -0.000489 1.000000
vn -0.000489 -0.000489 1.000000
vn -0.000489 -0.000489 1.000000
vn -0.000489 -0.000489 1.000000
vn -0.000489 -0.000489 1.000000
vn -0.000489 -0.000489 1.000000
vn -0.000489 -0.000489 1.000000
vn -0.000489 -0.000489 1.000000
vn -0.000489 -0.000489 1.000000
vn -0.000489 -0.000489 1.000000
vn -0.000489 -0.000489 1.000000
vn -0.000489 -0.000489 1.000000
vn -0.000489 -0.000489 1.000000
vn -0.000489 -0.000489 1.000000
vn -0.000489 0.000489 1.000000
vn -0.000489 -0.000489 -1.000000
vn -0.000489 -0.000489 -1.000000
vn -0.000489 -0.000489 -1.000000
vn -0.000489 -0.000489 -1.000000
vn -0.000489 -0.000489 -1.000000
vn -0.000489 -0.000489 -1.000000
vn -0.000489 -0.000489 -1.000000
vn -0.000489 -0.000489 -1.000000
vn -0.000489 -0.000489 -1.000000
vn -0.000489 -0.000489 -1.000000
vn -0.000489 -0.000489 -1.000000
vn -0.000489 -0.000489 -1.000000
vn -0.000489 -0.000489 -1.000000
vn -0.000489 -0.000489 -1.000000
vn -0.000489 -0.000489 -1.000000
vn -0.000489 -0.000489 -1.000000
vn -0.000489 -0.000489 -1.000000
vn -0.000489 -0.000489 -1.000000
vn -0.000489 -0.000489 -1.000000
vn -0.000489 -0.000489 -1.000000
vn -0.000489 -0.000489 -1.000000
vn 0.001466 0.000489 -1.000000
vn -0.000489 -0.000489 -1.000000
vn 0.001466 0.000489 -1.000000
vn -0.000489 -0.000489 -1.000000
vn 0.002443 0.001466 -1.000000
vn -0.000489 -0.000489 -1.000000
vn 0.002443 0.001466 -1.000000
vn -0.000489 -0.000489 -1.000000
vn 0.002443 0.001466 -1.000000
vn -0.000489 -0.000489 -1.000000
vn 0.002443 0.001466 -1.000000
vn -0.000489 -0.000489 -1.000000
vn 0.002443 0.001466 -1.000000
vn -0.000489 -0.000489 -1.000000
vn 0.002443 0.001466 -1.000000
vn -0.000489 -0.000489 -1.000000
vn 0.002443 0.001466 -1.000000
vn -0.000489 -0.000489 -1.000000
vn 0.002443 0.001466 -1.000000
vn -0.000489 -0.000489 -1.000000
vn 0.002443 0.001466 -1.000000
vn -0.000489 -0.000489 -1.000000
vn 0.002443 0.001466 -1.000000
vn -0.000489 -0.000489 -1.000000
vn 0.001466 0.000489 -1.000000
vn -0.000489 -0.000489 -1.000000
vn 0.001466 0.000489 -1.000000
vn -0.000489 -0.000489 -1.000000
vn -0.000489 -0.000489 -1.000000
vn -0.000489 -0.000489 -1.000000
vn -0.000489 -0.000489 -1.000000
vn -0.000489 -0.000489 -1.000000
vn -0.000489 -0.000489 -1.000000
vn -0.000489 -0.000489 -1.000000
vn -0.000489 -0.000489 -1.000000
vn -0.000489 -0.000489 -1.000000
vn -0.000489 -0.000489 -1.000000
vn -0.000489 -0.000489 -1.000000
vn -0.000489 -0.000489 -1.000000
vn -0.000489 -0.000489 -1.000000
vn -0.000489 -0.000489 -1.000000
vn -0.000489 -0.000489 -1.000000
vn -0.000489 -0.000489 -1.000000
vn -0.000489 -0.000489 -1.000000
vn -0.796776 -0.605276 -0.000489
vn -0.644358 -0.764533 -0.000489
vn -0.796776 -0.605276 -0.000489
vn -0.644358 -0.764533 -0.000489
vn -0.900342 -0.434294 -0.000489
vn -0.900342 -0.435271 -0.000489
vn -0.000489 -0.000489 -1.000000
vn -0.000489 -0.000489 -1.000000
vn -0.000489 -0.000489 -1.000000
vn -0.000489 -0.000489 -1.000000
vn -0.000489 -0.000489 -1.000000
vn -0.000489 -0.000489 -1.000000
vn -0.000489 -0.000489 -1.000000
vn -0.000489 -0.000489 -1.000000
vn -0.000489 -0.000489 -1.000000
vn -0.000489 -0.000489 -1.000000
vn -0.000489 -0.000489 -1.000000
vn -0.000489 -0.000489 -1.000000
vn -0.000489 -0.000489 -1.000000
vn -0.000489 -0.000489 -1.000000
vn -0.000489 -0.000489 -1.000000
vn -0.000489 -0.000489 -1.000000
vn -0.000489 -0.000489 -1.000000
vn 0.000489 0.000489 -1.000000
vn -0.000489 -0.000489 -1.000000
vn 0.000489 0.000489 -1.000000
vn -0.000489 -0.000489 -1.000000
vn 0.001466 0.000489 -1.000000
vn -0.000489 -0.000489 -1.000000
vn 0.001466 0.000489 -1.000000
vn -0.000489 -0.000489 -1.000000
vn 0.001466 0.000489 -1.000000
vn -0.000489 -0.000489 -1.000000
vn 0.001466 0.000489 -1.000000
vn -0.000489 -0.000489 -1.000000
vn 0.001466 0.000489 -1.000000
vn -0.000489 -0.000489 -1.000000
vn 0.001466 0.000489 -1.000000
vn -0.000489 -0.000489 -1.000000
vn 0.001466 0.000489 -1.000000
vn -0.000489 -0.000489 -1.000000
vn 0.001466 0.000489 -1.000000
vn -0.000489 -0.000489 -1.000000
vn 0.001466 0.000489 -1.000000
vn -0.000489 -0.000489 -1.000000
vn 0.001466 0.000489 -1.000000
vn -0.000489 -0.000489 -1.000000
vn 0.000489 0.000489 -1.000000
vn -0.000489 -0.000489 -1.000000
vn 0.000489 0.000489 -1.000000
vn -0.000489 -0.000489 -1.000000
vn -0.000489 -0.000489 -1.000000
vn -0.000489 -0.000489 -1.000000
vn -0.000489 -0.000489 -1.000000
vn -0.000489 -0.000489 -1.000000
vn -0.000489 -0.000489 -1.000000
vn -0.000489 -0.000489 -1.000000
vn -0.000489 -0.000489 -1.000000
vn -0.000489 -0.000489 -1.000000
vn -0.000489 -0.000489 -1.000000
vn -0.000489 -0.000489 -1.000000
vn -0.000489 -0.000489 -1.000000
vn -0.000489 -0.000489 -1.000000
vn -0.000489 -0.000489 -1.000000
vn -0.000489 -0.000489 -1.000000
vn -0.000489 -0.000489 -1.000000
vn -0.000489 -0.000489 -1.000000
vn -0.000489 -0.000489 -1.000000
vn -0.000489 -0.000489 -1.000000
vn -0.000489 -0.000489 -1.000000
vn -0.000489 -0.000489 -1.000000
vn -0.000489 0.171470 0.985344
vn -0.000489 0.171470 0.985344
vn -0.000489 0.171470 0.985344
vn -0.000489 0.171470 0.985344
vn -0.975574 0.217391 -0.000489
vn -0.939424 0.343429 -0.000489
vn -0.975574 0.217391 -0.000489
vn -0.939424 0.343429 -0.000489
vn 0.975574 -0.217391 -0.000489
vn 0.994138 -0.105032 -0.000489
vn 0.975574 -0.217391 -0.000489
vn 0.994138 -0.105032 -0.000489
vn 1.000000 0.007328 -0.000489
vn 1.000000 0.007328 -0.000489
vn 0.994138 -0.105032 -0.000489
vn -0.063996 -0.998046 -0.000489
vn -0.063996 -0.998046 -0.000489
vn -0.357108 -0.934538 -0.000489
vn -0.357108 -0.934538 -0.000489
vn -0.000489 0.171470 -0.985344
vn -0.000489 0.171470 -0.985344
vn -0.000489 0.171470 -0.985344
vn -0.000489 0.171470 -0.985344
vn 0.227162 0.973620 -0.000489
vn 0.063996 0.998046 -0.000489
vn 0.063996 0.998046 -0.000489
vn 0.227162 0.973620 -0.000489
vn -0.101124 0.995115 -0.000489
vn -0.101124 0.995115 -0.000489
vn 0.364924 0.930630 -0.000489
vn 0.364924 0.930630 -0.000489
vn 0.227162 0.973620 -0.000489
vn -0.101124 0.995115 -0.000489
vn -0.242794 0.969712 -0.000489
vn -0.242794 0.969712 -0.000489
vn -0.379580 0.924768 -0.000489
vn -0.242794 0.969712 -0.000489
vn -0.379580 0.924768 -0.000489
vn -0.560332 0.828041 -0.000489
vn -0.560332 0.828041 -0.000489
vn 0.494871 0.869077 -0.000489
vn 0.364924 0.930630 -0.000489
vn 0.494871 0.869077 -0.000489
vn 0.661944 0.749878 -0.000489
vn 0.661944 0.749878 -0.000489
vn 0.811431 0.583781 -0.000489
vn 0.811431 0.583781 -0.000489
vn 0.661944 0.749878 -0.000489
vn -0.000489 0.000489 1.000000
vn -0.000489 0.000489 1.000000
vn -0.000489 0.000489 1.000000
vn -0.000489 0.000489 1.000000
vn -0.000489 0.000489 -1.000000
vn -0.000489 0.000489 -1.000000
vn -0.000489 0.000489 -1.000000
vn -0.000489 0.000489 -1.000000
vn 0.925745 0.377626 -0.000489
vn 0.983390 0.183195 -0.000489
vn 0.983390 0.183195 -0.000489
vn 0.925745 0.377626 -0.000489
vn 0.000489 -0.000489 1.000000
vn 0.000489 -0.000489 1.000000
vn 0.000489 -0.000489 1.000000
vn 0.000489 -0.000489 1.000000
vn 0.000489 -0.000489 1.000000
vn -0.000489 0.000489 1.000000
vn 0.000489 -0.000489 1.000000
vn -0.000489 0.000489 1.000000
vn 0.000489 -0.000489 1.000000
vn -0.001466 0.001466 1.000000
vn 0.000489 -0.000489 1.000000
vn -0.001466 0.001466 1.000000
vn 0.000489 -0.000489 1.000000
vn -0.001466 0.001466 1.000000
vn 0.000489 -0.000489 1.000000
vn -0.001466 0.001466 1.000000
vn 0.000489 -0.000489 1.000000
vn -0.001466 0.001466 1.000000
vn 0.000489 -0.000489 1.000000
vn -0.001466 0.001466 1.000000
vn 0.000489 -0.000489 1.000000
vn -0.001466 0.001466 1.000000
vn 0.000489 -0.000489 1.000000
vn -0.001466 0.001466 1.000000
vn 0.000489 -0.000489 1.000000
vn -0.001466 0.001466 1.000000
vn -0.000489 0.000489 1.000000
vn -0.000489 0.000489 1.000000
vn 0.000489 -0.000489 1.000000
vn 0.000489 -0.000489 1.000000
vn 0.000489 -0.000489 1.000000
vn 0.000489 -0.000489 1.000000
vn 0.000489 -0.000489 1.000000
vn 0.000489 -0.000489 1.000000
vn 0.000489 -0.000489 1.000000
vn 0.000489 -0.000489 1.000000
vn 0.000489 -0.000489 1.000000
vn 0.000489 -0.000489 1.000000
vn 0.000489 -0.000489 1.000000
vn 0.000489 -0.000489 1.000000
vn 0.000489 -0.000489 1.000000
vn 0.000489 -0.000489 1.000000
vn 0.000489 -0.000489 1.000000
vn 0.000489 -0.000489 1.000000
vn 0.000489 -0.000489 1.000000
vn 0.000489 -0.000489 1.000000
vn 0.000489 -0.000489 1.000000
vn 0.000489 -0.000489 1.000000
vn 0.000489 -0.000489 1.000000
vn 0.000489 -0.000489 1.000000
vn 0.000489 -0.000489 1.000000
vn 0.000489 -0.000489 1.000000
vn 0.000489 -0.000489 1.000000
vn 0.000489 -0.000489 1.000000
vn 0.000489 -0.000489 1.000000
vn 0.000489 -0.000489 1.000000
vn 0.000489 -0.000489 1.000000
vn 0.000489 -0.000489 1.000000
vn 0.000489 -0.000489 1.000000
vn 0.000489 -0.000489 1.000000
vn 0.000489 -0.000489 1.000000
vn 0.000489 -0.000489 1.000000
vn 0.000489 -0.000489 1.000000
vn 0.000489 -0.000489 1.000000
vn -0.000489 0.000489 1.000000
vn -0.758671 0.652174 -0.000489
vn -0.461651 0.886663 -0.000489
vn -0.461651 0.886663 -0.000489
vn -0.758671 0.652174 -0.000489
vn 0.772350 0.634587 -0.000489
vn 0.925745 0.377626 -0.000489
vn 0.925745 0.377626 -0.000489
vn 0.772350 0.634587 -0.000489
vn -0.000489 -0.000489 -1.000000
vn -0.000489 -0.000489 -1.000000
vn -0.000489 -0.000489 -1.000000
vn -0.000489 -0.000489 -1.000000
vn -0.000489 -0.000489 -1.000000
vn -0.000489 -0.000489 -1.000000
vn -0.000489 -0.000489 -1.000000
vn -0.000489 -0.000489 -1.000000
vn -0.000489 -0.000489 -1.000000
vn -0.000489 -0.000489 -1.000000
vn -0.000489 -0.000489 -1.000000
vn -0.000489 -0.000489 -1.000000
vn -0.000489 -0.000489 -1.000000
vn -0.000489 -0.000489 -1.000000
vn -0.000489 -0.000489 -1.000000
vn -0.000489 -0.000489 -1.000000
vn -0.000489 -0.000489 -1.000000
vn -0.000489 -0.000489 -1.000000
vn -0.000489 -0.000489 -1.000000
vn -0.000489 -0.000489 -1.000000
vn -0.000489 -0.000489 -1.000000
vn -0.000489 -0.000489 -1.000000
vn -0.000489 -0.000489 -1.000000
vn -0.000489 -0.000489 -1.000000
vn -0.000489 -0.000489 -1.000000
vn -0.000489 -0.000489 -1.000000
vn -0.000489 -0.000489 -1.000000
vn -0.000489 -0.000489 -1.000000
vn -0.000489 -0.000489 -1.000000
vn -0.000489 -0.000489 -1.000000
vn -0.000489 -0.000489 -1.000000
vn -0.000489 -0.000489 -1.000000
vn -0.000489 -0.000489 -1.000000
vn -0.000489 -0.000489 -1.000000
vn -0.000489 -0.000489 -1.000000
vn 0.000489 0.000489 -1.000000
vn -0.000489 -0.000489 -1.000000
vn 0.000489 0.000489 -1.000000
vn -0.000489 -0.000489 -1.000000
vn 0.001466 0.000489 -1.000000
vn -0.000489 -0.000489 -1.000000
vn 0.001466 0.000489 -1.000000
vn -0.000489 -0.000489 -1.000000
vn 0.001466 0.000489 -1.000000
vn -0.000489 -0.000489 -1.000000
vn 0.001466 0.000489 -1.000000
vn -0.000489 -0.000489 -1.000000
vn 0.001466 0.000489 -1.000000
vn -0.000489 -0.000489 -1.000000
vn 0.001466 0.000489 -1.000000
vn -0.000489 -0.000489 -1.000000
vn 0.001466 0.000489 -1.000000
vn -0.000489 -0.000489 -1.000000
vn 0.001466 0.000489 -1.000000
vn -0.000489 -0.000489 -1.000000
vn 0.001466 0.000489 -1.000000
vn -0.000489 -0.000489 -1.000000
vn 0.001466 0.000489 -1.000000
vn -0.000489 -0.000489 -1.000000
vn 0.000489 0.000489 -1.000000
vn -0.000489 -0.000489 -1.000000
vn 0.000489 0.000489 -1.000000
vn -0.000489 -0.000489 -1.000000
vn -0.000489 -0.000489 -1.000000
vn -0.000489 -0.000489 -1.000000
vn -0.000489 0.000489 1.000000
vn -0.000489 0.000489 1.000000
vn -0.000489 0.000489 1.000000
vn -0.000489 0.000489 1.000000
vn -0.000489 0.000489 1.000000
vn -0.000489 0.000489 1.000000
vn -0.000489 0.000489 1.000000
vn -0.000489 0.000489 -1.000000
vn -0.000489 0.000489 -1.000000
vn -0.000489 0.000489 -1.000000
vn -0.000489 0.000489 -1.000000
vn -0.000489 0.000489 -1.000000
vn -0.000489 0.000489 -1.000000
vn -0.000489 0.000489 -1.000000
vn 0.978505 -0.204690 -0.000489
vn 0.978505 -0.204690 -0.000489
vn 0.997069 -0.078652 -0.000489
vn 0.997069 -0.078652 -0.000489
vn 0.999023 0.044455 -0.000489
vn 0.999023 0.044455 -0.000489
vn 0.997069 -0.078652 -0.000489
vn 0.983390 0.183195 -0.000489
vn 0.999023 0.044455 -0.000489
vn 0.983390 0.183195 -0.000489
vn 0.000489 -0.000489 1.000000
vn 0.000489 -0.000489 1.000000
vn 0.000489 -0.000489 1.000000
vn 0.000489 -0.000489 1.000000
vn 0.000489 -0.000489 1.000000
vn -0.000489 0.000489 1.000000
vn 0.000489 -0.000489 1.000000
vn -0.000489 0.000489 1.000000
vn 0.000489 -0.000489 1.000000
vn -0.001466 0.001466 1.000000
vn 0.000489 -0.000489 1.000000
vn -0.001466 0.001466 1.000000
vn 0.000489 -0.000489 1.000000
vn -0.001466 0.001466 1.000000
vn 0.000489 -0.000489 1.000000
vn -0.001466 0.001466 1.000000
vn 0.000489 -0.000489 1.000000
vn -0.001466 0.001466 1.000000
vn 0.000489 -0.000489 1.000000
vn -0.001466 0.001466 1.000000
vn 0.000489 -0.000489 1.000000
vn -0.001466 0.001466 1.000000
vn 0.000489 -0.000489 1.000000
vn -0.001466 0.001466 1.000000
vn 0.000489 -0.000489 1.000000
vn -0.001466 0.001466 1.000000
vn -0.000489 0.000489 1.000000
vn -0.000489 0.000489 1.000000
vn 0.000489 -0.000489 1.000000
vn 0.000489 -0.000489 1.000000
vn 0.000489 -0.000489 1.000000
vn 0.000489 -0.000489 1.000000
vn 0.000489 -0.000489 1.000000
vn 0.000489 -0.000489 1.000000
vn 0.000489 -0.000489 1.000000
vn 0.000489 -0.000489 1.000000
vn 0.000489 -0.000489 1.000000
vn 0.000489 -0.000489 1.000000
vn 0.000489 -0.000489 1.000000
vn 0.000489 -0.000489 1.000000
vn 0.000489 -0.000489 1.000000
vn 0.000489 -0.000489 1.000000
vn 0.000489 -0.000489 1.000000
vn 0.000489 -0.000489 1.000000
vn 0.000489 -0.000489 1.000000
vn 0.000489 -0.000489 1.000000
vn 0.000489 -0.000489 1.000000
vn 0.000489 -0.000489 1.000000
vn 0.000489 -0.000489 1.000000
vn 0.000489 -0.000489 1.000000
vn 0.000489 -0.000489 1.000000
vn 0.000489 -0.000489 1.000000
vn 0.000489 -0.000489 1.000000
vn 0.000489 -0.000489 1.000000
vn 0.000489 -0.000489 1.000000
vn 0.000489 -0.000489 1.000000
vn 0.000489 -0.000489 1.000000
vn 0.000489 -0.000489 1.000000
vn 0.000489 -0.000489 1.000000
vn 0.000489 -0.000489 1.000000
vn 0.000489 -0.000489 1.000000
vn 0.000489 -0.000489 1.000000
vn 0.000489 -0.000489 1.000000
vn 0.000489 -0.000489 1.000000
vn -0.000489 0.000489 1.000000
vn -0.000489 -0.000489 -1.000000
vn -0.000489 -0.000489 -1.000000
vn -0.000489 -0.000489 -1.000000
vn -0.000489 -0.000489 -1.000000
vn -0.000489 -0.000489 -1.000000
vn -0.000489 -0.000489 -1.000000
vn -0.000489 -0.000489 -1.000000
vn -0.000489 -0.000489 -1.000000
vn -0.000489 -0.000489 -1.000000
vn -0.000489 -0.000489 -1.000000
vn -0.000489 -0.000489 -1.000000
vn -0.000489 -0.000489 -1.000000
vn -0.000489 -0.000489 -1.000000
vn -0.000489 -0.000489 -1.000000
vn -0.000489 -0.000489 -1.000000
vn -0.000489 -0.000489 -1.000000
vn -0.000489 -0.000489 -1.000000
vn -0.000489 -0.000489 -1.000000
vn -0.000489 -0.000489 -1.000000
vn -0.000489 -0.000489 -1.000000
vn -0.000489 -0.000489 -1.000000
vn -0.000489 -0.000489 -1.000000
vn -0.000489 -0.000489 -1.000000
vn -0.000489 -0.000489 -1.000000
vn -0.000489 -0.000489 -1.000000
vn -0.000489 -0.000489 -1.000000
vn -0.000489 -0.000489 -1.000000
vn -0.000489 -0.000489 -1.000000
vn -0.000489 -0.000489 -1.000000
vn -0.000489 -0.000489 -1.000000
vn -0.000489 -0.000489 -1.000000
vn -0.000489 -0.000489 -1.000000
vn -0.000489 -0.000489 -1.000000
vn -0.000489 -0.000489 -1.000000
vn -0.000489 -0.000489 -1.000000
vn 0.000489 0.000489 -1.000000
vn -0.000489 -0.000489 -1.000000
vn 0.000489 0.000489 -1.000000
vn -0.000489 -0.000489 -1.000000
vn 0.001466 0.000489 -1.000000
vn -0.000489 -0.000489 -1.000000
vn 0.001466 0.000489 -1.000000
vn -0.000489 -0.000489 -1.000000
vn 0.001466 0.000489 -1.000000
vn -0.000489 -0.000489 -1.000000
vn 0.001466 0.000489 -1.000000
vn -0.000489 -0.000489 -1.000000
vn 0.001466 0.000489 -1.000000
vn -0.000489 -0.000489 -1.000000
vn 0.001466 0.000489 -1.000000
vn -0.000489 -0.000489 -1.000000
vn 0.001466 0.000489 -1.000000
vn -0.000489 -0.000489 -1.000000
vn 0.001466 0.000489 -1.000000
vn -0.000489 -0.000489 -1.000000
vn 0.001466 0.000489 -1.000000
vn -0.000489 -0.000489 -1.000000
vn 0.001466 0.000489 -1.000000
vn -0.000489 -0.000489 -1.000000
vn 0.000489 0.000489 -1.000000
vn -0.000489 -0.000489 -1.000000
vn 0.000489 0.000489 -1.000000
vn -0.000489 -0.000489 -1.000000
vn -0.000489 -0.000489 -1.000000
vn -0.000489 -0.000489 -1.000000
vn 0.702980 -0.711773 -0.000489
vn 0.854421 -0.519297 -0.000489
vn 0.854421 -0.519297 -0.000489
vn 0.702980 -0.711773 -0.000489
vn 0.470445 -0.881778 -0.000489
vn 0.470445 -0.881778 -0.000489
vn 0.222277 -0.974597 -0.000489
vn 0.222277 -0.974597 -0.000489
vn 0.470445 -0.881778 -0.000489
vn -0.975574 0.217391 -0.000489
vn -0.975574 0.217391 -0.000489
vn -0.995115 0.097215 -0.000489
vn -0.995115 0.097215 -0.000489
vn -0.995115 0.097215 -0.000489
vn -1.000000 -0.023937 -0.000489
vn -1.000000 -0.023937 -0.000489
vn -0.982413 -0.186126 -0.000489
vn -0.982413 -0.186126 -0.000489
vn -1.000000 -0.023937 -0.000489
vn 0.502687 0.864192 -0.000489
vn 0.772350 0.634587 -0.000489
vn 0.772350 0.634587 -0.000489
vn 0.502687 0.864192 -0.000489
vn -0.000489 0.000489 1.000000
vn -0.000489 0.000489 1.000000
vn -0.000489 0.000489 1.000000
vn -0.000489 0.000489 1.000000
vn -0.000489 0.000489 1.000000
vn -0.000489 0.000489 1.000000
vn -0.000489 0.000489 1.000000
vn -0.000489 0.000489 1.000000
vn -0.000489 0.000489 1.000000
vn -0.000489 0.000489 1.000000
vn -0.000489 0.000489 -1.000000
vn -0.000489 0.000489 -1.000000
vn -0.000489 0.000489 -1.000000
vn -0.000489 0.000489 -1.000000
vn -0.000489 0.000489 -1.000000
vn -0.000489 0.000489 -1.000000
vn -0.000489 0.000489 -1.000000
vn -0.000489 0.000489 -1.000000
vn -0.000489 0.000489 -1.000000
vn -0.000489 0.000489 -1.000000
vn 0.993161 0.116756 -0.000489
vn 1.000000 0.007328 -0.000489
vn 1.000000 0.007328 -0.000489
vn 0.993161 0.116756 -0.000489
vn -0.588666 -0.808500 -0.000489
vn -0.733268 -0.679531 -0.000489
vn -0.733268 -0.679531 -0.000489
vn -0.588666 -0.808500 -0.000489
vn -0.863214 -0.504641 -0.000489
vn -0.733268 -0.679531 -0.000489
vn -0.863214 -0.504641 -0.000489
vn -0.923791 -0.381534 -0.000489
vn -0.982413 -0.186126 -0.000489
vn -0.923791 -0.381534 -0.000489
vn -0.982413 -0.186126 -0.000489
vn -0.802638 -0.596483 -0.000489
vn -0.802638 -0.596483 -0.000489
vn -0.602345 -0.797753 -0.000489
vn -0.602345 -0.797753 -0.000489
vn -0.602345 -0.797753 -0.000489
vn -0.378603 -0.925745 -0.000489
vn -0.378603 -0.925745 -0.000489
vn -0.171470 -0.985344 -0.000489
vn -0.171470 -0.985344 -0.000489
vn 0.429409 -0.903273 -0.000489
vn 0.138251 -0.990230 -0.000489
vn 0.138251 -0.990230 -0.000489
vn 0.429409 -0.903273 -0.000489
vn -0.000489 0.000489 -1.000000
vn -0.000489 0.000489 -1.000000
vn -0.000489 0.000489 -1.000000
vn -0.000489 0.000489 -1.000000
vn -0.000489 0.000489 1.000000
vn -0.000489 0.000489 1.000000
vn -0.000489 0.000489 1.000000
vn -0.000489 0.000489 1.000000
vn -0.000489 0.000489 -1.000000
vn -0.000489 0.000489 -1.000000
vn -0.000489 0.000489 -1.000000
vn -0.000489 0.000489 -1.000000
vn -0.000489 0.000489 1.000000
vn -0.000489 0.000489 1.000000
vn -0.000489 0.000489 1.000000
vn -0.000489 0.000489 1.000000
vn -0.226185 -0.973620 -0.000489
vn -0.505618 -0.863214 -0.000489
vn -0.505618 -0.863214 -0.000489
vn -0.226185 -0.973620 -0.000489
vn 0.574011 -0.818271 -0.000489
vn 0.790914 -0.612115 -0.000489
vn 0.790914 -0.612115 -0.000489
vn 0.574011 -0.818271 -0.000489
vn 0.320957 -0.947240 -0.000489
vn 0.320957 -0.947240 -0.000489
vn 0.574011 -0.818271 -0.000489
vn 0.171470 0.985344 -0.000489
vn 0.502687 0.864192 -0.000489
vn 0.502687 0.864192 -0.000489
vn 0.171470 0.985344 -0.000489
vn 0.944309 -0.327797 -0.000489
vn 0.944309 -0.327797 -0.000489
vn 0.978505 -0.204690 -0.000489
vn 0.978505 -0.204690 -0.000489
vn 0.891549 -0.453835 0.000489
vn 0.944309 -0.327797 -0.000489
vn 0.891549 -0.452858 0.000489
vn 0.802638 -0.595506 0.000489
vn 0.891549 -0.453835 0.000489
vn 0.803615 -0.595506 0.000489
vn 0.026869 -1.000000 -0.000489
vn -0.271129 -0.962873 -0.000489
vn -0.271129 -0.962873 -0.000489
vn 0.026869 -1.000000 -0.000489
vn -0.000489 -0.706888 -0.706888
vn -0.000489 0.000489 -1.000000
vn -0.000489 -0.706888 -0.706888
vn -0.000489 0.000489 -1.000000
vn -0.000489 -1.000000 -0.000489
vn -0.000489 0.706888 -0.706888
vn -0.000489 -1.000000 -0.000489
vn -0.000489 0.706888 -0.706888
vn -0.000489 -0.706888 0.706888
vn -0.000489 1.000000 -0.000489
vn -0.000489 -0.706888 0.706888
vn -0.000489 1.000000 -0.000489
vn -0.000489 0.000489 1.000000
vn -0.000489 0.706888 0.706888
vn -0.000489 0.000489 1.000000
vn -0.000489 0.706888 0.706888
vn -0.993161 0.116756 -0.000489
vn -0.993161 0.116756 -0.000489
vn -1.000000 0.008305 -0.000489
vn -1.000000 0.008305 -0.000489
vn -0.972643 0.232047 -0.000489
vn -0.972643 0.232047 -0.000489
vn -0.993161 0.116756 -0.000489
vn -0.000489 0.000489 1.000000
vn -0.000489 -0.706888 0.706888
vn -0.000489 0.000489 1.000000
vn -0.000489 -0.706888 0.706888
vn -0.000489 -1.000000 -0.000489
vn -0.000489 -1.000000 -0.000489
vn -0.000489 -0.706888 -0.706888
vn -0.000489 -0.706888 -0.706888
vn -0.000489 0.000489 -1.000000
vn -0.000489 0.000489 -1.000000
vn -0.000489 0.706888 -0.706888
vn -0.000489 0.706888 -0.706888
vn -0.000489 1.000000 -0.000489
vn -0.000489 1.000000 -0.000489
vn -0.000489 0.706888 0.706888
vn -0.000489 0.706888 0.706888
vn -0.000489 0.000489 1.000000
vn -0.000489 0.000489 1.000000
vn 0.970689 0.238886 -0.000489
vn 0.993161 0.116756 -0.000489
vn 0.993161 0.116756 -0.000489
vn 0.970689 0.238886 -0.000489
vn 0.565217 -0.825110 -0.000489
vn 0.295554 -0.955056 -0.000489
vn 0.565217 -0.825110 -0.000489
vn 0.295554 -0.955056 -0.000489
vn 0.015144 -1.000000 -0.000489
vn 0.015144 -1.000000 -0.000489
vn 0.295554 -0.955056 -0.000489
vn -0.226185 -0.973620 -0.000489
vn 0.015144 -1.000000 -0.000489
vn -0.226185 -0.973620 -0.000489
vn -0.480215 -0.876893 -0.000489
vn -0.480215 -0.876893 -0.000489
vn -0.644358 -0.764533 -0.000489
vn -0.644358 -0.764533 -0.000489
vn 0.355154 0.934538 -0.000489
vn 0.667807 0.744016 -0.000489
vn 0.667807 0.744016 -0.000489
vn 0.355154 0.934538 -0.000489
vn 0.378603 -0.925745 -0.000489
vn 0.083537 -0.996092 -0.000489
vn 0.083537 -0.996092 -0.000489
vn 0.378603 -0.925745 -0.000489
vn -0.278945 0.960918 -0.000489
vn -0.125550 0.992184 -0.000489
vn -0.278945 0.960918 -0.000489
vn -0.125550 0.992184 -0.000489
vn -0.182218 0.983390 -0.000489
vn 0.171470 0.985344 -0.000489
vn 0.171470 0.985344 -0.000489
vn -0.182218 0.983390 -0.000489
vn 0.094284 0.995115 -0.000489
vn -0.082560 0.996092 -0.000489
vn -0.082560 0.996092 -0.000489
vn 0.094284 0.995115 -0.000489
vn -0.258427 0.965804 -0.000489
vn -0.258427 0.965804 -0.000489
vn 0.246702 0.968735 -0.000489
vn 0.246702 0.968735 -0.000489
vn 0.094284 0.995115 -0.000489
vn -0.406937 0.913043 -0.000489
vn -0.406937 0.913043 -0.000489
vn -0.258427 0.965804 -0.000489
vn 0.891549 0.451881 -0.000489
vn 0.772350 0.634587 -0.000489
vn 0.772350 0.634587 -0.000489
vn 0.891549 0.451881 -0.000489
vn 0.956033 0.292623 -0.000489
vn 0.956033 0.292623 -0.000489
vn 0.985344 0.170493 -0.000489
vn 0.985344 0.170493 -0.000489
vn 0.270151 0.962873 -0.000489
vn 0.096238 0.995115 -0.000489
vn 0.096238 0.995115 -0.000489
vn 0.270151 0.962873 -0.000489
vn -0.082560 0.996092 -0.000489
vn -0.082560 0.996092 -0.000489
vn 0.414753 0.910112 -0.000489
vn 0.414753 0.910112 -0.000489
vn 0.270151 0.962873 -0.000489
vn 0.546654 0.836834 -0.000489
vn 0.414753 0.910112 -0.000489
vn 0.546654 0.836834 -0.000489
vn 0.706888 0.706888 -0.000489
vn 0.706888 0.706888 -0.000489
vn 0.843674 0.536883 -0.000489
vn 0.706888 0.706888 -0.000489
vn 0.843674 0.536883 -0.000489
vn 0.936492 0.351246 -0.000489
vn 0.936492 0.351246 -0.000489
vn 0.854421 -0.519297 -0.000489
vn 0.940401 -0.339521 -0.000489
vn 0.940401 -0.339521 -0.000489
vn 0.854421 -0.519297 -0.000489
vn -0.992184 0.122618 -0.000489
vn -1.000000 0.000489 -0.000489
vn -0.992184 0.122618 -0.000489
vn -1.000000 0.000489 -0.000489
vn -0.615046 0.787982 -0.000489
vn -0.615046 0.787982 -0.000489
vn -0.000489 0.706888 -0.706888
vn -0.000489 0.706888 -0.706888
vn -0.000489 1.000000 -0.000489
vn -0.000489 1.000000 -0.000489
vn -0.000489 0.000489 -1.000000
vn -0.000489 0.706888 0.706888
vn -0.000489 0.000489 -1.000000
vn -0.000489 0.706888 0.706888
vn -0.000489 -0.706888 -0.706888
vn -0.000489 0.000489 1.000000
vn -0.000489 -0.706888 -0.706888
vn -0.000489 0.000489 1.000000
vn -0.000489 -1.000000 -0.000489
vn -0.000489 -0.706888 0.706888
vn -0.000489 -1.000000 -0.000489
vn -0.000489 -0.706888 0.706888
vn -0.167562 0.985344 -0.000489
vn 0.226185 0.974597 -0.000489
vn 0.226185 0.974597 -0.000489
vn -0.167562 0.985344 -0.000489
vn -0.938447 0.345384 -0.000489
vn -0.869077 0.494871 -0.000489
vn -0.938447 0.345384 -0.000489
vn -0.869077 0.494871 -0.000489
vn -0.972643 0.232047 -0.000489
vn -0.972643 0.232047 -0.000489
vn -0.034685 0.999023 -0.000489
vn 0.348315 0.937469 -0.000489
vn 0.348315 0.937469 -0.000489
vn -0.034685 0.999023 -0.000489
vn -0.296532 -0.955056 -0.000489
vn -0.480215 -0.876893 -0.000489
vn -0.296532 -0.955056 -0.000489
vn -0.480215 -0.876893 -0.000489
vn -0.512457 0.858329 -0.000489
vn -0.182218 0.983390 -0.000489
vn -0.182218 0.983390 -0.000489
vn -0.512457 0.858329 -0.000489
vn -0.942355 -0.333659 -0.000489
vn -0.863214 -0.504641 -0.000489
vn -0.942355 -0.333659 -0.000489
vn -0.863214 -0.504641 -0.000489
vn -0.966781 -0.255496 -0.000489
vn -0.981436 -0.190034 -0.000489
vn -0.981436 -0.190034 -0.000489
vn -0.359062 0.933561 -0.000489
vn -0.000489 1.000000 -0.000489
vn -0.000489 1.000000 -0.000489
vn -0.359062 0.933561 -0.000489
vn 0.997069 -0.071812 -0.000489
vn 0.982413 -0.187103 -0.000489
vn 0.997069 -0.071812 -0.000489
vn 0.982413 -0.187103 -0.000489
vn 0.940401 -0.339521 -0.000489
vn 0.940401 -0.339521 -0.000489
vn 0.997069 -0.071812 -0.000489
vn 0.997069 -0.071812 -0.000489
vn 0.999023 0.045432 -0.000489
vn 0.999023 0.045432 -0.000489
vn 0.985344 0.170493 -0.000489
vn 0.999023 0.045432 -0.000489
vn 0.985344 0.170493 -0.000489
vn -0.589643 0.807523 -0.000489
vn -0.456766 0.889595 -0.000489
vn -0.589643 0.807523 -0.000489
vn -0.456766 0.889595 -0.000489
vn -0.271129 -0.962873 -0.000489
vn -0.486077 -0.873962 -0.000489
vn -0.486077 -0.873962 -0.000489
vn -0.271129 -0.962873 -0.000489
vn -0.512457 0.858329 -0.000489
vn -0.512457 0.858329 -0.000489
vn -0.744016 0.667807 -0.000489
vn -0.744016 0.667807 -0.000489
vn -0.869077 0.494871 -0.000489
vn -0.744016 0.668784 -0.000489
vn -0.869077 0.494871 -0.000489
vn -0.744016 0.668784 -0.000489
vn -0.436248 -0.900342 -0.000489
vn -0.665852 -0.746947 -0.000489
vn -0.436248 -0.900342 -0.000489
vn -0.665852 -0.746947 -0.000489
vn -0.208598 -0.978505 -0.000489
vn -0.208598 -0.978505 -0.000489
vn -0.138251 0.990230 -0.000489
vn 0.249634 0.968735 -0.000489
vn 0.249634 0.968735 -0.000489
vn -0.138251 0.990230 -0.000489
vn -0.948217 -0.319003 -0.000489
vn -0.948217 -0.319003 -0.000489
vn -0.948217 -0.319003 -0.000489
vn -0.948217 -0.319003 -0.000489
vn -0.744016 0.668784 -0.000489
vn -0.574011 0.819248 -0.000489
vn -0.744016 0.668784 -0.000489
vn -0.574011 0.819248 -0.000489
vn 0.096238 -0.995115 -0.000489
vn -0.207621 -0.978505 -0.000489
vn -0.207621 -0.978505 -0.000489
vn 0.096238 -0.995115 -0.000489
vn -0.863214 0.503664 -0.000489
vn -0.925745 0.379580 -0.000489
vn -0.863214 0.503664 -0.000489
vn -0.925745 0.379580 -0.000489
vn -0.744016 0.667807 -0.000489
vn -0.744016 0.667807 -0.000489
vn -0.237909 0.971666 -0.000489
vn -0.082560 0.996092 -0.000489
vn -0.237909 0.971666 -0.000489
vn -0.082560 0.996092 -0.000489
vn -0.981436 -0.190034 -0.000489
vn -0.998046 -0.067904 -0.000489
vn -0.998046 -0.067904 -0.000489
vn -0.981436 -0.190034 -0.000489
vn -0.999023 0.045432 -0.000489
vn -0.998046 -0.067904 -0.000489
vn -0.999023 0.045432 -0.000489
vn 0.149976 0.988276 -0.000489
vn -0.026869 1.000000 -0.000489
vn -0.026869 1.000000 -0.000489
vn 0.149976 0.988276 -0.000489
vn -0.203713 0.978505 -0.000489
vn -0.203713 0.978505 -0.000489
vn 0.300440 0.954079 -0.000489
vn 0.300440 0.954079 -0.000489
vn 0.149976 0.988276 -0.000489
vn -0.355154 0.934538 -0.000489
vn -0.355154 0.934538 -0.000489
vn -0.203713 0.978505 -0.000489
vn -0.355154 0.934538 -0.000489
vn -0.495848 0.868100 -0.000489
vn -0.495848 0.868100 -0.000489
vn -0.669761 0.743039 -0.000489
vn -0.669761 0.743039 -0.000489
vn -0.669761 0.743039 -0.000489
vn -0.820225 0.572057 -0.000489
vn -0.820225 0.572057 -0.000489
vn -0.922814 0.384465 -0.000489
vn -0.922814 0.384465 -0.000489
vn -0.385442 0.922814 -0.000489
vn -0.237909 0.971666 -0.000489
vn -0.385442 0.922814 -0.000489
vn -0.237909 0.971666 -0.000489
vn -0.574011 0.819248 -0.000489
vn -0.385442 0.922814 -0.000489
vn -0.574011 0.819248 -0.000489
vn -0.385442 0.922814 -0.000489
vn -1.000000 -0.005374 -0.000489
vn -0.993161 -0.113825 -0.000489
vn -0.993161 -0.113825 -0.000489
vn -1.000000 -0.005374 -0.000489
vn -0.994138 0.110894 -0.000489
vn -0.994138 0.110894 -0.000489
vn -1.000000 -0.005374 -0.000489
vn -0.975574 -0.219345 -0.000489
vn -0.993161 -0.113825 -0.000489
vn -0.975574 -0.219345 -0.000489
vn -0.933561 -0.359062 -0.000489
vn -0.933561 -0.359062 -0.000489
vn -0.850513 -0.526136 -0.000489
vn -0.850513 -0.526136 -0.000489
vn -0.702980 -0.710796 -0.000489
vn -0.702980 -0.710796 -0.000489
vn -0.472399 -0.881778 -0.000489
vn -0.472399 -0.881778 -0.000489
vn -0.472399 -0.881778 -0.000489
vn -0.212506 -0.977528 -0.000489
vn -0.212506 -0.977528 -0.000489
vn 0.026869 -1.000000 -0.000489
vn 0.026869 -1.000000 -0.000489
vn 0.310210 -0.951148 -0.000489
vn 0.100147 -0.995115 -0.000489
vn 0.099169 -0.995115 -0.000489
vn 0.310210 -0.951148 -0.000489
vn 0.484123 -0.874939 -0.000489
vn 0.310210 -0.951148 -0.000489
vn 0.484123 -0.874939 -0.000489
vn 0.665852 -0.745970 0.000489
vn 0.484123 -0.874939 -0.000489
vn 0.664875 -0.746947 0.000489
vn 0.802638 -0.595506 0.000489
vn 0.803615 -0.595506 0.000489
vn 0.138251 -0.990230 -0.000489
vn -0.162677 -0.986321 -0.000489
vn -0.162677 -0.986321 -0.000489
vn 0.138251 -0.990230 -0.000489
vn -0.925745 0.379580 -0.000489
vn -0.964827 0.262335 -0.000489
vn -0.925745 0.379580 -0.000489
vn -0.964827 0.262335 -0.000489
vn 0.910112 0.413776 -0.000489
vn 0.970689 0.238886 -0.000489
vn 0.970689 0.238886 -0.000489
vn 0.910112 0.413776 -0.000489
vn 0.753786 0.657059 -0.000489
vn 0.753786 0.657059 -0.000489
vn 0.467513 0.883732 -0.000489
vn 0.467513 0.883732 -0.000489
vn -0.461651 0.886663 -0.000489
vn -0.083537 0.996092 -0.000489
vn -0.083537 0.996092 -0.000489
vn -0.461651 0.886663 -0.000489
vn -0.990230 0.138251 -0.000489
vn -0.964827 0.262335 -0.000489
vn -0.990230 0.138251 -0.000489
vn -0.964827 0.262335 -0.000489
vn -0.026869 1.000000 -0.000489
vn 0.355154 0.934538 -0.000489
vn 0.355154 0.934538 -0.000489
vn -0.026869 1.000000 -0.000489
vn 0.586712 -0.809477 -0.000489
vn 0.378603 -0.925745 -0.000489
vn 0.378603 -0.925745 -0.000489
vn 0.586712 -0.809477 -0.000489
vn -0.000489 -1.000000 -0.000489
vn -0.296532 -0.955056 -0.000489
vn -0.296532 -0.955056 -0.000489
vn -0.000489 -1.000000 -0.000489
vn 0.296531 -0.955056 -0.000489
vn -0.000489 -1.000000 -0.000489
vn 0.296531 -0.955056 -0.000489
vn -0.999023 0.045432 -0.000489
vn -0.987298 0.156815 -0.000489
vn -0.999023 0.045432 -0.000489
vn -0.987298 0.156815 -0.000489
vn 0.077675 -0.997069 -0.000489
vn -0.226185 -0.973620 -0.000489
vn -0.226185 -0.973620 -0.000489
vn 0.077675 -0.997069 -0.000489
vn -1.000000 0.000489 -0.000489
vn -1.000000 0.000489 -0.000489
vn -1.000000 0.000489 -0.000489
vn -1.000000 0.000489 -0.000489
vn -1.000000 0.000489 -0.000489
vn -1.000000 0.000489 -0.000489
vn -1.000000 0.000489 -0.000489
vn -1.000000 0.000489 -0.000489
vn -1.000000 0.000489 -0.000489
vn -1.000000 0.000489 -0.000489
vn -1.000000 0.000489 -0.000489
vn -1.000000 0.000489 -0.000489
vn -1.000000 0.000489 -0.000489
vn -1.000000 0.000489 -0.000489
vn -1.000000 0.000489 -0.000489
vn -1.000000 0.000489 -0.000489
vn -1.000000 0.000489 -0.000489
vn -1.000000 0.000489 -0.000489
vn -1.000000 0.000489 -0.000489
vn -1.000000 0.000489 -0.000489
vn -0.992184 -0.128481 -0.000489
vn -1.000000 0.010259 -0.000489
vn -1.000000 0.010259 -0.000489
vn -0.992184 -0.128481 -0.000489
vn -0.990230 0.138251 -0.000489
vn -1.000000 0.010259 -0.000489
vn -0.990230 0.138251 -0.000489
vn -0.486077 -0.873962 -0.000489
vn -0.644358 -0.764533 -0.000489
vn -0.644358 -0.764533 -0.000489
vn -0.486077 -0.873962 -0.000489
vn -0.794822 -0.606253 -0.000489
vn -0.644358 -0.764533 -0.000489
vn -0.794822 -0.606253 -0.000489
vn -0.477284 0.878847 -0.000489
vn -0.278945 0.960918 -0.000489
vn -0.477284 0.878847 -0.000489
vn -0.278945 0.960918 -0.000489
vn 0.359062 0.933561 -0.000489
vn 0.665852 0.745970 -0.000489
vn 0.665852 0.745970 -0.000489
vn 0.359062 0.933561 -0.000489
vn -0.000489 1.000000 -0.000489
vn -0.000489 1.000000 -0.000489
vn -0.787005 -0.617000 -0.000489
vn -0.887640 -0.460674 -0.000489
vn -0.787005 -0.617000 -0.000489
vn -0.887640 -0.460674 -0.000489
vn -0.619932 -0.785051 -0.000489
vn -0.619932 -0.785051 -0.000489
vn -0.370787 -0.928676 -0.000489
vn -0.370787 -0.928676 -0.000489
vn -0.000489 -1.000000 -0.000489
vn -0.000489 -1.000000 -0.000489
vn -0.000489 -1.000000 -0.000489
vn -0.000489 -1.000000 -0.000489
vn 0.794822 0.607230 -0.000489
vn 0.653151 0.757694 -0.000489
vn 0.653151 0.757694 -0.000489
vn 0.794822 0.607230 -0.000489
vn 0.412799 -0.911089 -0.000489
vn 0.655105 -0.755740 -0.000489
vn 0.655105 -0.755740 -0.000489
vn 0.412799 -0.911089 -0.000489
vn 0.158769 -0.987298 -0.000489
vn 0.158769 -0.987298 -0.000489
vn 0.412799 -0.911089 -0.000489
vn -0.957010 -0.289692 -0.000489
vn -0.879824 -0.476307 -0.000489
vn -0.957010 -0.289692 -0.000489
vn -0.879824 -0.476307 -0.000489
vn -0.979482 -0.201759 -0.000489
vn -0.992184 -0.128481 -0.000489
vn -0.992184 -0.128481 -0.000489
vn 0.246702 0.968735 -0.000489
vn 0.389350 0.920860 -0.000489
vn 0.246702 0.968735 -0.000489
vn 0.389350 0.920860 -0.000489
vn 0.570103 0.821202 -0.000489
vn 0.570103 0.821202 -0.000489
vn 0.737176 -0.675623 -0.000489
vn 0.586712 -0.809477 -0.000489
vn 0.586712 -0.809477 -0.000489
vn 0.737176 -0.675623 -0.000489
vn 0.975574 -0.218368 -0.000489
vn 0.915975 -0.401075 -0.000489
vn 0.975574 -0.218368 -0.000489
vn 0.915975 -0.401075 -0.000489
vn 0.790914 -0.612115 -0.000489
vn 0.790914 -0.612115 -0.000489
vn -0.973620 0.227162 -0.000489
vn -0.922814 0.384465 -0.000489
vn -0.973620 0.227162 -0.000489
vn -0.922814 0.384465 -0.000489
vn -0.994138 0.110894 -0.000489
vn 0.480215 -0.876893 -0.000489
vn 0.480215 -0.876893 -0.000489
vn 0.296531 -0.955056 -0.000489
vn 0.296531 -0.955056 -0.000489
vn 0.099169 -0.995115 -0.000489
vn -0.171470 -0.985344 -0.000489
vn -0.171470 -0.985344 -0.000489
vn 0.100147 -0.995115 -0.000489
vn -0.963850 0.265266 -0.000489
vn -0.987298 0.156815 -0.000489
vn -0.963850 0.265266 -0.000489
vn -0.987298 0.156815 -0.000489
vn -0.922814 0.385442 -0.000489
vn -0.922814 0.385442 -0.000489
vn -0.831949 0.554470 -0.000489
vn -0.831949 0.554470 -0.000489
vn -0.630679 0.776258 -0.000489
vn -0.630679 0.776258 -0.000489
vn -0.747924 0.663898 -0.000489
vn -0.589643 0.807523 -0.000489
vn -0.747924 0.663898 -0.000489
vn -0.589643 0.807523 -0.000489
vn -0.747924 0.663898 -0.000489
vn -0.878847 0.477284 -0.000489
vn -0.878847 0.477284 -0.000489
vn -0.959941 0.278945 -0.000489
vn -0.959941 0.278945 -0.000489
vn -0.894480 -0.446996 -0.000489
vn -0.794822 -0.606253 -0.000489
vn -0.894480 -0.446996 -0.000489
vn -0.794822 -0.606253 -0.000489
vn -0.928676 -0.371764 -0.000489
vn -0.951148 -0.309233 -0.000489
vn -0.951148 -0.309233 -0.000489
vn -0.000489 -1.000000 -0.000489
vn -0.000489 -1.000000 -0.000489
vn -0.000489 -1.000000 -0.000489
vn -0.000489 -1.000000 -0.000489
vn -0.000489 -1.000000 -0.000489
vn -0.000489 -1.000000 -0.000489
vn -0.410845 0.911089 -0.000489
vn -0.026869 1.000000 -0.000489
vn -0.026869 1.000000 -0.000489
vn -0.410845 0.911089 -0.000489
vn 0.234001 -0.972643 -0.000489
vn -0.063996 -0.998046 -0.000489
vn 0.234001 -0.972643 -0.000489
vn -0.063996 -0.998046 -0.000489
vn -0.171470 -0.985344 -0.000489
vn -0.429409 -0.903273 -0.000489
vn -0.429409 -0.903273 -0.000489
vn -0.171470 -0.985344 -0.000489
vn -0.613092 -0.789936 -0.000489
vn -0.750855 -0.659990 -0.000489
vn -0.750855 -0.659990 -0.000489
vn -0.613092 -0.789936 -0.000489
vn -0.879824 -0.476307 -0.000489
vn -0.750855 -0.659990 -0.000489
vn -0.879824 -0.476307 -0.000489
vn 0.034685 -0.999023 -0.000489
vn -0.264289 -0.964827 -0.000489
vn -0.264289 -0.964827 -0.000489
vn 0.034685 -0.999023 -0.000489
vn -0.501710 0.865169 -0.000489
vn -0.361993 0.932584 -0.000489
vn -0.501710 0.865169 -0.000489
vn -0.361993 0.932584 -0.000489
vn 0.988276 -0.155838 -0.000489
vn 0.988276 -0.155838 -0.000489
vn 0.999023 -0.031754 -0.000489
vn 0.999023 -0.031754 -0.000489
vn 0.996092 0.089399 -0.000489
vn 0.996092 0.089399 -0.000489
vn 0.999023 -0.031754 -0.000489
vn 0.978505 0.207621 -0.000489
vn 0.996092 0.089399 -0.000489
vn 0.978505 0.207621 -0.000489
vn 0.941378 0.337567 -0.000489
vn 0.978505 0.207621 -0.000489
vn 0.941378 0.337567 -0.000489
vn 0.856375 0.516365 -0.000489
vn 0.856375 0.516365 -0.000489
vn 0.665852 0.745970 -0.000489
vn 0.665852 0.745970 -0.000489
vn -0.162677 -0.986321 -0.000489
vn -0.385442 -0.922814 -0.000489
vn -0.385442 -0.922814 -0.000489
vn -0.162677 -0.986321 -0.000489
vn 0.226185 0.974597 -0.000489
vn 0.579873 0.814363 -0.000489
vn 0.579873 0.814363 -0.000489
vn 0.226185 0.974597 -0.000489
vn -0.429409 -0.903273 -0.000489
vn -0.613092 -0.789936 -0.000489
vn -0.613092 -0.789936 -0.000489
vn -0.429409 -0.903273 -0.000489
vn 0.644358 -0.764533 -0.000489
vn 0.480215 -0.876893 -0.000489
vn 0.644358 -0.764533 -0.000489
vn 0.480215 -0.876893 -0.000489
vn 0.791891 -0.610161 0.000489
vn 0.644358 -0.764533 -0.000489
vn 0.791891 -0.611138 0.000489
vn 0.899365 -0.436248 0.001466
vn 0.899365 -0.436248 0.001466
vn 0.988276 -0.155838 -0.000489
vn 0.959941 -0.279922 0.000489
vn 0.959941 -0.279922 0.000489
vn 0.988276 -0.155838 -0.000489
vn 0.959941 -0.279922 0.000489
vn 0.899365 -0.436248 0.001466
vn 0.899365 -0.436248 0.001466
vn 0.959941 -0.279922 0.000489
vn -0.951148 -0.309233 -0.000489
vn -0.981436 -0.190034 -0.000489
vn -0.981436 -0.190034 -0.000489
vn -0.951148 -0.309233 -0.000489
vn -0.510503 0.860283 -0.000489
vn -0.138251 0.990230 -0.000489
vn -0.138251 0.990230 -0.000489
vn -0.510503 0.860283 -0.000489
vn -0.083537 0.996092 -0.000489
vn 0.302394 0.953102 -0.000489
vn 0.302394 0.953102 -0.000489
vn -0.083537 0.996092 -0.000489
vn 0.418661 0.908158 -0.000489
vn 0.063996 0.998046 -0.000489
vn 0.418661 0.908158 -0.000489
vn 0.063996 0.998046 -0.000489
vn -0.997069 -0.076698 -0.000489
vn -0.999023 0.035662 -0.000489
vn -0.997069 -0.076698 -0.000489
vn -0.999023 0.035662 -0.000489
vn -0.981436 -0.190034 -0.000489
vn -0.981436 -0.190034 -0.000489
vn -0.997069 -0.076698 -0.000489
vn -0.887640 -0.460674 -0.000489
vn -0.945286 -0.326820 -0.000489
vn -0.887640 -0.460674 -0.000489
vn -0.945286 -0.326820 -0.000489
vn 0.907181 0.420616 -0.000489
vn 0.794822 0.607230 -0.000489
vn 0.794822 0.607230 -0.000489
vn 0.907181 0.420616 -0.000489
vn 0.974597 0.224231 -0.000489
vn 0.974597 0.224231 -0.000489
vn 0.748901 -0.661944 -0.000489
vn 0.862237 -0.507572 -0.000489
vn 0.862237 -0.507572 -0.000489
vn 0.748901 -0.661944 -0.000489
vn 0.565217 -0.825110 -0.000489
vn 0.565217 -0.825110 -0.000489
vn -0.277968 0.960918 -0.000489
vn -0.277968 0.960918 -0.000489
vn -0.277968 0.960918 -0.000489
vn -0.277968 0.960918 -0.000489
vn 0.735222 0.678554 -0.000489
vn 0.570103 0.821202 -0.000489
vn 0.570103 0.821202 -0.000489
vn 0.735222 0.678554 -0.000489
vn 0.858329 0.512457 -0.000489
vn 0.858329 0.512457 -0.000489
vn 0.095261 0.995115 -0.000489
vn 0.467513 0.883732 -0.000489
vn 0.467513 0.883732 -0.000489
vn 0.095261 0.995115 -0.000489
vn -0.989253 0.145090 -0.000489
vn -0.999023 0.035662 -0.000489
vn -0.989253 0.145090 -0.000489
vn -0.999023 0.035662 -0.000489
vn -0.385442 -0.922814 -0.000489
vn -0.555447 -0.831949 -0.000489
vn -0.555447 -0.831949 -0.000489
vn -0.385442 -0.922814 -0.000489
vn -0.662921 0.748901 -0.000489
vn -0.477284 0.878847 -0.000489
vn -0.662921 0.748901 -0.000489
vn -0.477284 0.878847 -0.000489
vn -0.945286 -0.326820 -0.000489
vn -0.974597 -0.224231 -0.000489
vn -0.945286 -0.326820 -0.000489
vn -0.974597 -0.224231 -0.000489
vn 0.870054 -0.493894 0.000489
vn 0.737176 -0.675623 -0.000489
vn 0.737176 -0.675623 -0.000489
vn 0.869077 -0.493894 0.000489
vn 0.949194 -0.314118 0.000489
vn 0.949194 -0.314118 0.000489
vn -0.207621 -0.978505 -0.000489
vn -0.489985 -0.872008 -0.000489
vn -0.489985 -0.872008 -0.000489
vn -0.207621 -0.978505 -0.000489
vn 0.999023 0.036639 -0.000489
vn 0.999023 0.036639 -0.000489
vn 0.989253 0.145090 -0.000489
vn 0.989253 0.145090 -0.000489
vn 0.965804 0.258427 -0.000489
vn 0.989253 0.145090 -0.000489
vn 0.965804 0.258427 -0.000489
vn 0.997069 -0.071812 -0.000489
vn 0.999023 0.036639 -0.000489
vn 0.997069 -0.071812 -0.000489
vn 0.975574 -0.218368 -0.000489
vn 0.975574 -0.218368 -0.000489
vn -0.993161 -0.116756 -0.000489
vn -0.993161 -0.116756 -0.000489
vn -0.974597 -0.224231 -0.000489
vn -0.974597 -0.224231 -0.000489
vn -0.993161 0.117733 -0.000489
vn -0.959941 0.278945 -0.000489
vn -0.993161 0.117733 -0.000489
vn -0.959941 0.278945 -0.000489
vn -1.000000 -0.000489 -0.000489
vn -1.000000 -0.000489 -0.000489
vn -0.993161 -0.116756 -0.000489
vn -0.993161 -0.116756 -0.000489
vn -1.000000 -0.000489 -0.000489
vn -0.962873 0.269174 -0.000489
vn -0.989253 0.145090 -0.000489
vn -0.962873 0.269174 -0.000489
vn -0.989253 0.145090 -0.000489
vn -0.893503 0.447973 -0.000489
vn -0.893503 0.447973 -0.000489
vn -0.720567 0.693210 -0.000489
vn -0.720567 0.693210 -0.000489
vn -0.410845 0.911089 -0.000489
vn -0.410845 0.911089 -0.000489
vn -0.537860 0.842697 -0.000489
vn -0.186126 0.982413 -0.000489
vn -0.186126 0.982413 -0.000489
vn -0.537860 0.842697 -0.000489
vn 0.207621 0.978505 -0.000489
vn -0.186126 0.982413 -0.000489
vn 0.207621 0.978505 -0.000489
vn -0.630679 0.776258 -0.000489
vn -0.296532 0.955056 -0.000489
vn -0.296532 0.955056 -0.000489
vn -0.630679 0.776258 -0.000489
vn 0.858329 0.512457 -0.000489
vn 0.929653 0.368832 -0.000489
vn 0.858329 0.512457 -0.000489
vn 0.929653 0.368832 -0.000489
vn 0.965804 0.258427 -0.000489
vn 0.965804 0.258427 -0.000489
vn -0.296532 0.955056 -0.000489
vn 0.095261 0.995115 -0.000489
vn 0.095261 0.995115 -0.000489
vn -0.296532 0.955056 -0.000489
vn 0.862237 -0.507572 -0.000489
vn 0.927699 -0.373718 -0.000489
vn 0.927699 -0.373718 -0.000489
vn 0.862237 -0.507572 -0.000489
vn 0.974597 0.224231 -0.000489
vn 0.998046 0.065950 -0.000489
vn 0.974597 0.224231 -0.000489
vn 0.998046 0.065950 -0.000489
vn 0.999023 -0.049340 -0.000489
vn 0.999023 -0.049340 -0.000489
vn 0.302394 0.953102 -0.000489
vn 0.624817 0.780166 -0.000489
vn 0.624817 0.780166 -0.000489
vn 0.302394 0.953102 -0.000489
vn -0.000489 0.000489 1.000000
vn -0.000489 -0.706888 0.706888
vn -0.000489 0.000489 1.000000
vn -0.000489 -0.706888 0.706888
vn -0.000489 -1.000000 -0.000489
vn -0.000489 -1.000000 -0.000489
vn -0.000489 -0.706888 -0.706888
vn -0.000489 -0.706888 -0.706888
vn -0.000489 0.000489 -1.000000
vn -0.000489 0.000489 -1.000000
vn -0.000489 0.706888 -0.706888
vn -0.000489 0.706888 -0.706888
vn -0.000489 1.000000 -0.000489
vn -0.000489 1.000000 -0.000489
vn -0.000489 0.706888 0.706888
vn -0.000489 0.706888 0.706888
vn -0.000489 0.000489 1.000000
vn -0.000489 0.000489 1.000000
vn -0.000489 0.000489 -1.000000
vn -0.000489 0.706888 -0.706888
vn -0.000489 0.706888 -0.706888
vn -0.000489 0.000489 -1.000000
vn -0.000489 1.000000 -0.000489
vn -0.000489 1.000000 -0.000489
vn -0.000489 0.706888 0.706888
vn -0.000489 0.706888 0.706888
vn -0.000489 0.000489 1.000000
vn -0.000489 0.000489 1.000000
vn -0.000489 -0.706888 0.706888
vn -0.000489 -0.706888 0.706888
vn -0.000489 -1.000000 -0.000489
vn -0.000489 -1.000000 -0.000489
vn -0.000489 -0.706888 -0.706888
vn -0.000489 -0.706888 -0.706888
vn -0.000489 0.000489 -1.000000
vn -0.000489 0.000489 -1.000000
vn -0.000489 0.706888 -0.706888
vn -0.000489 0.000489 -1.000000
vn -0.000489 0.706888 -0.706888
vn -0.000489 0.000489 -1.000000
vn -0.000489 1.000000 -0.000489
vn -0.000489 1.000000 -0.000489
vn -0.000489 0.706888 0.706888
vn -0.000489 0.706888 0.706888
vn -0.000489 0.000489 1.000000
vn -0.000489 0.000489 1.000000
vn -0.000489 -0.706888 0.706888
vn -0.000489 -0.706888 0.706888
vn -0.000489 -1.000000 -0.000489
vn -0.000489 -1.000000 -0.000489
vn -0.000489 -0.706888 -0.706888
vn -0.000489 -0.706888 -0.706888
vn -0.000489 0.000489 -1.000000
vn -0.000489 0.000489 -1.000000
vn 0.962873 -0.271128 -0.000489
vn 0.962873 -0.271128 -0.000489
vn 0.986321 -0.165608 -0.000489
vn 0.986321 -0.165608 -0.000489
vn 0.927699 -0.373718 -0.000489
vn 0.927699 -0.373718 -0.000489
vn 0.962873 -0.271128 -0.000489
vn 0.999023 -0.049340 -0.000489
vn 0.986321 -0.165608 -0.000489
vn 0.999023 -0.049340 -0.000489
vn 0.579873 0.814363 -0.000489
vn 0.833903 0.551539 -0.000489
vn 0.833903 0.551539 -0.000489
vn 0.579873 0.814363 -0.000489
vn 0.999023 -0.040547 -0.000489
vn 0.999023 -0.040547 -0.000489
vn 0.997069 0.073766 -0.000489
vn 0.997069 0.073766 -0.000489
vn 0.986321 -0.163654 0.000489
vn 0.999023 -0.040547 -0.000489
vn 0.986321 -0.162677 0.000489
vn 0.949194 -0.314118 0.000489
vn 0.986321 -0.163654 0.000489
vn 0.949194 -0.314118 0.000489
vn -0.807523 0.589643 -0.000489
vn -0.662921 0.748901 -0.000489
vn -0.807523 0.589643 -0.000489
vn -0.662921 0.748901 -0.000489
vn -0.722521 -0.691256 -0.000489
vn -0.722521 -0.691256 -0.000489
vn -0.555447 -0.831949 -0.000489
vn -0.555447 -0.831949 -0.000489
vn -0.838789 -0.543723 -0.000489
vn -0.839766 -0.543723 -0.000489
vn -0.880801 -0.473376 -0.000489
vn -0.911089 -0.412799 -0.000489
vn -0.911089 -0.412799 -0.000489
vn 0.311187 -0.950171 -0.000489
vn 0.077675 -0.997069 -0.000489
vn 0.077675 -0.997069 -0.000489
vn 0.311187 -0.950171 -0.000489
vn 0.494871 -0.869077 -0.000489
vn 0.311187 -0.950171 -0.000489
vn 0.494871 -0.869077 -0.000489
vn 0.676600 -0.736199 0.000489
vn 0.494871 -0.869077 -0.000489
vn 0.676600 -0.737176 0.000489
vn 0.807523 -0.589643 0.000489
vn 0.807523 -0.589643 0.000489
vn 0.997069 0.073766 -0.000489
vn 0.997069 0.073766 -0.000489
vn 0.982413 0.185149 -0.000489
vn 0.982413 0.185149 -0.000489
vn 0.957010 0.291646 -0.000489
vn 0.982413 0.185149 -0.000489
vn 0.982413 0.185149 -0.000489
vn 0.957010 0.291646 -0.000489
vn 0.624817 0.780166 -0.000489
vn 0.822179 0.569126 -0.000489
vn 0.822179 0.569126 -0.000489
vn 0.624817 0.780166 -0.000489
vn -0.846605 -0.531998 -0.000489
vn -0.930630 -0.365901 -0.000489
vn -0.846605 -0.531998 -0.000489
vn -0.930630 -0.365901 -0.000489
vn -0.698095 -0.715681 -0.000489
vn -0.698095 -0.715681 -0.000489
vn -0.465559 -0.884709 -0.000489
vn -0.465559 -0.884709 -0.000489
vn -0.205667 -0.978505 -0.000489
vn -0.205667 -0.978505 -0.000489
vn -0.465559 -0.884709 -0.000489
vn 0.913043 0.407914 -0.000489
vn 0.957010 0.291646 -0.000489
vn 0.957010 0.291646 -0.000489
vn 0.913043 0.407914 -0.000489
vn -0.417684 0.908158 -0.000489
vn -0.034685 0.999023 -0.000489
vn -0.034685 0.999023 -0.000489
vn -0.417684 0.908158 -0.000489
vn 0.822179 0.569126 -0.000489
vn 0.913043 0.407914 -0.000489
vn 0.913043 0.407914 -0.000489
vn 0.822179 0.569126 -0.000489
vn -0.950171 -0.312164 -0.000489
vn -0.991207 -0.130435 -0.000489
vn -0.950171 -0.312164 -0.000489
vn -0.991207 -0.130435 -0.000489
vn -0.850513 -0.526136 -0.000489
vn -0.850513 -0.526136 -0.000489
vn -0.665852 -0.746947 -0.000489
vn -0.665852 -0.746947 -0.000489
vn -0.938447 0.345384 -0.000489
vn -0.938447 0.345384 -0.000489
vn -0.987298 0.160723 -0.000489
vn -0.987298 0.160723 -0.000489
vn -0.792868 0.609184 -0.000489
vn -0.792868 0.609184 -0.000489
vn -0.510503 0.860283 -0.000489
vn -0.510503 0.860283 -0.000489
vn -0.982413 -0.188080 -0.000489
vn -0.997069 -0.076698 -0.000489
vn -0.997069 -0.076698 -0.000489
vn -0.982413 -0.188080 -0.000489
vn -0.955056 -0.297509 -0.000489
vn -0.955056 -0.297509 -0.000489
vn -0.982413 -0.188080 -0.000489
vn -0.911089 -0.412799 -0.000489
vn -0.955056 -0.297509 -0.000489
vn -0.911089 -0.412799 -0.000489
vn -0.999023 0.034685 -0.000489
vn -0.997069 -0.076698 -0.000489
vn -0.999023 0.034685 -0.000489
vn -0.987298 0.160723 -0.000489
vn -0.987298 0.160723 -0.000489
vn -0.999023 0.034685 -0.000489
vn 0.918906 0.393258 -0.000489
vn 0.811431 0.583781 -0.000489
vn 0.811431 0.583781 -0.000489
vn 0.918906 0.393258 -0.000489
vn 0.833903 0.551539 -0.000489
vn 0.957010 0.289692 -0.000489
vn 0.957010 0.289692 -0.000489
vn 0.833903 0.551539 -0.000489
vn -0.893503 0.449927 -0.000489
vn -0.807523 0.589643 -0.000489
vn -0.893503 0.449927 -0.000489
vn -0.807523 0.589643 -0.000489
vn 0.712750 0.701026 -0.000489
vn 0.418661 0.908158 -0.000489
vn 0.712750 0.701026 -0.000489
vn 0.418661 0.908158 -0.000489
vn -0.264289 -0.964827 -0.000489
vn -0.479238 -0.877870 -0.000489
vn -0.479238 -0.877870 -0.000489
vn -0.264289 -0.964827 -0.000489
vn 0.957010 0.289692 -0.000489
vn 0.994138 0.107963 -0.000489
vn 0.994138 0.107963 -0.000489
vn 0.957010 0.289692 -0.000489
vn 0.938447 -0.344406 -0.000489
vn 0.938447 -0.344406 -0.000489
vn 0.971666 -0.234978 -0.000489
vn 0.971666 -0.234978 -0.000489
vn 0.889595 -0.457743 0.000489
vn 0.938447 -0.344406 -0.000489
vn 0.889595 -0.457743 0.000489
vn 0.807523 -0.589643 0.000489
vn 0.889595 -0.457743 0.000489
vn 0.807523 -0.589643 0.000489
vn -0.489985 -0.872008 -0.000489
vn -0.676600 -0.736199 -0.000489
vn -0.676600 -0.736199 -0.000489
vn -0.489985 -0.872008 -0.000489
vn -0.805569 -0.591597 -0.000489
vn -0.805569 -0.591597 -0.000489
vn -0.676600 -0.736199 -0.000489
vn 0.971666 -0.234978 -0.000489
vn 0.971666 -0.234978 -0.000489
vn 0.992184 -0.124573 -0.000489
vn 0.992184 -0.124573 -0.000489
vn 0.994138 0.107963 -0.000489
vn 1.000000 -0.016121 -0.000489
vn 1.000000 -0.016121 -0.000489
vn 0.994138 0.107963 -0.000489
vn 1.000000 -0.016121 -0.000489
vn 0.992184 -0.124573 -0.000489
vn 0.992184 -0.124573 -0.000489
vn 1.000000 -0.016121 -0.000489
vn -0.940401 0.341475 -0.000489
vn -0.893503 0.449927 -0.000489
vn -0.940401 0.341475 -0.000489
vn -0.893503 0.449927 -0.000489
vn -0.973620 0.229116 -0.000489
vn -0.940401 0.341475 -0.000489
vn -0.973620 0.229116 -0.000489
vn -0.940401 0.341475 -0.000489
vn 0.990230 -0.136297 -0.000489
vn 1.000000 -0.019052 -0.000489
vn 1.000000 -0.019052 -0.000489
vn 0.990230 -0.136297 -0.000489
vn 0.967758 -0.249634 -0.000489
vn 0.990230 -0.136297 -0.000489
vn 0.967758 -0.249634 -0.000489
vn 0.916952 -0.399121 -0.000489
vn 0.916952 -0.399121 -0.000489
vn 0.819248 -0.573034 -0.000489
vn 0.819248 -0.573034 -0.000489
vn 0.655105 -0.755740 -0.000489
vn 0.655105 -0.755740 -0.000489
vn -0.973620 0.229116 -0.000489
vn -0.973620 0.229116 -0.000489
vn -0.992184 0.122618 -0.000489
vn -0.992184 0.122618 -0.000489
vn -0.992184 0.122618 -0.000489
vn -1.000000 0.015144 -0.000489
vn -1.000000 0.015144 -0.000489
vn -0.991207 -0.130435 -0.000489
vn -0.991207 -0.130435 -0.000489
vn -1.000000 0.015144 -0.000489
vn -0.674646 0.738153 -0.000489
vn -0.501710 0.865169 -0.000489
vn -0.674646 0.738153 -0.000489
vn -0.501710 0.865169 -0.000489
vn -0.674646 0.738153 -0.000489
vn -0.824133 0.566194 -0.000489
vn -0.824133 0.566194 -0.000489
vn -0.925745 0.377626 -0.000489
vn -0.925745 0.377626 -0.000489
vn 0.422570 -0.906204 -0.000489
vn 0.234001 -0.972643 -0.000489
vn 0.234001 -0.972643 -0.000489
vn 0.422570 -0.906204 -0.000489
vn 0.593552 -0.804592 -0.000489
vn 0.422570 -0.906204 -0.000489
vn 0.593552 -0.804592 -0.000489
vn 0.751832 -0.659990 0.000489
vn 0.593552 -0.804592 -0.000489
vn 0.750855 -0.660967 0.000489
vn 0.870054 -0.492916 0.001466
vn 0.870054 -0.492916 0.001466
vn 0.972643 0.230093 -0.000489
vn 0.918906 0.393258 -0.000489
vn 0.918906 0.393258 -0.000489
vn 0.972643 0.230093 -0.000489
vn 0.994138 0.106986 -0.000489
vn 0.994138 0.106986 -0.000489
vn 1.000000 -0.019052 -0.000489
vn 1.000000 -0.019052 -0.000489
vn 0.994138 0.106986 -0.000489
vn -0.763556 0.645335 -0.000489
vn -0.872985 0.488031 -0.000489
vn -0.763556 0.645335 -0.000489
vn -0.872985 0.488031 -0.000489
vn -0.537860 0.842697 -0.000489
vn -0.537860 0.842697 -0.000489
vn -0.914998 -0.403029 -0.000489
vn -0.805569 -0.591597 -0.000489
vn -0.914998 -0.403029 -0.000489
vn -0.805569 -0.591597 -0.000489
vn -0.872985 0.488031 -0.000489
vn -0.927699 0.372741 -0.000489
vn -0.872985 0.488031 -0.000489
vn -0.927699 0.372741 -0.000489
vn 0.887640 0.460674 -0.000489
vn 0.960918 0.276014 -0.000489
vn 0.960918 0.276014 -0.000489
vn 0.887640 0.460674 -0.000489
vn 0.712750 0.701026 -0.000489
vn 0.712750 0.701026 -0.000489
vn -0.927699 0.372741 -0.000489
vn -0.962873 0.268197 -0.000489
vn -0.927699 0.372741 -0.000489
vn -0.962873 0.268197 -0.000489
vn -0.974597 -0.225208 -0.000489
vn -0.914998 -0.403029 -0.000489
vn -0.974597 -0.224231 -0.000489
vn -0.914998 -0.403029 -0.000489
vn -0.989253 -0.144113 -0.000489
vn -0.997069 -0.077675 -0.000489
vn -0.997069 -0.077675 -0.000489
vn -0.987298 0.158769 -0.000489
vn -0.962873 0.268197 -0.000489
vn -0.987298 0.158769 -0.000489
vn -0.962873 0.268197 -0.000489
vn -0.997069 -0.077675 -0.000489
vn -0.999023 0.045432 -0.000489
vn -0.999023 0.045432 -0.000489
vn -0.997069 -0.077675 -0.000489
vn -0.987298 0.158769 -0.000489
vn -0.999023 0.045432 -0.000489
vn -0.987298 0.158769 -0.000489
vn -0.479238 -0.877870 -0.000489
vn -0.639472 -0.769419 -0.000489
vn -0.639472 -0.769419 -0.000489
vn -0.479238 -0.877870 -0.000489
vn -0.790914 -0.612115 -0.000489
vn -0.639472 -0.769419 -0.000489
vn -0.790914 -0.612115 -0.000489
vn 0.975574 -0.218368 -0.000489
vn 0.975574 -0.218368 -0.000489
vn 0.995115 -0.096238 -0.000489
vn 0.995115 -0.096238 -0.000489
vn 0.940401 -0.341475 0.000489
vn 0.975574 -0.218368 -0.000489
vn 0.940401 -0.340498 0.000489
vn 0.870054 -0.492916 0.001466
vn 0.940401 -0.341475 0.000489
vn 0.870054 -0.492916 0.001466
vn 0.995115 -0.096238 -0.000489
vn 0.995115 -0.096238 -0.000489
vn 1.000000 0.024915 -0.000489
vn 1.000000 0.024915 -0.000489
vn 0.989253 0.144113 -0.000489
vn 1.000000 0.024915 -0.000489
vn 0.989253 0.144113 -0.000489
vn 0.960918 0.276014 -0.000489
vn 0.960918 0.276014 -0.000489
vn 0.989253 0.144113 -0.000489
vn -0.975574 0.220322 -0.000489
vn -0.925745 0.377626 -0.000489
vn -0.975574 0.220322 -0.000489
vn -0.925745 0.377626 -0.000489
vn -1.000000 -0.013190 -0.000489
vn -1.000000 -0.013190 -0.000489
vn -0.992184 -0.120664 -0.000489
vn -0.992184 -0.120664 -0.000489
vn -0.992184 -0.120664 -0.000489
vn -0.973620 -0.226185 -0.000489
vn -0.973620 -0.226185 -0.000489
vn -0.930630 -0.365901 -0.000489
vn -0.930630 -0.365901 -0.000489
vn -0.994138 0.104055 -0.000489
vn -0.975574 0.220322 -0.000489
vn -0.994138 0.104055 -0.000489
vn -0.975574 0.220322 -0.000489
vn -1.000000 -0.013190 -0.000489
vn -0.994138 0.104055 -0.000489
vn -1.000000 -0.013190 -0.000489
vn -0.994138 0.104055 -0.000489
vn 0.985344 0.171470 -0.000489
vn 0.985344 0.171470 -0.000489
vn 0.985344 0.171470 -0.000489
vn 0.985344 0.171470 -0.000489
vn 1.000000 0.000489 -0.000489
vn 1.000000 0.000489 -0.000489
vn 1.000000 0.000489 -0.000489
vn 1.000000 0.000489 -0.000489
vn -0.725452 0.688324 -0.000489
vn -0.897411 0.442110 -0.000489
vn -0.725452 0.688324 -0.000489
vn -0.897411 0.442110 -0.000489
vn -0.417684 0.908158 -0.000489
vn -0.417684 0.908158 -0.000489
vn 1.000000 0.000489 -0.000489
vn 1.000000 0.000489 -0.000489
vn 1.000000 0.000489 -0.000489
vn 1.000000 0.000489 -0.000489
vn 1.000000 0.000489 -0.000489
vn 1.000000 0.000489 -0.000489
vn 1.000000 0.000489 -0.000489
vn 1.000000 0.000489 -0.000489
vn 1.000000 0.000489 -0.000489
vn 1.000000 0.000489 -0.000489
vn 1.000000 0.000489 -0.000489
vn 1.000000 0.000489 -0.000489
vn 1.000000 0.000489 -0.000489
vn 1.000000 0.000489 -0.000489
vn 1.000000 0.000489 -0.000489
vn 1.000000 0.000489 -0.000489
vn 1.000000 0.000489 -0.000489
vn 1.000000 0.000489 -0.000489
vn 1.000000 0.000489 -0.000489
vn 1.000000 0.000489 -0.000489
vn -0.891549 -0.452858 -0.000489
vn -0.790914 -0.612115 -0.000489
vn -0.891549 -0.452858 -0.000489
vn -0.790914 -0.612115 -0.000489
vn -0.925745 -0.378603 -0.000489
vn -0.949194 -0.316072 -0.000489
vn -0.949194 -0.316072 -0.000489
vn -0.996092 -0.084514 -0.000489
vn -1.000000 0.027846 -0.000489
vn -1.000000 0.027846 -0.000489
vn -0.996092 -0.084514 -0.000489
vn -0.980459 -0.196873 -0.000489
vn -0.980459 -0.196873 -0.000489
vn -0.996092 -0.084514 -0.000489
vn -0.949194 -0.316072 -0.000489
vn -0.980459 -0.196873 -0.000489
vn -0.949194 -0.316072 -0.000489
vn -0.990230 0.138251 -0.000489
vn -1.000000 0.027846 -0.000489
vn -0.990230 0.138251 -0.000489
vn -0.964827 0.262335 -0.000489
vn -0.964827 0.262335 -0.000489
vn -0.897411 0.442110 -0.000489
vn -0.897411 0.442110 -0.000489
vn 1.000000 0.000489 -0.000489
vn 1.000000 0.000489 -0.000489
vn 1.000000 0.000489 -0.000489
vn 1.000000 0.000489 -0.000489
vn 1.000000 0.000489 -0.000489
vn 1.000000 0.000489 -0.000489
vn 1.000000 0.000489 -0.000489
vn 1.000000 0.000489 -0.000489
vn 1.000000 0.000489 -0.000489
vn 1.000000 0.000489 -0.000489
vn 1.000000 0.000489 -0.000489
vn 1.000000 0.000489 -0.000489
vn 1.000000 0.000489 -0.000489
vn 1.000000 0.000489 -0.000489
vn 1.000000 0.000489 -0.000489
vn 1.000000 0.000489 -0.000489

vt 0.000000 0.000000 0.0
vt 0.000000 0.000000 0.0
vt 0.000000 0.000000 0.0
vt 0.000000 0.000000 0.0
vt 0.000000 0.000000 0.0
vt 0.000000 0.000000 0.0
vt 0.000000 0.000000 0.0
vt 0.000000 0.000000 0.0
vt 0.000000 0.000000 0.0
vt 0.000000 0.000000 0.0
vt 0.000000 0.000000 0.0
vt 0.000000 0.000000 0.0
vt 0.000000 0.000000 0.0
vt 0.000000 0.000000 0.0
vt 0.000000 0.000000 0.0
vt 0.000000 0.000000 0.0
vt 0.000000 0.000000 0.0
vt 0.000000 0.000000 0.0
vt 0.000000 0.000000 0.0
vt 0.000000 0.000000 0.0
vt 0.000000 0.000000 0.0
vt 0.000000 0.000000 0.0
vt 0.000000 0.000000 0.0
vt 0.000000 0.000000 0.0
vt 0.000000 0.000000 0.0
vt 0.000000 0.000000 0.0
vt 0.000000 0.000000 0.0
vt 0.000000 0.000000 0.0
vt 0.000000 0.000000 0.0
vt 0.000000 0.000000 0.0
vt 0.000000 0.000000 0.0
vt 0.000000 0.000000 0.0
vt 1.000000 0.000000 0.0
vt 1.000000 1.000000 0.0
vt 1.000000 0.000000 0.0
vt 1.000000 1.000000 0.0
vt 1.000000 0.000000 0.0
vt 1.000000 1.000000 0.0
vt 1.000000 0.000000 0.0
vt 1.000000 1.000000 0.0
vt 1.000000 0.000000 0.0
vt 1.000000 1.000000 0.0
vt 1.000000 0.000000 0.0
vt 1.000000 1.000000 0.0
vt 1.000000 0.000000 0.0
vt 1.000000 1.000000 0.0
vt 1.000000 0.000000 0.0
vt 1.000000 1.000000 0.0
vt 1.000000 0.000000 0.0
vt 1.000000 1.000000 0.0
vt 1.000000 1.000000 0.0
vt 1.000000 0.000000 0.0
vt 1.000000 0.000000 0.0
vt 1.000000 1.000000 0.0
vt 1.000000 0.000000 0.0
vt 1.000000 1.000000 0.0
vt 1.000000 1.000000 0.0
vt 1.000000 0.000000 0.0
vt 1.000000 0.000000 0.0
vt 1.000000 1.000000 0.0
vt 1.000000 0.000000 0.0
vt 1.000000 1.000000 0.0
vt 1.000000 1.000000 0.0
vt 1.000000 0.000000 0.0
vt 1.000000 0.000000 0.0
vt 1.000000 1.000000 0.0
vt 1.000000 1.000000 0.0
vt 1.000000 0.000000 0.0
vt 1.000000 1.000000 0.0
vt 0.625000 0.500000 0.0
vt 0.375000 0.750000 0.0
vt 0.375000 0.500000 0.0
vt 0.625000 0.750000 0.0
vt 1.000000 0.000000 0.0
vt 1.000000 1.000000 0.0
vt 1.000000 0.000000 0.0
vt 1.000000 1.000000 0.0
vt 0.625000 0.500000 0.0
vt 0.625000 0.750000 0.0
vt 0.625000 0.500000 0.0
vt 0.625000 0.750000 0.0
vt 0.058000 0.250000 0.0
vt 0.080294 0.080294 0.0
vt 0.114236 0.114236 0.0
vt 0.250000 0.058000 0.0
vt 0.010000 0.250000 0.0
vt 0.250000 0.010000 0.0
vt 0.114236 0.385765 0.0
vt 0.385765 0.114236 0.0
vt 0.080294 0.419706 0.0
vt 0.419706 0.080294 0.0
vt 0.250000 0.442000 0.0
vt 0.442000 0.250000 0.0
vt 0.250000 0.490000 0.0
vt 0.490000 0.250000 0.0
vt 0.385765 0.385765 0.0
vt 0.419706 0.419706 0.0
vt 0.000000 0.714671 0.0
vt 0.000000 0.285329 0.0
vt 0.000000 0.285329 0.0
vt 0.000000 0.714671 0.0
vt 0.000000 0.285329 0.0
vt 0.000000 0.285329 0.0
vt 0.000000 0.714671 0.0
vt 0.000000 0.714671 0.0
vt 0.000000 0.285329 0.0
vt 0.000000 0.285329 0.0
vt 0.000000 0.714671 0.0
vt 0.000000 0.285329 0.0
vt 0.000000 0.285329 0.0
vt 0.000000 0.714671 0.0
vt 0.000000 0.285329 0.0
vt 0.000000 0.714671 0.0
vt 0.000000 0.285329 0.0
vt 0.000000 0.714671 0.0
vt 1.000000 0.000000 0.0
vt 1.000000 1.000000 0.0
vt 1.000000 1.000000 0.0
vt 1.000000 0.000000 0.0
vt 0.000000 0.285329 0.0
vt 0.000000 0.714671 0.0
vt 0.000000 0.285329 0.0
vt 0.000000 0.714671 0.0
vt 0.000000 0.000000 0.0
vt 0.000000 1.000000 0.0
vt 0.000000 0.000000 0.0
vt 0.000000 1.000000 0.0
vt 0.000000 0.000000 0.0
vt 0.000000 1.000000 0.0
vt 0.000000 0.000000 0.0
vt 0.000000 1.000000 0.0
vt 0.000000 1.000000 0.0
vt 0.000000 0.000000 0.0
vt 0.000000 0.000000 0.0
vt 0.000000 1.000000 0.0
vt 0.000000 1.000000 0.0
vt 0.000000 0.000000 0.0
vt 0.000000 0.000000 0.0
vt 0.000000 1.000000 0.0
vt 1.000000 0.000000 0.0
vt 1.000000 1.000000 0.0
vt 1.000000 0.000000 0.0
vt 1.000000 1.000000 0.0
vt 1.000000 0.000000 0.0
vt 1.000000 0.000000 0.0
vt 1.000000 1.000000 0.0
vt 1.000000 1.000000 0.0
vt 1.000000 1.000000 0.0
vt 1.000000 0.000000 0.0
vt 1.000000 0.000000 0.0
vt 1.000000 1.000000 0.0
vt 0.000000 1.000000 0.0
vt 0.000000 0.000000 0.0
vt 0.000000 0.000000 0.0
vt 0.000000 1.000000 0.0
vt 0.000000 0.000000 0.0
vt 0.000000 1.000000 0.0
vt 0.000000 1.000000 0.0
vt 0.000000 0.000000 0.0
vt 1.000000 0.000000 0.0
vt 1.000000 1.000000 0.0
vt 1.000000 0.000000 0.0
vt 1.000000 1.000000 0.0
vt 0.000000 0.285329 0.0
vt 0.000000 0.714671 0.0
vt 0.000000 0.285329 0.0
vt 0.000000 0.714671 0.0
vt 1.000000 0.000000 0.0
vt 1.000000 1.000000 0.0
vt 1.000000 0.000000 0.0
vt 1.000000 1.000000 0.0
vt 0.000000 0.285329 0.0
vt 0.000000 0.714671 0.0
vt 0.000000 0.285329 0.0
vt 0.000000 0.714671 0.0
vt 0.000000 0.714671 0.0
vt 0.000000 0.285329 0.0
vt 1.000000 0.000000 0.0
vt 1.000000 1.000000 0.0
vt 1.000000 0.000000 0.0
vt 1.000000 1.000000 0.0
vt 1.000000 1.000000 0.0
vt 1.000000 0.000000 0.0
vt 1.000000 1.000000 0.0
vt 0.000000 0.000000 0.0
vt 1.000000 0.000000 0.0
vt 0.000000 1.000000 0.0
vt 0.000000 1.000000 0.0
vt 0.000000 0.000000 0.0
vt 0.000000 1.000000 0.0
vt 0.000000 0.000000 0.0
vt 1.000000 0.000000 0.0
vt 1.000000 1.000000 0.0
vt 1.000000 0.000000 0.0
vt 1.000000 1.000000 0.0
vt 1.000000 1.000000 0.0
vt 1.000000 0.000000 0.0
vt 1.000000 0.000000 0.0
vt 1.000000 1.000000 0.0
vt 1.000000 1.000000 0.0
vt 1.000000 0.000000 0.0
vt 1.000000 0.714671 0.0
vt 1.000000 0.285329 0.0
vt 1.000000 0.285329 0.0
vt 1.000000 0.714671 0.0
vt 1.000000 0.714671 0.0
vt 1.000000 0.714671 0.0
vt 1.000000 0.285329 0.0
vt 1.000000 0.714671 0.0
vt 1.000000 0.714671 0.0
vt 1.000000 0.285329 0.0
vt 1.000000 0.285329 0.0
vt 1.000000 0.714671 0.0
vt 1.000000 0.714671 0.0
vt 1.000000 0.714671 0.0
vt 1.000000 0.285329 0.0
vt 1.000000 0.714671 0.0
vt 1.000000 0.285329 0.0
vt 1.000000 0.285329 0.0
vt 1.000000 0.714671 0.0
vt 1.000000 0.285329 0.0
vt 0.000000 0.714671 0.0
vt 0.000000 0.285329 0.0
vt 0.000000 0.285329 0.0
vt 0.000000 0.714671 0.0
vt 0.000000 1.000000 0.0
vt 0.000000 0.000000 0.0
vt 0.000000 0.000000 0.0
vt 0.000000 1.000000 0.0
vt 0.000000 0.285329 0.0
vt 0.000000 0.714671 0.0
vt 0.000000 0.285329 0.0
vt 0.000000 0.714671 0.0
vt 0.000000 0.285329 0.0
vt 0.000000 0.714671 0.0
vt 0.000000 0.285329 0.0
vt 0.000000 0.714671 0.0
vt 0.000000 0.285329 0.0
vt 0.000000 0.714671 0.0
vt 0.000000 0.285329 0.0
vt 0.000000 0.714671 0.0
vt 0.000000 0.714671 0.0
vt 0.000000 0.285329 0.0
vt 0.000000 0.285329 0.0
vt 0.000000 0.714671 0.0
vt 0.000000 0.285329 0.0
vt 0.000000 0.285329 0.0
vt 0.000000 0.714671 0.0
vt 0.000000 0.714671 0.0
vt 0.000000 0.285329 0.0
vt 0.000000 0.285329 0.0
vt 0.000000 0.285329 0.0
vt 0.000000 0.714671 0.0
vt 0.000000 0.285329 0.0
vt 0.000000 0.714671 0.0
vt 1.000000 0.714671 0.0
vt 1.000000 0.285329 0.0
vt 1.000000 0.285329 0.0
vt 1.000000 0.714671 0.0
vt 0.000000 0.000000 0.0
vt 0.000000 1.000000 0.0
vt 0.000000 0.000000 0.0
vt 0.000000 1.000000 0.0
vt 0.000000 0.000000 0.0
vt 0.000000 1.000000 0.0
vt 0.000000 1.000000 0.0
vt 0.000000 0.000000 0.0
vt 0.000000 0.000000 0.0
vt 0.000000 0.000000 0.0
vt 0.000000 0.000000 0.0
vt 0.000000 0.000000 0.0
vt 0.000000 0.000000 0.0
vt 0.000000 1.000000 0.0
vt 0.000000 1.000000 0.0
vt 0.000000 0.000000 0.0
vt 1.000000 0.000000 0.0
vt 1.000000 1.000000 0.0
vt 1.000000 1.000000 0.0
vt 1.000000 0.000000 0.0
vt 1.000000 0.000000 0.0
vt 1.000000 1.000000 0.0
vt 0.000000 0.000000 0.0
vt 0.000000 1.000000 0.0
vt 0.000000 1.000000 0.0
vt 0.000000 0.000000 0.0
vt 1.000000 0.000000 0.0
vt 1.000000 1.000000 0.0
vt 1.000000 0.000000 0.0
vt 1.000000 1.000000 0.0
vt 1.000000 1.000000 0.0
vt 1.000000 0.000000 0.0
vt 1.000000 0.000000 0.0
vt 1.000000 1.000000 0.0
vt 1.000000 0.000000 0.0
vt 1.000000 1.000000 0.0
vt 1.000000 0.000000 0.0
vt 1.000000 1.000000 0.0
vt 1.000000 0.000000 0.0
vt 1.000000 1.000000 0.0
vt 1.000000 1.000000 0.0
vt 1.000000 0.000000 0.0
vt 1.000000 0.000000 0.0
vt 1.000000 1.000000 0.0
vt 1.000000 1.000000 0.0
vt 1.000000 0.000000 0.0
vt 0.000000 0.000000 0.0
vt 0.000000 1.000000 0.0
vt 0.000000 1.000000 0.0
vt 0.000000 0.000000 0.0
vt 0.000000 1.000000 0.0
vt 0.000000 1.000000 0.0
vt 0.000000 0.000000 0.0
vt 1.000000 0.000000 0.0
vt 1.000000 1.000000 0.0
vt 1.000000 1.000000 0.0
vt 1.000000 0.000000 0.0
vt 1.000000 0.000000 0.0
vt 1.000000 1.000000 0.0
vt 1.000000 1.000000 0.0
vt 1.000000 0.000000 0.0
vt 0.000000 0.285329 0.0
vt 0.000000 0.714671 0.0
vt 0.000000 0.285329 0.0
vt 0.000000 0.714671 0.0
vt 0.000000 0.000000 0.0
vt 0.000000 1.000000 0.0
vt 0.000000 1.000000 0.0
vt 0.000000 0.000000 0.0
vt 1.000000 0.000000 0.0
vt 1.000000 1.000000 0.0
vt 1.000000 1.000000 0.0
vt 1.000000 0.000000 0.0
vt 1.000000 0.000000 0.0
vt 1.000000 1.000000 0.0
vt 0.000000 0.000000 0.0
vt 0.000000 1.000000 0.0
vt 0.000000 1.000000 0.0
vt 0.000000 0.000000 0.0
vt 0.000000 1.000000 0.0
vt 0.000000 1.000000 0.0
vt 0.000000 0.000000 0.0
vt 0.000000 0.000000 0.0
vt 0.000000 1.000000 0.0
vt 0.000000 1.000000 0.0
vt 0.000000 0.000000 0.0
vt 0.000000 0.000000 0.0
vt 0.000000 1.000000 0.0
vt 0.000000 1.000000 0.0
vt 0.000000 1.000000 0.0
vt 0.000000 0.000000 0.0
vt 0.000000 0.000000 0.0
vt 0.000000 1.000000 0.0
vt 0.000000 0.285329 0.0
vt 0.000000 0.714671 0.0
vt 0.000000 0.285329 0.0
vt 0.000000 0.714671 0.0
vt 1.000000 0.285329 0.0
vt 1.000000 0.714671 0.0
vt 1.000000 0.285329 0.0
vt 1.000000 0.714671 0.0
vt 1.000000 0.714671 0.0
vt 1.000000 0.714671 0.0
vt 1.000000 0.285329 0.0
vt 1.000000 0.285329 0.0
vt 1.000000 0.714671 0.0
vt 0.000000 1.000000 0.0
vt 0.000000 0.000000 0.0
vt 0.000000 0.000000 0.0
vt 0.000000 1.000000 0.0
vt 0.000000 0.000000 0.0
vt 0.000000 1.000000 0.0
vt 1.000000 0.000000 0.0
vt 1.000000 1.000000 0.0
vt 1.000000 1.000000 0.0
vt 1.000000 0.000000 0.0
vt 0.000000 0.000000 0.0
vt 0.000000 1.000000 0.0
vt 0.000000 1.000000 0.0
vt 0.000000 0.000000 0.0
vt 0.000000 0.000000 0.0
vt 0.000000 1.000000 0.0
vt 0.000000 0.000000 0.0
vt 0.000000 1.000000 0.0
vt 0.000000 0.000000 0.0
vt 0.000000 1.000000 0.0
vt 0.000000 0.000000 0.0
vt 0.000000 1.000000 0.0
vt 0.000000 1.000000 0.0
vt 0.000000 0.000000 0.0
vt 0.000000 0.285329 0.0
vt 0.000000 0.714671 0.0
vt 0.000000 0.285329 0.0
vt 0.000000 0.714671 0.0
vt 0.000000 0.714671 0.0
vt 0.000000 0.285329 0.0
vt 1.000000 0.714671 0.0
vt 1.000000 0.285329 0.0
vt 1.000000 0.285329 0.0
vt 1.000000 0.714671 0.0
vt 1.000000 0.285329 0.0
vt 1.000000 0.714671 0.0
vt 1.000000 0.285329 0.0
vt 1.000000 0.714671 0.0
vt 1.000000 0.285329 0.0
vt 1.000000 0.285329 0.0
vt 1.000000 0.714671 0.0
vt 1.000000 0.000000 0.0
vt 1.000000 1.000000 0.0
vt 1.000000 1.000000 0.0
vt 1.000000 0.000000 0.0
vt 1.000000 0.285329 0.0
vt 1.000000 0.714671 0.0
vt 1.000000 0.714671 0.0
vt 1.000000 0.285329 0.0
vt 1.000000 0.285329 0.0
vt 1.000000 0.714671 0.0
vt 1.000000 0.714671 0.0
vt 1.000000 0.285329 0.0
vt 0.000000 0.000000 0.0
vt 0.000000 1.000000 0.0
vt 0.000000 1.000000 0.0
vt 0.000000 0.000000 0.0
vt 0.000000 1.000000 0.0
vt 0.000000 0.000000 0.0
vt 1.000000 0.000000 0.0
vt 1.000000 1.000000 0.0
vt 1.000000 1.000000 0.0
vt 1.000000 0.000000 0.0
vt 1.000000 0.000000 0.0
vt 1.000000 1.000000 0.0
vt 1.000000 1.000000 0.0
vt 1.000000 0.000000 0.0
vt 1.000000 0.000000 0.0
vt 1.000000 0.000000 0.0
vt 1.000000 1.000000 0.0
vt 1.000000 1.000000 0.0
vt 1.000000 0.000000 0.0
vt 0.000000 0.000000 0.0
vt 0.000000 1.000000 0.0
vt 0.000000 1.000000 0.0
vt 0.000000 0.000000 0.0
vt 0.000000 1.000000 0.0
vt 0.000000 0.000000 0.0
vt 0.000000 0.000000 0.0
vt 0.000000 0.000000 0.0
vt 0.000000 1.000000 0.0
vt 0.000000 1.000000 0.0
vt 0.000000 0.000000 0.0
vt 0.000000 0.714671 0.0
vt 0.000000 0.285329 0.0
vt 0.000000 0.285329 0.0
vt 0.000000 0.714671 0.0
vt 0.000000 0.285329 0.0
vt 0.000000 0.285329 0.0
vt 0.000000 0.714671 0.0
vt 0.000000 0.714671 0.0
vt 0.000000 0.285329 0.0
vt 0.000000 0.285329 0.0
vt 0.000000 0.714671 0.0
vt 0.000000 0.285329 0.0
vt 0.000000 0.285329 0.0
vt 0.000000 0.714671 0.0
vt 0.000000 0.000000 0.0
vt 0.000000 1.000000 0.0
vt 0.000000 1.000000 0.0
vt 0.000000 0.000000 0.0
vt 1.000000 0.000000 0.0
vt 1.000000 1.000000 0.0
vt 1.000000 1.000000 0.0
vt 1.000000 0.000000 0.0
vt 1.000000 0.000000 0.0
vt 1.000000 1.000000 0.0
vt 0.000000 0.285329 0.0
vt 0.000000 0.714671 0.0
vt 0.000000 0.285329 0.0
vt 0.000000 0.714671 0.0
vt 0.000000 0.285329 0.0
vt 0.000000 0.714671 0.0
vt 0.000000 0.285329 0.0
vt 0.000000 0.714671 0.0
vt 1.000000 0.285329 0.0
vt 1.000000 0.714671 0.0
vt 1.000000 0.285329 0.0
vt 1.000000 0.714671 0.0
vt 1.000000 0.285329 0.0
vt 1.000000 0.285329 0.0
vt 1.000000 0.714671 0.0
vt 0.875000 0.750000 0.0
vt 0.625000 0.500000 0.0
vt 0.875000 0.500000 0.0
vt 0.625000 0.750000 0.0
vt 0.000000 0.285329 0.0
vt 0.000000 0.714671 0.0
vt 0.000000 0.285329 0.0
vt 0.000000 0.714671 0.0
vt 1.000000 0.285329 0.0
vt 1.000000 0.714671 0.0
vt 1.000000 0.714671 0.0
vt 1.000000 0.285329 0.0
vt 1.000000 0.714671 0.0
vt 1.000000 0.285329 0.0
vt 1.000000 0.285329 0.0
vt 1.000000 0.714671 0.0
vt 1.000000 0.285329 0.0
vt 1.000000 0.714671 0.0
vt 1.000000 0.285329 0.0
vt 1.000000 0.714671 0.0
vt 1.000000 0.285329 0.0
vt 1.000000 0.714671 0.0
vt 1.000000 0.714671 0.0
vt 1.000000 0.285329 0.0
vt 1.000000 0.285329 0.0
vt 1.000000 0.714671 0.0
vt 1.000000 0.714671 0.0
vt 1.000000 0.285329 0.0
vt 1.000000 0.714671 0.0
vt 1.000000 0.714671 0.0
vt 1.000000 0.285329 0.0
vt 1.000000 0.285329 0.0
vt 1.000000 0.714671 0.0
vt 1.000000 0.714671 0.0
vt 1.000000 0.714671 0.0
vt 1.000000 0.285329 0.0
vt 1.000000 0.714671 0.0
vt 1.000000 0.285329 0.0
vt 1.000000 0.285329 0.0
vt 1.000000 0.714671 0.0
vt 1.000000 0.285329 0.0
vt 1.000000 0.714671 0.0
vt 1.000000 0.714671 0.0
vt 1.000000 0.285329 0.0
vt 1.000000 0.714671 0.0
vt 1.000000 0.000000 0.0
vt 1.000000 1.000000 0.0
vt 1.000000 1.000000 0.0
vt 1.000000 0.000000 0.0
vt 1.000000 0.000000 0.0
vt 1.000000 1.000000 0.0
vt 0.000000 0.285329 0.0
vt 0.000000 0.714671 0.0
vt 0.000000 0.285329 0.0
vt 0.000000 0.714671 0.0
vt 1.000000 0.000000 0.0
vt 1.000000 1.000000 0.0
vt 1.000000 1.000000 0.0
vt 1.000000 0.000000 0.0
vt 0.000000 0.285329 0.0
vt 0.000000 0.714671 0.0
vt 0.000000 0.285329 0.0
vt 0.000000 0.714671 0.0
vt 1.000000 0.000000 0.0
vt 1.000000 1.000000 0.0
vt 1.000000 1.000000 0.0
vt 1.000000 0.000000 0.0
vt 0.000000 1.000000 0.0
vt 0.000000 0.000000 0.0
vt 0.000000 0.000000 0.0
vt 0.000000 1.000000 0.0
vt 1.000000 0.000000 0.0
vt 1.000000 1.000000 0.0
vt 1.000000 1.000000 0.0
vt 1.000000 0.000000 0.0
vt 0.000000 1.000000 0.0
vt 0.000000 0.000000 0.0
vt 0.000000 0.000000 0.0
vt 0.000000 1.000000 0.0
vt 0.000000 0.000000 0.0
vt 0.000000 1.000000 0.0
vt 0.000000 1.000000 0.0
vt 0.000000 0.000000 0.0
vt 0.000000 1.000000 0.0
vt 0.000000 0.000000 0.0
vt 0.000000 0.000000 0.0
vt 0.000000 1.000000 0.0
vt 0.000000 0.000000 0.0
vt 0.000000 1.000000 0.0
vt 0.000000 0.000000 0.0
vt 0.000000 1.000000 0.0
vt 0.000000 0.000000 0.0
vt 1.000000 0.000000 0.0
vt 1.000000 1.000000 0.0
vt 1.000000 0.000000 0.0
vt 1.000000 1.000000 0.0
vt 1.000000 1.000000 0.0
vt 1.000000 0.000000 0.0
vt 1.000000 0.000000 0.0
vt 1.000000 0.000000 0.0
vt 1.000000 1.000000 0.0
vt 1.000000 1.000000 0.0
vt 1.000000 0.000000 0.0
vt 1.000000 0.714671 0.0
vt 1.000000 0.285329 0.0
vt 1.000000 0.285329 0.0
vt 1.000000 0.714671 0.0
vt 1.000000 0.285329 0.0
vt 1.000000 0.714671 0.0
vt 1.000000 0.714671 0.0
vt 1.000000 0.285329 0.0
vt 0.000000 0.285329 0.0
vt 0.000000 0.714671 0.0
vt 0.000000 0.285329 0.0
vt 0.000000 0.714671 0.0
vt 0.000000 0.714671 0.0
vt 0.000000 0.285329 0.0
vt 0.000000 0.000000 0.0
vt 0.000000 1.000000 0.0
vt 0.000000 1.000000 0.0
vt 0.000000 0.000000 0.0
vt 0.000000 1.000000 0.0
vt 0.000000 0.000000 0.0
vt 0.000000 0.000000 0.0
vt 0.000000 1.000000 0.0
vt 0.000000 1.000000 0.0
vt 0.000000 0.000000 0.0
vt 1.000000 0.714671 0.0
vt 1.000000 0.285329 0.0
vt 1.000000 0.285329 0.0
vt 1.000000 0.714671 0.0
vt 0.582759 0.750000 0.0
vt 0.375000 0.750000 0.0
vt 0.375000 0.500000 0.0
vt 0.582759 0.500000 0.0
vt 0.645001 0.500000 0.0
vt 0.645001 0.750000 0.0
vt 0.775000 0.750000 0.0
vt 0.775000 0.500000 0.0
vt 0.775000 0.500000 0.0
vt 0.775000 0.750000 0.0
vt 0.875000 0.750000 0.0
vt 0.875000 0.500000 0.0
vt 1.000000 0.000000 0.0
vt 1.000000 1.000000 0.0
vt 1.000000 0.000000 0.0
vt 1.000000 1.000000 0.0
vt 1.000000 1.000000 0.0
vt 1.000000 1.000000 0.0
vt 1.000000 0.000000 0.0
vt 1.000000 0.000000 0.0
vt 1.000000 1.000000 0.0
vt 1.000000 0.000000 0.0
vt 0.000000 0.285329 0.0
vt 0.000000 0.714671 0.0
vt 0.000000 0.285329 0.0
vt 0.000000 0.714671 0.0
vt 1.000000 0.000000 0.0
vt 1.000000 1.000000 0.0
vt 1.000000 0.000000 0.0
vt 1.000000 1.000000 0.0
vt 1.000000 1.000000 0.0
vt 1.000000 0.000000 0.0
vt 1.000000 0.000000 0.0
vt 1.000000 1.000000 0.0
vt 1.000000 1.000000 0.0
vt 1.000000 0.000000 0.0
vt 0.000000 0.000000 0.0
vt 0.000000 1.000000 0.0
vt 0.000000 1.000000 0.0
vt 0.000000 0.000000 0.0
vt 0.000000 0.000000 0.0
vt 0.000000 1.000000 0.0
vt 0.000000 1.000000 0.0
vt 0.000000 0.000000 0.0
vt 0.000000 1.000000 0.0
vt 0.000000 1.000000 0.0
vt 0.000000 0.000000 0.0
vt 0.000000 0.000000 0.0
vt 0.000000 1.000000 0.0
vt 1.000000 0.000000 0.0
vt 1.000000 1.000000 0.0
vt 1.000000 1.000000 0.0
vt 1.000000 0.000000 0.0
vt 1.000000 0.000000 0.0
vt 1.000000 1.000000 0.0
vt 1.000000 1.000000 0.0
vt 1.000000 0.000000 0.0
vt 1.000000 0.000000 0.0
vt 1.000000 0.000000 0.0
vt 1.000000 1.000000 0.0
vt 1.000000 1.000000 0.0
vt 1.000000 0.000000 0.0
vt 1.000000 0.714671 0.0
vt 1.000000 0.285329 0.0
vt 1.000000 0.285329 0.0
vt 1.000000 0.714671 0.0
vt 0.000000 1.000000 0.0
vt 0.000000 0.000000 0.0
vt 0.000000 0.000000 0.0
vt 0.000000 1.000000 0.0
vt 1.000000 0.000000 0.0
vt 1.000000 1.000000 0.0
vt 1.000000 1.000000 0.0
vt 1.000000 0.000000 0.0
vt 1.000000 0.000000 0.0
vt 1.000000 1.000000 0.0
vt 1.000000 1.000000 0.0
vt 1.000000 0.000000 0.0
vt 0.000000 1.000000 0.0
vt 0.000000 0.000000 0.0
vt 0.000000 0.000000 0.0
vt 0.000000 1.000000 0.0
vt 1.000000 0.000000 0.0
vt 0.500000 1.000000 0.0
vt 0.500000 0.000000 0.0
vt 1.000000 1.000000 0.0
vt 0.000000 1.000000 0.0
vt 0.000000 0.000000 0.0
vt 1.000000 1.000000 0.0
vt 1.000000 0.000000 0.0
vt 1.000000 1.000000 0.0
vt 0.000000 1.000000 0.0
vt 0.000000 1.000000 0.0
vt 0.000000 0.000000 0.0
vt 0.000000 0.000000 0.0
vt 0.000000 1.000000 0.0
vt 0.000000 0.000000 0.0
vt 1.000000 0.285329 0.0
vt 1.000000 0.714671 0.0
vt 1.000000 0.285329 0.0
vt 1.000000 0.714671 0.0
vt 1.000000 0.000000 0.0
vt 0.500000 1.000000 0.0
vt 0.500000 0.000000 0.0
vt 1.000000 1.000000 0.0
vt 0.000000 1.000000 0.0
vt 0.000000 0.000000 0.0
vt 1.000000 1.000000 0.0
vt 1.000000 0.000000 0.0
vt 1.000000 1.000000 0.0
vt 0.000000 0.000000 0.0
vt 0.000000 1.000000 0.0
vt 0.000000 0.000000 0.0
vt 1.000000 0.000000 0.0
vt 1.000000 1.000000 0.0
vt 1.000000 1.000000 0.0
vt 1.000000 0.000000 0.0
vt 0.000000 0.000000 0.0
vt 0.000000 1.000000 0.0
vt 0.000000 1.000000 0.0
vt 0.000000 0.000000 0.0
vt 1.000000 0.000000 0.0
vt 1.000000 1.000000 0.0
vt 1.000000 1.000000 0.0
vt 1.000000 0.000000 0.0
vt 0.000000 0.714671 0.0
vt 0.000000 0.285329 0.0
vt 0.000000 0.285329 0.0
vt 0.000000 0.714671 0.0
vt 0.000000 0.285329 0.0
vt 0.000000 0.285329 0.0
vt 0.000000 0.714671 0.0
vt 0.000000 0.714671 0.0
vt 0.000000 0.285329 0.0
vt 0.000000 0.285329 0.0
vt 0.000000 0.285329 0.0
vt 0.000000 0.714671 0.0
vt 0.000000 0.285329 0.0
vt 0.000000 0.714671 0.0
vt 1.000000 0.000000 0.0
vt 1.000000 1.000000 0.0
vt 1.000000 1.000000 0.0
vt 1.000000 0.000000 0.0
vt 1.000000 0.000000 0.0
vt 1.000000 1.000000 0.0
vt 1.000000 0.000000 0.0
vt 0.000000 0.285329 0.0
vt 0.000000 0.714671 0.0
vt 0.000000 0.285329 0.0
vt 0.000000 0.714671 0.0
vt 0.000000 0.285329 0.0
vt 0.000000 0.714671 0.0
vt 0.000000 0.285329 0.0
vt 0.000000 0.714671 0.0
vt 0.000000 0.714671 0.0
vt 0.000000 0.285329 0.0
vt 0.000000 1.000000 0.0
vt 0.000000 0.000000 0.0
vt 0.000000 0.000000 0.0
vt 0.000000 1.000000 0.0
vt 0.000000 0.000000 0.0
vt 0.000000 0.000000 0.0
vt 0.000000 0.000000 0.0
vt 0.000000 0.000000 0.0
vt 0.000000 0.714671 0.0
vt 0.000000 0.285329 0.0
vt 0.000000 0.285329 0.0
vt 0.000000 0.714671 0.0
vt 0.000000 1.000000 0.0
vt 0.000000 0.000000 0.0
vt 0.000000 0.000000 0.0
vt 0.000000 1.000000 0.0
vt 1.000000 0.000000 0.0
vt 1.000000 1.000000 0.0
vt 1.000000 0.000000 0.0
vt 1.000000 1.000000 0.0
vt 1.000000 0.714671 0.0
vt 1.000000 0.285329 0.0
vt 1.000000 0.285329 0.0
vt 1.000000 0.714671 0.0
vt 0.000000 0.000000 0.0
vt 0.000000 1.000000 0.0
vt 0.000000 1.000000 0.0
vt 0.000000 0.000000 0.0
vt 1.000000 0.000000 0.0
vt 1.000000 1.000000 0.0
vt 1.000000 0.000000 0.0
vt 1.000000 1.000000 0.0
vt 1.000000 0.285329 0.0
vt 1.000000 0.714671 0.0
vt 1.000000 0.285329 0.0
vt 1.000000 0.714671 0.0
vt 0.000000 0.285329 0.0
vt 0.000000 0.714671 0.0
vt 0.000000 0.285329 0.0
vt 0.000000 0.714671 0.0
vt 0.000000 0.285329 0.0
vt 0.000000 0.714671 0.0
vt 0.000000 0.285329 0.0
vt 0.000000 0.714671 0.0
vt 1.000000 1.000000 0.0
vt 0.500000 0.000000 0.0
vt 1.000000 0.000000 0.0
vt 0.500000 1.000000 0.0
vt 0.000000 0.000000 0.0
vt 0.000000 1.000000 0.0
vt 0.000000 1.000000 0.0
vt 0.000000 1.000000 0.0
vt 0.000000 0.000000 0.0
vt 1.000000 1.000000 0.0
vt 1.000000 0.000000 0.0
vt 1.000000 1.000000 0.0
vt 0.000000 0.000000 0.0
vt 0.000000 0.000000 0.0
vt 0.000000 1.000000 0.0
vt 0.000000 1.000000 0.0
vt 0.000000 0.000000 0.0
vt 1.000000 0.000000 0.0
vt 1.000000 0.000000 0.0
vt 1.000000 1.000000 0.0
vt 1.000000 1.000000 0.0
vt 1.000000 0.000000 0.0
vt 1.000000 0.000000 0.0
vt 1.000000 1.000000 0.0
vt 1.000000 0.000000 0.0
vt 0.000000 0.000000 0.0
vt 0.000000 0.000000 0.0
vt 0.000000 1.000000 0.0
vt 0.000000 1.000000 0.0
vt 0.000000 0.000000 0.0
vt 1.000000 0.714671 0.0
vt 1.000000 0.285329 0.0
vt 1.000000 0.285329 0.0
vt 1.000000 0.714671 0.0
vt 1.000000 0.000000 0.0
vt 1.000000 1.000000 0.0
vt 1.000000 0.000000 0.0
vt 1.000000 1.000000 0.0
vt 1.000000 0.000000 0.0
vt 1.000000 1.000000 0.0
vt 1.000000 1.000000 0.0
vt 1.000000 0.000000 0.0
vt 0.000000 1.000000 0.0
vt 0.000000 0.000000 0.0
vt 0.000000 0.000000 0.0
vt 0.000000 1.000000 0.0
vt 0.000000 0.000000 0.0
vt 0.000000 1.000000 0.0
vt 0.000000 1.000000 0.0
vt 0.000000 0.000000 0.0
vt 0.990000 0.250000 0.0
vt 0.885764 0.114236 0.0
vt 0.942000 0.250000 0.0
vt 0.919706 0.080294 0.0
vt 0.919706 0.419706 0.0
vt 0.750000 0.010000 0.0
vt 0.885765 0.385765 0.0
vt 0.750000 0.058000 0.0
vt 0.750000 0.490000 0.0
vt 0.580294 0.080294 0.0
vt 0.750000 0.442000 0.0
vt 0.614236 0.114236 0.0
vt 0.580294 0.419706 0.0
vt 0.510000 0.250000 0.0
vt 0.614235 0.385764 0.0
vt 0.558000 0.250000 0.0
vt 0.625000 0.250000 0.0
vt 0.625000 0.250000 0.0
vt 0.625000 0.000000 0.0
vt 0.625000 0.000000 0.0
vt 1.000000 0.000000 0.0
vt 1.000000 1.000000 0.0
vt 1.000000 0.000000 0.0
vt 1.000000 1.000000 0.0
vt 1.000000 1.000000 0.0
vt 1.000000 0.000000 0.0
vt 1.000000 0.000000 0.0
vt 1.000000 1.000000 0.0
vt 1.000000 1.000000 0.0
vt 1.000000 0.000000 0.0
vt 1.000000 0.000000 0.0
vt 1.000000 1.000000 0.0
vt 1.000000 1.000000 0.0
vt 1.000000 0.000000 0.0
vt 0.000000 0.000000 0.0
vt 0.000000 1.000000 0.0
vt 0.000000 1.000000 0.0
vt 0.000000 0.000000 0.0
vt 0.000000 0.285329 0.0
vt 0.000000 0.714671 0.0
vt 0.000000 0.285329 0.0
vt 0.000000 0.714671 0.0
vt 0.000000 0.285329 0.0
vt 0.000000 0.714671 0.0
vt 0.000000 0.285329 0.0
vt 1.000000 0.000000 0.0
vt 1.000000 1.000000 0.0
vt 1.000000 1.000000 0.0
vt 1.000000 0.000000 0.0
vt 1.000000 0.000000 0.0
vt 1.000000 1.000000 0.0
vt 1.000000 0.000000 0.0
vt 0.000000 0.285329 0.0
vt 0.000000 0.714671 0.0
vt 0.000000 0.285329 0.0
vt 0.000000 0.714671 0.0
vt 0.000000 0.285329 0.0
vt 0.000000 0.714671 0.0
vt 0.000000 0.285329 0.0
vt 0.000000 0.714671 0.0
vt 1.000000 0.285329 0.0
vt 1.000000 0.714671 0.0
vt 1.000000 0.285329 0.0
vt 1.000000 0.714671 0.0
vt 1.000000 0.285329 0.0
vt 1.000000 0.714671 0.0
vt 1.000000 0.285329 0.0
vt 1.000000 0.714671 0.0
vt 1.000000 0.714671 0.0
vt 1.000000 0.285329 0.0
vt 1.000000 0.285329 0.0
vt 1.000000 0.714671 0.0
vt 1.000000 0.714671 0.0
vt 1.000000 0.285329 0.0
vt 1.000000 0.714671 0.0
vt 1.000000 0.285329 0.0
vt 1.000000 0.714671 0.0
vt 1.000000 0.285329 0.0
vt 1.000000 0.285329 0.0
vt 1.000000 0.714671 0.0
vt 1.000000 0.000000 0.0
vt 1.000000 1.000000 0.0
vt 1.000000 1.000000 0.0
vt 1.000000 0.000000 0.0
vt 1.000000 0.000000 0.0
vt 1.000000 1.000000 0.0
vt 1.000000 1.000000 0.0
vt 1.000000 0.000000 0.0
vt 1.000000 1.000000 0.0
vt 1.000000 0.000000 0.0
vt 0.500000 1.000000 0.0
vt 0.500000 0.000000 0.0
vt 1.000000 1.000000 0.0
vt 0.000000 1.000000 0.0
vt 0.000000 0.000000 0.0
vt 1.000000 1.000000 0.0
vt 1.000000 0.000000 0.0
vt 1.000000 1.000000 0.0
vt 0.000000 0.000000 0.0
vt 0.000000 1.000000 0.0
vt 0.000000 0.000000 0.0
vt 0.000000 0.285329 0.0
vt 0.000000 0.714671 0.0
vt 0.000000 0.285329 0.0
vt 0.000000 0.714671 0.0
vt 0.000000 0.714671 0.0
vt 0.000000 0.285329 0.0
vt 0.000000 0.285329 0.0
vt 0.000000 0.714671 0.0
vt 0.000000 0.285329 0.0
vt 0.000000 0.714671 0.0
vt 0.000000 0.285329 0.0
vt 0.000000 0.714671 0.0
vt 0.000000 0.000000 0.0
vt 0.000000 1.000000 0.0
vt 0.000000 1.000000 0.0
vt 0.000000 0.000000 0.0
vt 0.000000 0.285329 0.0
vt 0.500000 0.714671 0.0
vt 0.500000 0.285329 0.0
vt 0.000000 0.714671 0.0
vt 0.000000 0.000000 0.0
vt 0.000000 1.000000 0.0
vt 0.000000 1.000000 0.0
vt 0.000000 0.000000 0.0
vt 0.000000 0.285329 0.0
vt 0.000000 0.714671 0.0
vt 0.000000 0.285329 0.0
vt 0.000000 0.714671 0.0
vt 0.000000 0.714671 0.0
vt 0.000000 0.285329 0.0
vt 1.000000 0.000000 0.0
vt 1.000000 1.000000 0.0
vt 1.000000 0.000000 0.0
vt 1.000000 1.000000 0.0
vt 0.000000 0.000000 0.0
vt 0.000000 1.000000 0.0
vt 0.000000 1.000000 0.0
vt 0.000000 0.000000 0.0
vt 0.000000 1.000000 0.0
vt 0.000000 1.000000 0.0
vt 0.000000 0.000000 0.0
vt 1.000000 0.000000 0.0
vt 1.000000 1.000000 0.0
vt 1.000000 1.000000 0.0
vt 1.000000 0.000000 0.0
vt 0.000000 0.285329 0.0
vt 0.000000 0.714671 0.0
vt 0.000000 0.285329 0.0
vt 0.000000 0.714671 0.0
vt 1.000000 0.000000 0.0
vt 1.000000 1.000000 0.0
vt 1.000000 1.000000 0.0
vt 1.000000 0.000000 0.0
vt 1.000000 0.000000 0.0
vt 0.622837 0.000000 0.0
vt 1.000000 0.000000 0.0
vt 0.579066 0.000000 0.0
vt 0.650625 0.000000 0.0
vt 0.500000 0.000000 0.0
vt 1.000000 0.000000 0.0
vt 0.500000 0.000000 0.0
vt 1.000000 0.000000 0.0
vt 0.420933 0.000000 0.0
vt 0.681153 0.000000 0.0
vt 0.000000 0.000000 0.0
vt 1.000000 0.000000 0.0
vt 0.377162 0.000000 0.0
vt 0.699716 0.000000 0.0
vt 0.000000 0.000000 0.0
vt 1.000000 0.000000 0.0
vt 0.349374 0.000000 0.0
vt 0.708478 0.000000 0.0
vt 0.000000 0.000000 0.0
vt 1.000000 0.000000 0.0
vt 0.000000 0.000000 0.0
vt 0.711017 0.000000 0.0
vt 0.318847 0.000000 0.0
vt 1.000000 0.000000 0.0
vt 0.000000 0.000000 0.0
vt 0.300284 0.000000 0.0
vt 0.000000 0.000000 0.0
vt 0.710498 0.000000 0.0
vt 1.000000 0.000000 0.0
vt 1.000000 0.000000 0.0
vt 0.708327 0.000000 0.0
vt 1.000000 0.000000 0.0
vt 0.705416 0.000000 0.0
vt 1.000000 0.000000 0.0
vt 0.697399 0.000000 0.0
vt 1.000000 0.000000 0.0
vt 0.680539 0.000000 0.0
vt 1.000000 0.000000 0.0
vt 0.641069 0.000000 0.0
vt 1.000000 0.000000 0.0
vt 0.575132 0.000000 0.0
vt 1.000000 0.000000 0.0
vt 0.500000 0.000000 0.0
vt 0.000000 0.000000 0.0
vt 0.000000 0.000000 0.0
vt 0.424867 0.000000 0.0
vt 0.000000 0.000000 0.0
vt 0.358931 0.000000 0.0
vt 0.000000 0.000000 0.0
vt 0.319460 0.000000 0.0
vt 0.000000 0.000000 0.0
vt 0.302600 0.000000 0.0
vt 0.000000 0.000000 0.0
vt 0.294584 0.000000 0.0
vt 0.000000 0.000000 0.0
vt 0.291673 0.000000 0.0
vt 0.000000 0.000000 0.0
vt 0.289501 0.000000 0.0
vt 0.000000 0.000000 0.0
vt 0.000000 0.000000 0.0
vt 0.288983 0.000000 0.0
vt 0.000000 0.000000 0.0
vt 0.291521 0.000000 0.0
vt 0.300257 0.000000 0.0
vt 1.000000 0.285329 0.0
vt 1.000000 0.714671 0.0
vt 1.000000 0.714671 0.0
vt 1.000000 0.285329 0.0
vt 1.000000 0.714671 0.0
vt 0.500000 0.285329 0.0
vt 1.000000 0.714671 0.0
vt 1.000000 0.285329 0.0
vt 0.500000 0.714671 0.0
vt 0.291673 1.000000 0.0
vt 0.000000 1.000000 0.0
vt 0.289501 1.000000 0.0
vt 0.000000 1.000000 0.0
vt 0.000000 1.000000 0.0
vt 0.000000 1.000000 0.0
vt 0.294584 1.000000 0.0
vt 0.288983 1.000000 0.0
vt 0.000000 1.000000 0.0
vt 0.000000 1.000000 0.0
vt 0.302600 1.000000 0.0
vt 0.291521 1.000000 0.0
vt 0.000000 1.000000 0.0
vt 0.000000 1.000000 0.0
vt 0.319460 1.000000 0.0
vt 0.300284 1.000000 0.0
vt 0.000000 1.000000 0.0
vt 0.000000 1.000000 0.0
vt 0.358931 1.000000 0.0
vt 0.318847 1.000000 0.0
vt 0.000000 1.000000 0.0
vt 0.000000 1.000000 0.0
vt 0.424867 1.000000 0.0
vt 0.349374 1.000000 0.0
vt 0.000000 1.000000 0.0
vt 0.000000 1.000000 0.0
vt 0.500000 1.000000 0.0
vt 0.000000 1.000000 0.0
vt 1.000000 1.000000 0.0
vt 0.377162 1.000000 0.0
vt 1.000000 1.000000 0.0
vt 0.000000 1.000000 0.0
vt 0.575132 1.000000 0.0
vt 0.420933 1.000000 0.0
vt 1.000000 1.000000 0.0
vt 0.500000 1.000000 0.0
vt 0.641069 1.000000 0.0
vt 0.500000 1.000000 0.0
vt 1.000000 1.000000 0.0
vt 0.579066 1.000000 0.0
vt 0.680539 1.000000 0.0
vt 1.000000 1.000000 0.0
vt 1.000000 1.000000 0.0
vt 0.622837 1.000000 0.0
vt 0.697399 1.000000 0.0
vt 1.000000 1.000000 0.0
vt 1.000000 1.000000 0.0
vt 0.650625 1.000000 0.0
vt 0.705416 1.000000 0.0
vt 1.000000 1.000000 0.0
vt 1.000000 1.000000 0.0
vt 1.000000 1.000000 0.0
vt 0.708327 1.000000 0.0
vt 0.681153 1.000000 0.0
vt 1.000000 1.000000 0.0
vt 1.000000 1.000000 0.0
vt 0.710499 1.000000 0.0
vt 0.699716 1.000000 0.0
vt 1.000000 1.000000 0.0
vt 1.000000 1.000000 0.0
vt 1.000000 1.000000 0.0
vt 0.701953 1.000000 0.0
vt 0.711017 1.000000 0.0
vt 0.708478 1.000000 0.0
vt 1.000000 1.000000 0.0
vt 1.000000 0.000000 0.0
vt 1.000000 1.000000 0.0
vt 1.000000 0.000000 0.0
vt 1.000000 1.000000 0.0
vt 0.000000 0.285329 0.0
vt 0.000000 0.714671 0.0
vt 0.000000 0.285329 0.0
vt 0.000000 0.714671 0.0
vt 0.500000 0.285329 0.0
vt 1.000000 0.714671 0.0
vt 1.000000 0.285329 0.0
vt 0.500000 0.714671 0.0
vt 0.000000 0.000000 0.0
vt 0.000000 1.000000 0.0
vt 0.000000 1.000000 0.0
vt 0.000000 0.000000 0.0
vt 0.000000 0.285329 0.0
vt 0.000000 0.714671 0.0
vt 0.000000 0.285329 0.0
vt 0.000000 0.714671 0.0
vt 0.000000 0.285329 0.0
vt 0.000000 0.714671 0.0
vt 0.000000 0.285329 0.0
vt 1.000000 0.000000 0.0
vt 0.500000 1.000000 0.0
vt 0.500000 0.000000 0.0
vt 1.000000 1.000000 0.0
vt 0.000000 1.000000 0.0
vt 0.000000 0.000000 0.0
vt 1.000000 1.000000 0.0
vt 1.000000 0.000000 0.0
vt 1.000000 1.000000 0.0
vt 0.000000 0.000000 0.0
vt 0.000000 1.000000 0.0
vt 0.000000 0.000000 0.0
vt 1.000000 0.000000 0.0
vt 1.000000 1.000000 0.0
vt 1.000000 1.000000 0.0
vt 1.000000 0.000000 0.0
vt 1.000000 0.000000 0.0
vt 1.000000 1.000000 0.0
vt 1.000000 0.000000 0.0
vt 1.000000 1.000000 0.0
vt 1.000000 1.000000 0.0
vt 1.000000 0.000000 0.0
vt 1.000000 0.714671 0.0
vt 1.000000 0.285329 0.0
vt 1.000000 0.285329 0.0
vt 1.000000 0.714671 0.0
vt 1.000000 0.285329 0.0
vt 1.000000 0.714671 0.0
vt 1.000000 0.714671 0.0
vt 1.000000 0.285329 0.0
vt 0.000000 0.285329 0.0
vt 0.000000 0.714671 0.0
vt 0.000000 0.285329 0.0
vt 0.000000 0.714671 0.0
vt 1.000000 0.000000 0.0
vt 0.650625 0.000000 0.0
vt 1.000000 0.000000 0.0
vt 0.681153 0.000000 0.0
vt 0.622837 0.000000 0.0
vt 1.000000 0.000000 0.0
vt 1.000000 0.000000 0.0
vt 0.699716 0.000000 0.0
vt 0.579066 0.000000 0.0
vt 1.000000 0.000000 0.0
vt 0.500000 0.000000 0.0
vt 1.000000 0.000000 0.0
vt 0.500000 0.000000 0.0
vt 0.708478 0.000000 0.0
vt 0.420933 0.000000 0.0
vt 1.000000 0.000000 0.0
vt 0.000000 0.000000 0.0
vt 0.711017 0.000000 0.0
vt 0.377162 0.000000 0.0
vt 1.000000 0.000000 0.0
vt 0.000000 0.000000 0.0
vt 0.710498 0.000000 0.0
vt 0.349374 0.000000 0.0
vt 1.000000 0.000000 0.0
vt 0.000000 0.000000 0.0
vt 1.000000 0.000000 0.0
vt 0.318847 0.000000 0.0
vt 0.708327 0.000000 0.0
vt 0.000000 0.000000 0.0
vt 1.000000 0.000000 0.0
vt 0.300284 0.000000 0.0
vt 0.000000 0.000000 0.0
vt 0.000000 0.000000 0.0
vt 0.705416 0.000000 0.0
vt 1.000000 0.000000 0.0
vt 0.697399 0.000000 0.0
vt 1.000000 0.000000 0.0
vt 0.680539 0.000000 0.0
vt 1.000000 0.000000 0.0
vt 0.641069 0.000000 0.0
vt 1.000000 0.000000 0.0
vt 0.575132 0.000000 0.0
vt 1.000000 0.000000 0.0
vt 0.000000 0.000000 0.0
vt 0.500000 0.000000 0.0
vt 0.424867 0.000000 0.0
vt 0.000000 0.000000 0.0
vt 0.000000 0.000000 0.0
vt 0.358931 0.000000 0.0
vt 0.000000 0.000000 0.0
vt 0.319460 0.000000 0.0
vt 0.000000 0.000000 0.0
vt 0.302600 0.000000 0.0
vt 0.000000 0.000000 0.0
vt 0.294584 0.000000 0.0
vt 0.000000 0.000000 0.0
vt 0.291673 0.000000 0.0
vt 0.000000 0.000000 0.0
vt 0.289501 0.000000 0.0
vt 0.000000 0.000000 0.0
vt 0.000000 0.000000 0.0
vt 0.288983 0.000000 0.0
vt 0.000000 0.000000 0.0
vt 0.291521 0.000000 0.0
vt 0.300257 0.000000 0.0
vt 0.000000 0.000000 0.0
vt 0.000000 1.000000 0.0
vt 0.000000 1.000000 0.0
vt 0.000000 0.000000 0.0
vt 0.000000 0.285329 0.0
vt 0.500000 0.714671 0.0
vt 0.500000 0.285329 0.0
vt 0.000000 0.714671 0.0
vt 1.000000 0.000000 0.0
vt 0.500000 1.000000 0.0
vt 0.500000 0.000000 0.0
vt 1.000000 1.000000 0.0
vt 0.000000 1.000000 0.0
vt 0.000000 0.000000 0.0
vt 0.000000 0.000000 0.0
vt 0.000000 1.000000 0.0
vt 0.000000 0.000000 0.0
vt 1.000000 1.000000 0.0
vt 1.000000 0.000000 0.0
vt 1.000000 1.000000 0.0
vt 1.000000 0.000000 0.0
vt 1.000000 0.000000 0.0
vt 1.000000 1.000000 0.0
vt 0.291521 1.000000 0.0
vt 0.000000 1.000000 0.0
vt 0.300284 1.000000 0.0
vt 0.000000 1.000000 0.0
vt 0.000000 1.000000 0.0
vt 0.000000 1.000000 0.0
vt 0.288983 1.000000 0.0
vt 0.318847 1.000000 0.0
vt 0.000000 1.000000 0.0
vt 0.000000 1.000000 0.0
vt 0.289501 1.000000 0.0
vt 0.349374 1.000000 0.0
vt 0.000000 1.000000 0.0
vt 0.000000 1.000000 0.0
vt 0.000000 1.000000 0.0
vt 0.377162 1.000000 0.0
vt 0.291673 1.000000 0.0
vt 0.000000 1.000000 0.0
vt 0.000000 1.000000 0.0
vt 0.420933 1.000000 0.0
vt 0.294584 1.000000 0.0
vt 0.500000 1.000000 0.0
vt 0.000000 1.000000 0.0
vt 0.500000 1.000000 0.0
vt 0.302600 1.000000 0.0
vt 0.579066 1.000000 0.0
vt 0.000000 1.000000 0.0
vt 1.000000 1.000000 0.0
vt 0.319460 1.000000 0.0
vt 0.622837 1.000000 0.0
vt 0.000000 1.000000 0.0
vt 1.000000 1.000000 0.0
vt 0.358931 1.000000 0.0
vt 0.650625 1.000000 0.0
vt 0.000000 1.000000 0.0
vt 1.000000 1.000000 0.0
vt 0.424867 1.000000 0.0
vt 0.681153 1.000000 0.0
vt 0.000000 1.000000 0.0
vt 1.000000 1.000000 0.0
vt 1.000000 1.000000 0.0
vt 0.699716 1.000000 0.0
vt 0.500000 1.000000 0.0
vt 1.000000 1.000000 0.0
vt 0.575132 1.000000 0.0
vt 0.701953 1.000000 0.0
vt 1.000000 1.000000 0.0
vt 1.000000 1.000000 0.0
vt 1.000000 1.000000 0.0
vt 0.708478 1.000000 0.0
vt 0.641069 1.000000 0.0
vt 1.000000 1.000000 0.0
vt 1.000000 1.000000 0.0
vt 0.711017 1.000000 0.0
vt 0.680539 1.000000 0.0
vt 1.000000 1.000000 0.0
vt 1.000000 1.000000 0.0
vt 0.710499 1.000000 0.0
vt 0.697399 1.000000 0.0
vt 1.000000 1.000000 0.0
vt 1.000000 1.000000 0.0
vt 1.000000 1.000000 0.0
vt 0.705416 1.000000 0.0
vt 0.708327 1.000000 0.0
vt 1.000000 1.000000 0.0
vt 1.000000 0.000000 0.0
vt 0.622837 0.000000 0.0
vt 1.000000 0.000000 0.0
vt 0.579066 0.000000 0.0
vt 0.650625 0.000000 0.0
vt 0.500000 0.000000 0.0
vt 1.000000 0.000000 0.0
vt 0.500000 0.000000 0.0
vt 1.000000 0.000000 0.0
vt 0.420933 0.000000 0.0
vt 0.681153 0.000000 0.0
vt 0.000000 0.000000 0.0
vt 1.000000 0.000000 0.0
vt 0.377162 0.000000 0.0
vt 0.699716 0.000000 0.0
vt 0.000000 0.000000 0.0
vt 1.000000 0.000000 0.0
vt 0.349374 0.000000 0.0
vt 0.708478 0.000000 0.0
vt 0.000000 0.000000 0.0
vt 1.000000 0.000000 0.0
vt 0.000000 0.000000 0.0
vt 0.711017 0.000000 0.0
vt 0.318847 0.000000 0.0
vt 1.000000 0.000000 0.0
vt 0.000000 0.000000 0.0
vt 0.300284 0.000000 0.0
vt 0.000000 0.000000 0.0
vt 0.710498 0.000000 0.0
vt 1.000000 0.000000 0.0
vt 1.000000 0.000000 0.0
vt 0.708327 0.000000 0.0
vt 1.000000 0.000000 0.0
vt 0.705416 0.000000 0.0
vt 1.000000 0.000000 0.0
vt 0.697399 0.000000 0.0
vt 1.000000 0.000000 0.0
vt 0.680539 0.000000 0.0
vt 1.000000 0.000000 0.0
vt 0.641069 0.000000 0.0
vt 1.000000 0.000000 0.0
vt 0.575132 0.000000 0.0
vt 1.000000 0.000000 0.0
vt 0.500000 0.000000 0.0
vt 0.000000 0.000000 0.0
vt 0.000000 0.000000 0.0
vt 0.424867 0.000000 0.0
vt 0.000000 0.000000 0.0
vt 0.358931 0.000000 0.0
vt 0.000000 0.000000 0.0
vt 0.319460 0.000000 0.0
vt 0.000000 0.000000 0.0
vt 0.302600 0.000000 0.0
vt 0.000000 0.000000 0.0
vt 0.294584 0.000000 0.0
vt 0.000000 0.000000 0.0
vt 0.291673 0.000000 0.0
vt 0.000000 0.000000 0.0
vt 0.289501 0.000000 0.0
vt 0.000000 0.000000 0.0
vt 0.000000 0.000000 0.0
vt 0.288983 0.000000 0.0
vt 0.000000 0.000000 0.0
vt 0.291521 0.000000 0.0
vt 0.300257 0.000000 0.0
vt 0.291673 1.000000 0.0
vt 0.000000 1.000000 0.0
vt 0.289501 1.000000 0.0
vt 0.000000 1.000000 0.0
vt 0.000000 1.000000 0.0
vt 0.000000 1.000000 0.0
vt 0.294584 1.000000 0.0
vt 0.288983 1.000000 0.0
vt 0.000000 1.000000 0.0
vt 0.000000 1.000000 0.0
vt 0.302600 1.000000 0.0
vt 0.291521 1.000000 0.0
vt 0.000000 1.000000 0.0
vt 0.000000 1.000000 0.0
vt 0.319460 1.000000 0.0
vt 0.300284 1.000000 0.0
vt 0.000000 1.000000 0.0
vt 0.000000 1.000000 0.0
vt 0.358931 1.000000 0.0
vt 0.318847 1.000000 0.0
vt 0.000000 1.000000 0.0
vt 0.000000 1.000000 0.0
vt 0.424867 1.000000 0.0
vt 0.349374 1.000000 0.0
vt 0.000000 1.000000 0.0
vt 0.000000 1.000000 0.0
vt 0.500000 1.000000 0.0
vt 0.000000 1.000000 0.0
vt 1.000000 1.000000 0.0
vt 0.377162 1.000000 0.0
vt 1.000000 1.000000 0.0
vt 0.000000 1.000000 0.0
vt 0.575132 1.000000 0.0
vt 0.420933 1.000000 0.0
vt 1.000000 1.000000 0.0
vt 0.500000 1.000000 0.0
vt 0.641069 1.000000 0.0
vt 0.500000 1.000000 0.0
vt 1.000000 1.000000 0.0
vt 0.579066 1.000000 0.0
vt 0.680539 1.000000 0.0
vt 1.000000 1.000000 0.0
vt 1.000000 1.000000 0.0
vt 0.622837 1.000000 0.0
vt 0.697399 1.000000 0.0
vt 1.000000 1.000000 0.0
vt 1.000000 1.000000 0.0
vt 0.650625 1.000000 0.0
vt 0.705416 1.000000 0.0
vt 1.000000 1.000000 0.0
vt 1.000000 1.000000 0.0
vt 1.000000 1.000000 0.0
vt 0.708327 1.000000 0.0
vt 0.681153 1.000000 0.0
vt 1.000000 1.000000 0.0
vt 1.000000 1.000000 0.0
vt 0.710499 1.000000 0.0
vt 0.699716 1.000000 0.0
vt 1.000000 1.000000 0.0
vt 1.000000 1.000000 0.0
vt 1.000000 1.000000 0.0
vt 0.701953 1.000000 0.0
vt 0.711017 1.000000 0.0
vt 0.708478 1.000000 0.0
vt 1.000000 1.000000 0.0
vt 0.000000 0.285329 0.0
vt 0.500000 0.714671 0.0
vt 0.500000 0.285329 0.0
vt 0.000000 0.714671 0.0
vt 1.000000 0.000000 0.0
vt 0.650625 0.000000 0.0
vt 1.000000 0.000000 0.0
vt 0.681153 0.000000 0.0
vt 0.622837 0.000000 0.0
vt 1.000000 0.000000 0.0
vt 1.000000 0.000000 0.0
vt 0.699716 0.000000 0.0
vt 0.579066 0.000000 0.0
vt 1.000000 0.000000 0.0
vt 0.500000 0.000000 0.0
vt 1.000000 0.000000 0.0
vt 0.500000 0.000000 0.0
vt 0.708478 0.000000 0.0
vt 0.420933 0.000000 0.0
vt 1.000000 0.000000 0.0
vt 0.000000 0.000000 0.0
vt 0.711017 0.000000 0.0
vt 0.377162 0.000000 0.0
vt 1.000000 0.000000 0.0
vt 0.000000 0.000000 0.0
vt 0.710498 0.000000 0.0
vt 0.349374 0.000000 0.0
vt 1.000000 0.000000 0.0
vt 0.000000 0.000000 0.0
vt 1.000000 0.000000 0.0
vt 0.318847 0.000000 0.0
vt 0.708327 0.000000 0.0
vt 0.000000 0.000000 0.0
vt 1.000000 0.000000 0.0
vt 0.300284 0.000000 0.0
vt 0.000000 0.000000 0.0
vt 0.000000 0.000000 0.0
vt 0.705416 0.000000 0.0
vt 1.000000 0.000000 0.0
vt 0.697399 0.000000 0.0
vt 1.000000 0.000000 0.0
vt 0.680539 0.000000 0.0
vt 1.000000 0.000000 0.0
vt 0.641069 0.000000 0.0
vt 1.000000 0.000000 0.0
vt 1.000000 0.000000 0.0
vt 0.575132 0.000000 0.0
vt 0.000000 0.000000 0.0
vt 0.500000 0.000000 0.0
vt 0.424867 0.000000 0.0
vt 0.000000 0.000000 0.0
vt 0.358931 0.000000 0.0
vt 0.000000 0.000000 0.0
vt 0.000000 0.000000 0.0
vt 0.319460 0.000000 0.0
vt 0.000000 0.000000 0.0
vt 0.302600 0.000000 0.0
vt 0.000000 0.000000 0.0
vt 0.294584 0.000000 0.0
vt 0.000000 0.000000 0.0
vt 0.291673 0.000000 0.0
vt 0.000000 0.000000 0.0
vt 0.289501 0.000000 0.0
vt 0.000000 0.000000 0.0
vt 0.000000 0.000000 0.0
vt 0.288983 0.000000 0.0
vt 0.000000 0.000000 0.0
vt 0.291521 0.000000 0.0
vt 0.300257 0.000000 0.0
vt 0.300284 1.000000 0.0
vt 0.000000 1.000000 0.0
vt 0.318847 1.000000 0.0
vt 0.000000 1.000000 0.0
vt 0.000000 1.000000 0.0
vt 0.349374 1.000000 0.0
vt 0.000000 1.000000 0.0
vt 0.000000 1.000000 0.0
vt 0.291521 1.000000 0.0
vt 0.377162 1.000000 0.0
vt 0.000000 1.000000 0.0
vt 0.000000 1.000000 0.0
vt 0.288983 1.000000 0.0
vt 0.420933 1.000000 0.0
vt 0.000000 1.000000 0.0
vt 0.500000 1.000000 0.0
vt 0.289501 1.000000 0.0
vt 0.500000 1.000000 0.0
vt 0.000000 1.000000 0.0
vt 0.579066 1.000000 0.0
vt 0.000000 1.000000 0.0
vt 1.000000 1.000000 0.0
vt 0.291673 1.000000 0.0
vt 0.622837 1.000000 0.0
vt 0.000000 1.000000 0.0
vt 1.000000 1.000000 0.0
vt 0.294584 1.000000 0.0
vt 0.650625 1.000000 0.0
vt 0.000000 1.000000 0.0
vt 1.000000 1.000000 0.0
vt 0.302600 1.000000 0.0
vt 0.681153 1.000000 0.0
vt 0.000000 1.000000 0.0
vt 1.000000 1.000000 0.0
vt 0.319460 1.000000 0.0
vt 0.699716 1.000000 0.0
vt 0.000000 1.000000 0.0
vt 1.000000 1.000000 0.0
vt 0.358931 1.000000 0.0
vt 0.701953 1.000000 0.0
vt 0.000000 1.000000 0.0
vt 1.000000 1.000000 0.0
vt 0.000000 1.000000 0.0
vt 0.708478 1.000000 0.0
vt 0.424867 1.000000 0.0
vt 1.000000 1.000000 0.0
vt 1.000000 1.000000 0.0
vt 0.711017 1.000000 0.0
vt 0.500000 1.000000 0.0
vt 1.000000 1.000000 0.0
vt 0.575132 1.000000 0.0
vt 0.710499 1.000000 0.0
vt 1.000000 1.000000 0.0
vt 1.000000 1.000000 0.0
vt 0.641069 1.000000 0.0
vt 1.000000 1.000000 0.0
vt 1.000000 1.000000 0.0
vt 0.708327 1.000000 0.0
vt 1.000000 1.000000 0.0
vt 1.000000 1.000000 0.0
vt 0.680539 1.000000 0.0
vt 0.705416 1.000000 0.0
vt 1.000000 1.000000 0.0
vt 1.000000 1.000000 0.0
vt 0.697399 1.000000 0.0
vt 1.000000 0.000000 0.0
vt 0.650625 0.000000 0.0
vt 1.000000 0.000000 0.0
vt 1.000000 0.000000 0.0
vt 0.681153 0.000000 0.0
vt 0.622837 0.000000 0.0
vt 1.000000 0.000000 0.0
vt 1.000000 0.000000 0.0
vt 0.699716 0.000000 0.0
vt 0.579066 0.000000 0.0
vt 1.000000 0.000000 0.0
vt 0.500000 0.000000 0.0
vt 0.708478 0.000000 0.0
vt 0.500000 0.000000 0.0
vt 1.000000 0.000000 0.0
vt 0.420933 0.000000 0.0
vt 0.711017 0.000000 0.0
vt 0.000000 0.000000 0.0
vt 1.000000 0.000000 0.0
vt 0.377162 0.000000 0.0
vt 0.710498 0.000000 0.0
vt 0.000000 0.000000 0.0
vt 1.000000 0.000000 0.0
vt 0.349374 0.000000 0.0
vt 1.000000 0.000000 0.0
vt 0.000000 0.000000 0.0
vt 0.708327 0.000000 0.0
vt 0.000000 0.000000 0.0
vt 1.000000 0.000000 0.0
vt 0.318847 0.000000 0.0
vt 0.705416 0.000000 0.0
vt 0.000000 0.000000 0.0
vt 0.300284 0.000000 0.0
vt 0.000000 0.000000 0.0
vt 1.000000 0.000000 0.0
vt 0.697399 0.000000 0.0
vt 1.000000 0.000000 0.0
vt 0.680539 0.000000 0.0
vt 1.000000 0.000000 0.0
vt 0.641069 0.000000 0.0
vt 1.000000 0.000000 0.0
vt 0.575132 0.000000 0.0
vt 1.000000 0.000000 0.0
vt 0.500000 0.000000 0.0
vt 0.000000 0.000000 0.0
vt 0.000000 0.000000 0.0
vt 0.424867 0.000000 0.0
vt 0.000000 0.000000 0.0
vt 0.358931 0.000000 0.0
vt 0.000000 0.000000 0.0
vt 0.319460 0.000000 0.0
vt 0.000000 0.000000 0.0
vt 0.302600 0.000000 0.0
vt 0.000000 0.000000 0.0
vt 0.294584 0.000000 0.0
vt 0.000000 0.000000 0.0
vt 0.291673 0.000000 0.0
vt 0.000000 0.000000 0.0
vt 0.289501 0.000000 0.0
vt 0.000000 0.000000 0.0
vt 0.000000 0.000000 0.0
vt 0.288983 0.000000 0.0
vt 0.000000 0.000000 0.0
vt 0.291521 0.000000 0.0
vt 0.300257 0.000000 0.0
vt 0.300284 1.000000 0.0
vt 0.000000 1.000000 0.0
vt 0.318847 1.000000 0.0
vt 0.000000 1.000000 0.0
vt 0.000000 1.000000 0.0
vt 0.349374 1.000000 0.0
vt 0.291521 1.000000 0.0
vt 0.000000 1.000000 0.0
vt 0.000000 1.000000 0.0
vt 0.000000 1.000000 0.0
vt 0.288983 1.000000 0.0
vt 0.377162 1.000000 0.0
vt 0.000000 1.000000 0.0
vt 0.000000 1.000000 0.0
vt 0.289501 1.000000 0.0
vt 0.420933 1.000000 0.0
vt 0.000000 1.000000 0.0
vt 0.500000 1.000000 0.0
vt 0.000000 1.000000 0.0
vt 0.500000 1.000000 0.0
vt 0.291673 1.000000 0.0
vt 0.579066 1.000000 0.0
vt 0.000000 1.000000 0.0
vt 1.000000 1.000000 0.0
vt 0.294584 1.000000 0.0
vt 0.622837 1.000000 0.0
vt 0.000000 1.000000 0.0
vt 1.000000 1.000000 0.0
vt 0.302600 1.000000 0.0
vt 0.650625 1.000000 0.0
vt 0.000000 1.000000 0.0
vt 1.000000 1.000000 0.0
vt 0.319460 1.000000 0.0
vt 1.000000 1.000000 0.0
vt 0.000000 1.000000 0.0
vt 0.681153 1.000000 0.0
vt 0.358931 1.000000 0.0
vt 1.000000 1.000000 0.0
vt 0.000000 1.000000 0.0
vt 0.699716 1.000000 0.0
vt 0.424867 1.000000 0.0
vt 1.000000 1.000000 0.0
vt 0.000000 1.000000 0.0
vt 0.701953 1.000000 0.0
vt 0.500000 1.000000 0.0
vt 0.708478 1.000000 0.0
vt 1.000000 1.000000 0.0
vt 1.000000 1.000000 0.0
vt 1.000000 1.000000 0.0
vt 0.711017 1.000000 0.0
vt 0.575132 1.000000 0.0
vt 1.000000 1.000000 0.0
vt 1.000000 1.000000 0.0
vt 0.710499 1.000000 0.0
vt 0.641069 1.000000 0.0
vt 1.000000 1.000000 0.0
vt 1.000000 1.000000 0.0
vt 1.000000 1.000000 0.0
vt 0.680539 1.000000 0.0
vt 0.708327 1.000000 0.0
vt 1.000000 1.000000 0.0
vt 1.000000 1.000000 0.0
vt 0.697399 1.000000 0.0
vt 0.705416 1.000000 0.0
vt 1.000000 1.000000 0.0
vt 0.000000 0.000000 0.0
vt 0.000000 1.000000 0.0
vt 0.000000 1.000000 0.0
vt 0.000000 0.000000 0.0
vt 0.000000 1.000000 0.0
vt 0.000000 0.000000 0.0
vt 0.000000 0.000000 0.0
vt 0.000000 1.000000 0.0
vt 1.000000 0.285329 0.0
vt 1.000000 0.714671 0.0
vt 1.000000 0.285329 0.0
vt 1.000000 0.714671 0.0
vt 1.000000 0.000000 0.0
vt 0.622837 0.000000 0.0
vt 1.000000 0.000000 0.0
vt 0.650625 0.000000 0.0
vt 0.579066 0.000000 0.0
vt 1.000000 0.000000 0.0
vt 0.500000 0.000000 0.0
vt 0.681153 0.000000 0.0
vt 0.500000 0.000000 0.0
vt 1.000000 0.000000 0.0
vt 0.420933 0.000000 0.0
vt 0.699716 0.000000 0.0
vt 0.000000 0.000000 0.0
vt 1.000000 0.000000 0.0
vt 0.377162 0.000000 0.0
vt 1.000000 0.000000 0.0
vt 0.000000 0.000000 0.0
vt 0.708478 0.000000 0.0
vt 0.349374 0.000000 0.0
vt 1.000000 0.000000 0.0
vt 0.000000 0.000000 0.0
vt 0.711017 0.000000 0.0
vt 0.318847 0.000000 0.0
vt 1.000000 0.000000 0.0
vt 0.000000 0.000000 0.0
vt 0.710498 0.000000 0.0
vt 0.300284 0.000000 0.0
vt 0.000000 0.000000 0.0
vt 0.000000 0.000000 0.0
vt 1.000000 0.000000 0.0
vt 1.000000 0.000000 0.0
vt 0.708327 0.000000 0.0
vt 1.000000 0.000000 0.0
vt 0.705416 0.000000 0.0
vt 1.000000 0.000000 0.0
vt 0.697399 0.000000 0.0
vt 1.000000 0.000000 0.0
vt 0.680539 0.000000 0.0
vt 1.000000 0.000000 0.0
vt 0.641069 0.000000 0.0
vt 1.000000 0.000000 0.0
vt 0.575132 0.000000 0.0
vt 1.000000 0.000000 0.0
vt 0.000000 0.000000 0.0
vt 0.500000 0.000000 0.0
vt 0.424867 0.000000 0.0
vt 0.000000 0.000000 0.0
vt 0.000000 0.000000 0.0
vt 0.358931 0.000000 0.0
vt 0.000000 0.000000 0.0
vt 0.319460 0.000000 0.0
vt 0.000000 0.000000 0.0
vt 0.302600 0.000000 0.0
vt 0.000000 0.000000 0.0
vt 0.294584 0.000000 0.0
vt 0.000000 0.000000 0.0
vt 0.291673 0.000000 0.0
vt 0.000000 0.000000 0.0
vt 0.289501 0.000000 0.0
vt 0.000000 0.000000 0.0
vt 0.000000 0.000000 0.0
vt 0.288983 0.000000 0.0
vt 0.000000 0.000000 0.0
vt 0.291521 0.000000 0.0
vt 0.300257 0.000000 0.0
vt 1.000000 0.000000 0.0
vt 0.650625 0.000000 0.0
vt 1.000000 0.000000 0.0
vt 1.000000 0.000000 0.0
vt 0.681153 0.000000 0.0
vt 0.622837 0.000000 0.0
vt 1.000000 0.000000 0.0
vt 1.000000 0.000000 0.0
vt 0.699716 0.000000 0.0
vt 0.579066 0.000000 0.0
vt 1.000000 0.000000 0.0
vt 0.500000 0.000000 0.0
vt 0.708478 0.000000 0.0
vt 0.500000 0.000000 0.0
vt 1.000000 0.000000 0.0
vt 0.420933 0.000000 0.0
vt 0.711017 0.000000 0.0
vt 0.000000 0.000000 0.0
vt 1.000000 0.000000 0.0
vt 0.377162 0.000000 0.0
vt 0.710498 0.000000 0.0
vt 0.000000 0.000000 0.0
vt 1.000000 0.000000 0.0
vt 0.349374 0.000000 0.0
vt 1.000000 0.000000 0.0
vt 0.000000 0.000000 0.0
vt 0.708327 0.000000 0.0
vt 0.000000 0.000000 0.0
vt 1.000000 0.000000 0.0
vt 0.318847 0.000000 0.0
vt 0.705416 0.000000 0.0
vt 0.000000 0.000000 0.0
vt 0.300284 0.000000 0.0
vt 0.000000 0.000000 0.0
vt 1.000000 0.000000 0.0
vt 0.697399 0.000000 0.0
vt 1.000000 0.000000 0.0
vt 0.680539 0.000000 0.0
vt 1.000000 0.000000 0.0
vt 0.641069 0.000000 0.0
vt 1.000000 0.000000 0.0
vt 0.575132 0.000000 0.0
vt 1.000000 0.000000 0.0
vt 0.500000 0.000000 0.0
vt 0.000000 0.000000 0.0
vt 0.000000 0.000000 0.0
vt 0.424867 0.000000 0.0
vt 0.000000 0.000000 0.0
vt 0.358931 0.000000 0.0
vt 0.000000 0.000000 0.0
vt 0.319460 0.000000 0.0
vt 0.000000 0.000000 0.0
vt 0.302600 0.000000 0.0
vt 0.000000 0.000000 0.0
vt 0.294584 0.000000 0.0
vt 0.000000 0.000000 0.0
vt 0.291673 0.000000 0.0
vt 0.000000 0.000000 0.0
vt 0.289501 0.000000 0.0
vt 0.000000 0.000000 0.0
vt 0.000000 0.000000 0.0
vt 0.288983 0.000000 0.0
vt 0.000000 0.000000 0.0
vt 0.291521 0.000000 0.0
vt 0.300257 0.000000 0.0
vt 0.300284 1.000000 0.0
vt 0.000000 1.000000 0.0
vt 0.318847 1.000000 0.0
vt 0.000000 1.000000 0.0
vt 0.000000 1.000000 0.0
vt 0.349374 1.000000 0.0
vt 0.291521 1.000000 0.0
vt 0.000000 1.000000 0.0
vt 0.000000 1.000000 0.0
vt 0.000000 1.000000 0.0
vt 0.288983 1.000000 0.0
vt 0.377162 1.000000 0.0
vt 0.000000 1.000000 0.0
vt 0.000000 1.000000 0.0
vt 0.289501 1.000000 0.0
vt 0.420933 1.000000 0.0
vt 0.000000 1.000000 0.0
vt 0.500000 1.000000 0.0
vt 0.000000 1.000000 0.0
vt 0.500000 1.000000 0.0
vt 0.291673 1.000000 0.0
vt 0.579066 1.000000 0.0
vt 0.000000 1.000000 0.0
vt 1.000000 1.000000 0.0
vt 0.294584 1.000000 0.0
vt 0.622837 1.000000 0.0
vt 0.000000 1.000000 0.0
vt 1.000000 1.000000 0.0
vt 0.302600 1.000000 0.0
vt 0.650625 1.000000 0.0
vt 0.000000 1.000000 0.0
vt 1.000000 1.000000 0.0
vt 0.319460 1.000000 0.0
vt 1.000000 1.000000 0.0
vt 0.000000 1.000000 0.0
vt 0.681153 1.000000 0.0
vt 0.358931 1.000000 0.0
vt 1.000000 1.000000 0.0
vt 0.000000 1.000000 0.0
vt 0.699716 1.000000 0.0
vt 0.424867 1.000000 0.0
vt 1.000000 1.000000 0.0
vt 0.000000 1.000000 0.0
vt 0.701953 1.000000 0.0
vt 0.500000 1.000000 0.0
vt 0.708478 1.000000 0.0
vt 1.000000 1.000000 0.0
vt 1.000000 1.000000 0.0
vt 1.000000 1.000000 0.0
vt 0.711017 1.000000 0.0
vt 0.575132 1.000000 0.0
vt 1.000000 1.000000 0.0
vt 1.000000 1.000000 0.0
vt 0.710499 1.000000 0.0
vt 0.641069 1.000000 0.0
vt 1.000000 1.000000 0.0
vt 1.000000 1.000000 0.0
vt 1.000000 1.000000 0.0
vt 0.680539 1.000000 0.0
vt 0.708327 1.000000 0.0
vt 1.000000 1.000000 0.0
vt 1.000000 1.000000 0.0
vt 0.697399 1.000000 0.0
vt 0.705416 1.000000 0.0
vt 1.000000 1.000000 0.0
vt 1.000000 0.000000 0.0
vt 0.650625 0.000000 0.0
vt 1.000000 0.000000 0.0
vt 1.000000 0.000000 0.0
vt 0.681153 0.000000 0.0
vt 0.622837 0.000000 0.0
vt 1.000000 0.000000 0.0
vt 1.000000 0.000000 0.0
vt 0.699716 0.000000 0.0
vt 0.579066 0.000000 0.0
vt 1.000000 0.000000 0.0
vt 0.500000 0.000000 0.0
vt 0.708478 0.000000 0.0
vt 0.500000 0.000000 0.0
vt 1.000000 0.000000 0.0
vt 0.420933 0.000000 0.0
vt 0.711017 0.000000 0.0
vt 0.000000 0.000000 0.0
vt 1.000000 0.000000 0.0
vt 0.377162 0.000000 0.0
vt 0.710498 0.000000 0.0
vt 0.000000 0.000000 0.0
vt 1.000000 0.000000 0.0
vt 0.349374 0.000000 0.0
vt 1.000000 0.000000 0.0
vt 0.000000 0.000000 0.0
vt 0.708327 0.000000 0.0
vt 0.000000 0.000000 0.0
vt 1.000000 0.000000 0.0
vt 0.318847 0.000000 0.0
vt 0.705416 0.000000 0.0
vt 0.000000 0.000000 0.0
vt 0.300284 0.000000 0.0
vt 0.000000 0.000000 0.0
vt 1.000000 0.000000 0.0
vt 0.697399 0.000000 0.0
vt 1.000000 0.000000 0.0
vt 0.680539 0.000000 0.0
vt 1.000000 0.000000 0.0
vt 0.641069 0.000000 0.0
vt 1.000000 0.000000 0.0
vt 0.575132 0.000000 0.0
vt 1.000000 0.000000 0.0
vt 0.500000 0.000000 0.0
vt 0.000000 0.000000 0.0
vt 0.000000 0.000000 0.0
vt 0.424867 0.000000 0.0
vt 0.000000 0.000000 0.0
vt 0.358931 0.000000 0.0
vt 0.000000 0.000000 0.0
vt 0.319460 0.000000 0.0
vt 0.000000 0.000000 0.0
vt 0.302600 0.000000 0.0
vt 0.000000 0.000000 0.0
vt 0.294584 0.000000 0.0
vt 0.000000 0.000000 0.0
vt 0.291673 0.000000 0.0
vt 0.000000 0.000000 0.0
vt 0.289501 0.000000 0.0
vt 0.000000 0.000000 0.0
vt 0.000000 0.000000 0.0
vt 0.288983 0.000000 0.0
vt 0.000000 0.000000 0.0
vt 0.291521 0.000000 0.0
vt 0.300257 0.000000 0.0
vt 0.291521 1.000000 0.0
vt 0.000000 1.000000 0.0
vt 0.300284 1.000000 0.0
vt 0.000000 1.000000 0.0
vt 0.000000 1.000000 0.0
vt 0.000000 1.000000 0.0
vt 0.288983 1.000000 0.0
vt 0.318847 1.000000 0.0
vt 0.000000 1.000000 0.0
vt 0.000000 1.000000 0.0
vt 0.289501 1.000000 0.0
vt 0.349374 1.000000 0.0
vt 0.000000 1.000000 0.0
vt 0.000000 1.000000 0.0
vt 0.000000 1.000000 0.0
vt 0.377162 1.000000 0.0
vt 0.291673 1.000000 0.0
vt 0.000000 1.000000 0.0
vt 0.000000 1.000000 0.0
vt 0.420933 1.000000 0.0
vt 0.294584 1.000000 0.0
vt 0.500000 1.000000 0.0
vt 0.000000 1.000000 0.0
vt 0.500000 1.000000 0.0
vt 0.302600 1.000000 0.0
vt 0.579066 1.000000 0.0
vt 0.000000 1.000000 0.0
vt 1.000000 1.000000 0.0
vt 0.319460 1.000000 0.0
vt 0.622837 1.000000 0.0
vt 0.000000 1.000000 0.0
vt 1.000000 1.000000 0.0
vt 0.358931 1.000000 0.0
vt 0.650625 1.000000 0.0
vt 0.000000 1.000000 0.0
vt 1.000000 1.000000 0.0
vt 0.424867 1.000000 0.0
vt 0.681153 1.000000 0.0
vt 0.000000 1.000000 0.0
vt 1.000000 1.000000 0.0
vt 1.000000 1.000000 0.0
vt 0.699716 1.000000 0.0
vt 0.500000 1.000000 0.0
vt 1.000000 1.000000 0.0
vt 0.575132 1.000000 0.0
vt 0.701953 1.000000 0.0
vt 1.000000 1.000000 0.0
vt 1.000000 1.000000 0.0
vt 1.000000 1.000000 0.0
vt 0.708478 1.000000 0.0
vt 0.641069 1.000000 0.0
vt 1.000000 1.000000 0.0
vt 1.000000 1.000000 0.0
vt 0.711017 1.000000 0.0
vt 0.680539 1.000000 0.0
vt 1.000000 1.000000 0.0
vt 1.000000 1.000000 0.0
vt 0.710499 1.000000 0.0
vt 0.697399 1.000000 0.0
vt 1.000000 1.000000 0.0
vt 1.000000 1.000000 0.0
vt 1.000000 1.000000 0.0
vt 0.705416 1.000000 0.0
vt 0.708327 1.000000 0.0
vt 1.000000 1.000000 0.0
vt 1.000000 0.285329 0.0
vt 1.000000 0.714671 0.0
vt 1.000000 0.714671 0.0
vt 1.000000 0.285329 0.0
vt 1.000000 0.714671 0.0
vt 1.000000 0.285329 0.0
vt 0.300284 1.000000 0.0
vt 0.000000 1.000000 0.0
vt 0.318847 1.000000 0.0
vt 0.000000 1.000000 0.0
vt 0.000000 1.000000 0.0
vt 0.349374 1.000000 0.0
vt 0.291521 1.000000 0.0
vt 0.000000 1.000000 0.0
vt 0.000000 1.000000 0.0
vt 0.000000 1.000000 0.0
vt 0.288983 1.000000 0.0
vt 0.377162 1.000000 0.0
vt 0.000000 1.000000 0.0
vt 0.000000 1.000000 0.0
vt 0.289501 1.000000 0.0
vt 0.420933 1.000000 0.0
vt 0.000000 1.000000 0.0
vt 0.500000 1.000000 0.0
vt 0.000000 1.000000 0.0
vt 0.500000 1.000000 0.0
vt 0.291673 1.000000 0.0
vt 0.579066 1.000000 0.0
vt 0.000000 1.000000 0.0
vt 1.000000 1.000000 0.0
vt 0.294584 1.000000 0.0
vt 0.622837 1.000000 0.0
vt 0.000000 1.000000 0.0
vt 1.000000 1.000000 0.0
vt 0.302600 1.000000 0.0
vt 0.650625 1.000000 0.0
vt 0.000000 1.000000 0.0
vt 1.000000 1.000000 0.0
vt 0.319460 1.000000 0.0
vt 1.000000 1.000000 0.0
vt 0.000000 1.000000 0.0
vt 0.681153 1.000000 0.0
vt 0.358931 1.000000 0.0
vt 1.000000 1.000000 0.0
vt 0.000000 1.000000 0.0
vt 0.699716 1.000000 0.0
vt 0.424867 1.000000 0.0
vt 1.000000 1.000000 0.0
vt 0.000000 1.000000 0.0
vt 0.701953 1.000000 0.0
vt 0.500000 1.000000 0.0
vt 0.708478 1.000000 0.0
vt 1.000000 1.000000 0.0
vt 1.000000 1.000000 0.0
vt 1.000000 1.000000 0.0
vt 0.711017 1.000000 0.0
vt 0.575132 1.000000 0.0
vt 1.000000 1.000000 0.0
vt 1.000000 1.000000 0.0
vt 0.710499 1.000000 0.0
vt 0.641069 1.000000 0.0
vt 1.000000 1.000000 0.0
vt 1.000000 1.000000 0.0
vt 1.000000 1.000000 0.0
vt 0.680539 1.000000 0.0
vt 0.708327 1.000000 0.0
vt 1.000000 1.000000 0.0
vt 1.000000 1.000000 0.0
vt 0.697399 1.000000 0.0
vt 0.705416 1.000000 0.0
vt 1.000000 1.000000 0.0
vt 0.375000 0.500000 0.0
vt 0.625000 0.250000 0.0
vt 0.625000 0.500000 0.0
vt 0.375000 0.250000 0.0
vt 0.000000 0.000000 0.0
vt 0.000000 1.000000 0.0
vt 0.000000 1.000000 0.0
vt 0.000000 0.000000 0.0
vt 0.000000 0.285329 0.0
vt 0.000000 0.714671 0.0
vt 0.000000 0.714671 0.0
vt 0.000000 0.285329 0.0
vt 0.000000 0.285329 0.0
vt 0.000000 0.714671 0.0
vt 0.000000 0.285329 0.0
vt 0.500000 0.285329 0.0
vt 0.500000 0.714671 0.0
vt 1.000000 0.285329 0.0
vt 1.000000 0.714671 0.0
vt 0.625000 1.000000 0.0
vt 0.375000 1.000000 0.0
vt 0.375000 0.750000 0.0
vt 0.625000 0.750000 0.0
vt 1.000000 0.000000 0.0
vt 0.500000 1.000000 0.0
vt 0.500000 0.000000 0.0
vt 1.000000 1.000000 0.0
vt 0.000000 1.000000 0.0
vt 0.000000 0.000000 0.0
vt 1.000000 1.000000 0.0
vt 1.000000 0.000000 0.0
vt 1.000000 1.000000 0.0
vt 0.000000 1.000000 0.0
vt 0.000000 1.000000 0.0
vt 0.000000 0.000000 0.0
vt 0.000000 0.000000 0.0
vt 0.000000 0.000000 0.0
vt 0.000000 1.000000 0.0
vt 0.000000 1.000000 0.0
vt 0.000000 0.000000 0.0
vt 1.000000 0.000000 0.0
vt 1.000000 0.000000 0.0
vt 1.000000 1.000000 0.0
vt 1.000000 1.000000 0.0
vt 1.000000 0.000000 0.0
vt 1.000000 0.000000 0.0
vt 1.000000 1.000000 0.0
vt 1.000000 0.000000 0.0
vt 0.000000 0.000000 0.0
vt 0.000000 0.000000 0.0
vt 0.000000 0.000000 0.0
vt 0.000000 0.000000 0.0
vt 0.000000 0.000000 0.0
vt 0.000000 0.000000 0.0
vt 0.000000 0.000000 0.0
vt 0.000000 0.000000 0.0
vt 0.000000 0.285329 0.0
vt 0.000000 0.714671 0.0
vt 0.000000 0.285329 0.0
vt 0.000000 0.714671 0.0
vt 1.000000 0.000000 0.0
vt 0.622837 0.000000 0.0
vt 1.000000 0.000000 0.0
vt 0.579066 0.000000 0.0
vt 0.650625 0.000000 0.0
vt 0.500000 0.000000 0.0
vt 1.000000 0.000000 0.0
vt 0.500000 0.000000 0.0
vt 1.000000 0.000000 0.0
vt 0.420933 0.000000 0.0
vt 0.681153 0.000000 0.0
vt 0.000000 0.000000 0.0
vt 1.000000 0.000000 0.0
vt 0.377162 0.000000 0.0
vt 0.699716 0.000000 0.0
vt 0.000000 0.000000 0.0
vt 1.000000 0.000000 0.0
vt 0.349374 0.000000 0.0
vt 0.708478 0.000000 0.0
vt 0.000000 0.000000 0.0
vt 1.000000 0.000000 0.0
vt 0.000000 0.000000 0.0
vt 0.711017 0.000000 0.0
vt 0.318847 0.000000 0.0
vt 1.000000 0.000000 0.0
vt 0.000000 0.000000 0.0
vt 0.300284 0.000000 0.0
vt 0.000000 0.000000 0.0
vt 0.710498 0.000000 0.0
vt 1.000000 0.000000 0.0
vt 1.000000 0.000000 0.0
vt 0.708327 0.000000 0.0
vt 1.000000 0.000000 0.0
vt 0.705416 0.000000 0.0
vt 1.000000 0.000000 0.0
vt 0.697399 0.000000 0.0
vt 1.000000 0.000000 0.0
vt 0.680539 0.000000 0.0
vt 1.000000 0.000000 0.0
vt 0.641069 0.000000 0.0
vt 1.000000 0.000000 0.0
vt 0.575132 0.000000 0.0
vt 1.000000 0.000000 0.0
vt 0.500000 0.000000 0.0
vt 0.000000 0.000000 0.0
vt 0.000000 0.000000 0.0
vt 0.424867 0.000000 0.0
vt 0.000000 0.000000 0.0
vt 0.358931 0.000000 0.0
vt 0.000000 0.000000 0.0
vt 0.319460 0.000000 0.0
vt 0.000000 0.000000 0.0
vt 0.302600 0.000000 0.0
vt 0.000000 0.000000 0.0
vt 0.294584 0.000000 0.0
vt 0.000000 0.000000 0.0
vt 0.291673 0.000000 0.0
vt 0.000000 0.000000 0.0
vt 0.289501 0.000000 0.0
vt 0.000000 0.000000 0.0
vt 0.000000 0.000000 0.0
vt 0.288983 0.000000 0.0
vt 0.000000 0.000000 0.0
vt 0.291521 0.000000 0.0
vt 0.300257 0.000000 0.0
vt 1.000000 0.285329 0.0
vt 1.000000 0.714671 0.0
vt 1.000000 0.285329 0.0
vt 1.000000 0.714671 0.0
vt 0.000000 0.285329 0.0
vt 0.000000 0.714671 0.0
vt 0.000000 0.285329 0.0
vt 0.000000 0.714671 0.0
vt 0.291673 1.000000 0.0
vt 0.000000 1.000000 0.0
vt 0.289501 1.000000 0.0
vt 0.000000 1.000000 0.0
vt 0.000000 1.000000 0.0
vt 0.000000 1.000000 0.0
vt 0.294584 1.000000 0.0
vt 0.288983 1.000000 0.0
vt 0.000000 1.000000 0.0
vt 0.000000 1.000000 0.0
vt 0.302600 1.000000 0.0
vt 0.291521 1.000000 0.0
vt 0.000000 1.000000 0.0
vt 0.000000 1.000000 0.0
vt 0.319460 1.000000 0.0
vt 0.300284 1.000000 0.0
vt 0.000000 1.000000 0.0
vt 0.000000 1.000000 0.0
vt 0.358931 1.000000 0.0
vt 0.318847 1.000000 0.0
vt 0.000000 1.000000 0.0
vt 0.000000 1.000000 0.0
vt 0.424867 1.000000 0.0
vt 0.349374 1.000000 0.0
vt 0.000000 1.000000 0.0
vt 0.000000 1.000000 0.0
vt 0.500000 1.000000 0.0
vt 0.000000 1.000000 0.0
vt 1.000000 1.000000 0.0
vt 0.377162 1.000000 0.0
vt 1.000000 1.000000 0.0
vt 0.000000 1.000000 0.0
vt 0.575132 1.000000 0.0
vt 0.420933 1.000000 0.0
vt 1.000000 1.000000 0.0
vt 0.500000 1.000000 0.0
vt 0.641069 1.000000 0.0
vt 0.500000 1.000000 0.0
vt 1.000000 1.000000 0.0
vt 0.579066 1.000000 0.0
vt 0.680539 1.000000 0.0
vt 1.000000 1.000000 0.0
vt 1.000000 1.000000 0.0
vt 0.622837 1.000000 0.0
vt 0.697399 1.000000 0.0
vt 1.000000 1.000000 0.0
vt 1.000000 1.000000 0.0
vt 0.650625 1.000000 0.0
vt 0.705416 1.000000 0.0
vt 1.000000 1.000000 0.0
vt 1.000000 1.000000 0.0
vt 1.000000 1.000000 0.0
vt 0.708327 1.000000 0.0
vt 0.681153 1.000000 0.0
vt 1.000000 1.000000 0.0
vt 1.000000 1.000000 0.0
vt 0.710499 1.000000 0.0
vt 0.699716 1.000000 0.0
vt 1.000000 1.000000 0.0
vt 1.000000 1.000000 0.0
vt 1.000000 1.000000 0.0
vt 0.701953 1.000000 0.0
vt 0.711017 1.000000 0.0
vt 0.708478 1.000000 0.0
vt 1.000000 1.000000 0.0
vt 1.000000 0.000000 0.0
vt 1.000000 0.000000 0.0
vt 1.000000 0.000000 0.0
vt 1.000000 0.000000 0.0
vt 0.000000 0.000000 0.0
vt 0.000000 0.000000 0.0
vt 0.000000 0.000000 0.0
vt 1.000000 1.000000 0.0
vt 1.000000 1.000000 0.0
vt 1.000000 1.000000 0.0
vt 1.000000 1.000000 0.0
vt 0.000000 1.000000 0.0
vt 0.000000 1.000000 0.0
vt 0.000000 1.000000 0.0
vt 0.000000 0.714671 0.0
vt 0.000000 0.285329 0.0
vt 0.000000 0.285329 0.0
vt 0.000000 0.714671 0.0
vt 0.000000 0.714671 0.0
vt 0.000000 0.285329 0.0
vt 0.000000 0.714671 0.0
vt 0.000000 0.285329 0.0
vt 0.000000 0.285329 0.0
vt 0.000000 0.714671 0.0
vt 1.000000 0.000000 0.0
vt 0.622837 0.000000 0.0
vt 1.000000 0.000000 0.0
vt 0.579066 0.000000 0.0
vt 0.650625 0.000000 0.0
vt 0.500000 0.000000 0.0
vt 1.000000 0.000000 0.0
vt 0.500000 0.000000 0.0
vt 1.000000 0.000000 0.0
vt 0.420933 0.000000 0.0
vt 0.681153 0.000000 0.0
vt 0.000000 0.000000 0.0
vt 1.000000 0.000000 0.0
vt 0.377162 0.000000 0.0
vt 0.699716 0.000000 0.0
vt 0.000000 0.000000 0.0
vt 1.000000 0.000000 0.0
vt 0.349374 0.000000 0.0
vt 0.708478 0.000000 0.0
vt 0.000000 0.000000 0.0
vt 1.000000 0.000000 0.0
vt 0.000000 0.000000 0.0
vt 0.711017 0.000000 0.0
vt 0.318847 0.000000 0.0
vt 1.000000 0.000000 0.0
vt 0.000000 0.000000 0.0
vt 0.300284 0.000000 0.0
vt 0.000000 0.000000 0.0
vt 0.710498 0.000000 0.0
vt 1.000000 0.000000 0.0
vt 1.000000 0.000000 0.0
vt 0.708327 0.000000 0.0
vt 1.000000 0.000000 0.0
vt 0.705416 0.000000 0.0
vt 1.000000 0.000000 0.0
vt 0.697399 0.000000 0.0
vt 1.000000 0.000000 0.0
vt 0.680539 0.000000 0.0
vt 1.000000 0.000000 0.0
vt 0.641069 0.000000 0.0
vt 1.000000 0.000000 0.0
vt 0.575132 0.000000 0.0
vt 1.000000 0.000000 0.0
vt 0.500000 0.000000 0.0
vt 0.000000 0.000000 0.0
vt 0.000000 0.000000 0.0
vt 0.424867 0.000000 0.0
vt 0.000000 0.000000 0.0
vt 0.358931 0.000000 0.0
vt 0.000000 0.000000 0.0
vt 0.319460 0.000000 0.0
vt 0.000000 0.000000 0.0
vt 0.302600 0.000000 0.0
vt 0.000000 0.000000 0.0
vt 0.294584 0.000000 0.0
vt 0.000000 0.000000 0.0
vt 0.291673 0.000000 0.0
vt 0.000000 0.000000 0.0
vt 0.289501 0.000000 0.0
vt 0.000000 0.000000 0.0
vt 0.000000 0.000000 0.0
vt 0.288983 0.000000 0.0
vt 0.000000 0.000000 0.0
vt 0.291521 0.000000 0.0
vt 0.300257 0.000000 0.0
vt 0.291673 1.000000 0.0
vt 0.000000 1.000000 0.0
vt 0.289501 1.000000 0.0
vt 0.000000 1.000000 0.0
vt 0.000000 1.000000 0.0
vt 0.000000 1.000000 0.0
vt 0.294584 1.000000 0.0
vt 0.288983 1.000000 0.0
vt 0.000000 1.000000 0.0
vt 0.000000 1.000000 0.0
vt 0.302600 1.000000 0.0
vt 0.291521 1.000000 0.0
vt 0.000000 1.000000 0.0
vt 0.000000 1.000000 0.0
vt 0.319460 1.000000 0.0
vt 0.300284 1.000000 0.0
vt 0.000000 1.000000 0.0
vt 0.000000 1.000000 0.0
vt 0.358931 1.000000 0.0
vt 0.318847 1.000000 0.0
vt 0.000000 1.000000 0.0
vt 0.000000 1.000000 0.0
vt 0.424867 1.000000 0.0
vt 0.349374 1.000000 0.0
vt 0.000000 1.000000 0.0
vt 0.000000 1.000000 0.0
vt 0.500000 1.000000 0.0
vt 0.000000 1.000000 0.0
vt 1.000000 1.000000 0.0
vt 0.377162 1.000000 0.0
vt 1.000000 1.000000 0.0
vt 0.000000 1.000000 0.0
vt 0.575132 1.000000 0.0
vt 0.420933 1.000000 0.0
vt 1.000000 1.000000 0.0
vt 0.500000 1.000000 0.0
vt 0.641069 1.000000 0.0
vt 0.500000 1.000000 0.0
vt 1.000000 1.000000 0.0
vt 0.579066 1.000000 0.0
vt 0.680539 1.000000 0.0
vt 1.000000 1.000000 0.0
vt 1.000000 1.000000 0.0
vt 0.622837 1.000000 0.0
vt 0.697399 1.000000 0.0
vt 1.000000 1.000000 0.0
vt 1.000000 1.000000 0.0
vt 0.650625 1.000000 0.0
vt 0.705416 1.000000 0.0
vt 1.000000 1.000000 0.0
vt 1.000000 1.000000 0.0
vt 1.000000 1.000000 0.0
vt 0.708327 1.000000 0.0
vt 0.681153 1.000000 0.0
vt 1.000000 1.000000 0.0
vt 1.000000 1.000000 0.0
vt 0.710499 1.000000 0.0
vt 0.699716 1.000000 0.0
vt 1.000000 1.000000 0.0
vt 1.000000 1.000000 0.0
vt 1.000000 1.000000 0.0
vt 0.701953 1.000000 0.0
vt 0.711017 1.000000 0.0
vt 0.708478 1.000000 0.0
vt 1.000000 1.000000 0.0
vt 1.000000 0.000000 0.0
vt 1.000000 1.000000 0.0
vt 1.000000 0.000000 0.0
vt 1.000000 1.000000 0.0
vt 1.000000 1.000000 0.0
vt 1.000000 0.000000 0.0
vt 1.000000 0.000000 0.0
vt 1.000000 1.000000 0.0
vt 1.000000 0.000000 0.0
vt 0.000000 0.000000 0.0
vt 0.000000 1.000000 0.0
vt 0.000000 0.000000 0.0
vt 0.000000 1.000000 0.0
vt 0.000000 1.000000 0.0
vt 0.000000 1.000000 0.0
vt 0.000000 0.000000 0.0
vt 0.000000 0.000000 0.0
vt 0.000000 1.000000 0.0
vt 0.000000 0.000000 0.0
vt 0.000000 0.285329 0.0
vt 0.000000 0.714671 0.0
vt 0.000000 0.285329 0.0
vt 0.000000 0.714671 0.0
vt 0.625000 0.770001 0.0
vt 0.375000 0.750000 0.0
vt 0.582759 0.750000 0.0
vt 0.375000 0.900000 0.0
vt 0.625000 0.900000 0.0
vt 0.625000 1.000000 0.0
vt 0.375000 1.000000 0.0
vt 0.625000 0.900000 0.0
vt 0.625000 1.000000 0.0
vt 0.625000 0.900000 0.0
vt 0.625000 0.479999 0.0
vt 0.375000 0.500000 0.0
vt 0.375000 0.350000 0.0
vt 0.582759 0.500000 0.0
vt 0.625000 0.350000 0.0
vt 0.375000 0.250000 0.0
vt 0.625000 0.250000 0.0
vt 0.625000 0.350000 0.0
vt 0.625000 0.250000 0.0
vt 0.625000 0.350000 0.0
vt 0.000000 0.285329 0.0
vt 0.000000 0.714671 0.0
vt 0.000000 0.285329 0.0
vt 0.000000 0.714671 0.0
vt 1.000000 0.285329 0.0
vt 1.000000 0.714671 0.0
vt 1.000000 0.285329 0.0
vt 1.000000 0.714671 0.0
vt 1.000000 0.285329 0.0
vt 1.000000 0.285329 0.0
vt 1.000000 0.714671 0.0
vt 0.000000 0.000000 0.0
vt 0.000000 1.000000 0.0
vt 0.000000 1.000000 0.0
vt 0.000000 0.000000 0.0
vt 0.000000 1.000000 0.0
vt 0.000000 0.000000 0.0
vt 0.000000 0.000000 0.0
vt 0.000000 1.000000 0.0
vt 0.000000 1.000000 0.0
vt 0.000000 1.000000 0.0
vt 0.000000 0.000000 0.0
vt 0.000000 0.000000 0.0
vt 0.000000 1.000000 0.0
vt 0.000000 0.285329 0.0
vt 0.500000 0.714671 0.0
vt 0.500000 0.285329 0.0
vt 0.000000 0.714671 0.0
vt 0.625000 0.750000 0.0
vt 0.625000 0.750000 0.0
vt 0.625000 1.000000 0.0
vt 0.625000 1.000000 0.0
vt 0.625000 0.500000 0.0
vt 0.625000 0.500000 0.0
vt 0.625000 0.250000 0.0
vt 0.625000 0.250000 0.0
vt 0.625000 0.750000 0.0
vt 0.625000 0.750000 0.0
vt 0.625000 1.000000 0.0
vt 0.625000 1.000000 0.0
vt 0.625000 0.500000 0.0
vt 0.625000 0.500000 0.0
vt 0.625000 0.250000 0.0
vt 0.625000 0.250000 0.0
vt 0.500000 0.285329 0.0
vt 1.000000 0.714671 0.0
vt 1.000000 0.285329 0.0
vt 0.500000 0.714671 0.0
vt 1.000000 0.000000 0.0
vt 1.000000 1.000000 0.0
vt 1.000000 0.000000 0.0
vt 1.000000 1.000000 0.0
vt 1.000000 1.000000 0.0
vt 1.000000 0.000000 0.0
vt 1.000000 1.000000 0.0
vt 0.000000 0.285329 0.0
vt 0.000000 0.714671 0.0
vt 0.000000 0.285329 0.0
vt 0.000000 0.714671 0.0
vt 0.000000 0.714671 0.0
vt 0.000000 0.285329 0.0
vt 0.000000 0.285329 0.0
vt 0.000000 0.714671 0.0
vt 0.000000 0.285329 0.0
vt 0.000000 0.285329 0.0
vt 0.000000 0.714671 0.0
vt 0.000000 0.714671 0.0
vt 0.000000 0.285329 0.0
vt 0.000000 0.285329 0.0
vt 0.500000 0.285329 0.0
vt 1.000000 0.714671 0.0
vt 1.000000 0.285329 0.0
vt 0.500000 0.714671 0.0
vt 0.000000 0.000000 0.0
vt 0.000000 0.000000 0.0
vt 0.000000 0.000000 0.0
vt 0.000000 0.000000 0.0
vt 0.000000 0.000000 0.0
vt 0.000000 0.000000 0.0
vt 0.000000 0.000000 0.0
vt 0.000000 0.000000 0.0
vt 0.000000 0.000000 0.0
vt 0.000000 0.000000 0.0
vt 0.000000 0.000000 0.0
vt 0.000000 0.000000 0.0
vt 0.000000 0.000000 0.0
vt 0.000000 0.000000 0.0
vt 0.000000 0.000000 0.0
vt 0.000000 0.000000 0.0
vt 0.000000 0.000000 0.0
vt 0.000000 1.000000 0.0
vt 0.000000 0.000000 0.0
vt 0.000000 1.000000 0.0
vt 0.000000 0.000000 0.0
vt 0.000000 1.000000 0.0
vt 0.000000 0.000000 0.0
vt 1.000000 1.000000 0.0
vt 0.875000 1.000000 0.0
vt 1.000000 0.500000 0.0
vt 0.875000 0.500000 0.0
vt 0.750000 1.000000 0.0
vt 0.750000 0.500000 0.0
vt 0.625000 1.000000 0.0
vt 0.625000 0.500000 0.0
vt 0.500000 1.000000 0.0
vt 0.500000 0.500000 0.0
vt 0.375000 1.000000 0.0
vt 0.375000 0.500000 0.0
vt 0.250000 1.000000 0.0
vt 0.250000 0.500000 0.0
vt 0.125000 1.000000 0.0
vt 0.125000 0.500000 0.0
vt 0.000000 1.000000 0.0
vt 0.000000 0.500000 0.0
vt 0.000000 0.285329 0.0
vt 0.000000 0.714671 0.0
vt 0.000000 0.285329 0.0
vt 0.000000 0.714671 0.0
vt 1.000000 0.000000 0.0
vt 1.000000 1.000000 0.0
vt 1.000000 1.000000 0.0
vt 1.000000 0.000000 0.0
vt 1.000000 0.000000 0.0
vt 1.000000 1.000000 0.0
vt 1.000000 0.000000 0.0
vt 1.000000 1.000000 0.0
vt 1.000000 1.000000 0.0
vt 1.000000 0.000000 0.0
vt 1.000000 0.285329 0.0
vt 1.000000 0.714671 0.0
vt 1.000000 0.285329 0.0
vt 1.000000 0.714671 0.0
vt 0.000000 0.285329 0.0
vt 0.000000 0.714671 0.0
vt 0.000000 0.285329 0.0
vt 0.000000 0.714671 0.0
vt 0.000000 0.285329 0.0
vt 0.500000 0.714671 0.0
vt 0.500000 0.285329 0.0
vt 0.000000 0.714671 0.0
vt 0.000000 0.000000 0.0
vt 0.000000 1.000000 0.0
vt 0.000000 1.000000 0.0
vt 0.000000 0.000000 0.0
vt 1.000000 0.285329 0.0
vt 1.000000 0.714671 0.0
vt 1.000000 0.285329 0.0
vt 1.000000 0.714671 0.0
vt 1.000000 0.000000 0.0
vt 0.500000 1.000000 0.0
vt 0.500000 0.000000 0.0
vt 1.000000 1.000000 0.0
vt 0.000000 1.000000 0.0
vt 0.000000 0.000000 0.0
vt 1.000000 1.000000 0.0
vt 1.000000 0.000000 0.0
vt 1.000000 1.000000 0.0
vt 0.000000 0.000000 0.0
vt 0.000000 1.000000 0.0
vt 0.000000 0.000000 0.0
vt 1.000000 0.000000 0.0
vt 1.000000 1.000000 0.0
vt 1.000000 0.000000 0.0
vt 1.000000 1.000000 0.0
vt 1.000000 1.000000 0.0
vt 1.000000 0.000000 0.0
vt 1.000000 0.000000 0.0
vt 1.000000 1.000000 0.0
vt 1.000000 0.000000 0.0
vt 0.500000 1.000000 0.0
vt 0.500000 0.000000 0.0
vt 1.000000 1.000000 0.0
vt 0.000000 1.000000 0.0
vt 0.000000 0.000000 0.0
vt 1.000000 1.000000 0.0
vt 1.000000 0.000000 0.0
vt 1.000000 1.000000 0.0
vt 1.000000 0.000000 0.0
vt 1.000000 0.000000 0.0
vt 1.000000 1.000000 0.0
vt 1.000000 1.000000 0.0
vt 1.000000 0.000000 0.0
vt 1.000000 0.000000 0.0
vt 1.000000 0.000000 0.0
vt 1.000000 1.000000 0.0
vt 1.000000 1.000000 0.0
vt 1.000000 0.000000 0.0
vt 1.000000 0.000000 0.0
vt 1.000000 1.000000 0.0
vt 1.000000 0.000000 0.0
vt 1.000000 1.000000 0.0
vt 0.625000 0.250000 0.0
vt 0.375000 0.000000 0.0
vt 0.625000 0.000000 0.0
vt 0.375000 0.250000 0.0
vt 0.625000 0.000000 0.0
vt 0.625000 0.250000 0.0
vt 0.000000 0.000000 0.0
vt 0.000000 0.000000 0.0
vt 0.000000 0.000000 0.0
vt 0.000000 0.000000 0.0
vt 0.000000 0.000000 0.0
vt 0.000000 0.000000 0.0
vt 0.000000 0.000000 0.0
vt 0.000000 0.000000 0.0
vt 0.000000 0.000000 0.0
vt 0.000000 0.000000 0.0
vt 0.000000 0.000000 0.0
vt 0.000000 0.000000 0.0
vt 0.000000 0.000000 0.0
vt 0.000000 0.000000 0.0
vt 0.000000 0.000000 0.0
vt 0.000000 0.000000 0.0
vt 1.000000 0.285329 0.0
vt 1.000000 0.714671 0.0
vt 1.000000 0.285329 0.0
vt 1.000000 0.714671 0.0
vt 0.000000 0.000000 0.0
vt 0.000000 1.000000 0.0
vt 0.000000 1.000000 0.0
vt 0.000000 0.000000 0.0
vt 0.000000 1.000000 0.0
vt 0.000000 0.000000 0.0
vt 0.000000 0.285329 0.0
vt 0.000000 0.714671 0.0
vt 0.000000 0.285329 0.0
vt 0.000000 0.714671 0.0
vt 1.000000 0.714671 0.0
vt 1.000000 0.285329 0.0
vt 1.000000 0.285329 0.0
vt 1.000000 0.714671 0.0
vt 1.000000 0.285329 0.0
vt 1.000000 0.714671 0.0
vt 1.000000 0.285329 0.0
vt 1.000000 0.714671 0.0
vt 1.000000 0.285329 0.0
vt 1.000000 0.714671 0.0
vt 1.000000 0.714671 0.0
vt 1.000000 0.285329 0.0
vt 1.000000 0.714671 0.0
vt 1.000000 0.285329 0.0
vt 1.000000 0.714671 0.0
vt 1.000000 0.285329 0.0
vt 1.000000 0.714671 0.0
vt 1.000000 0.285329 0.0
vt 1.000000 0.714671 0.0
vt 1.000000 0.000000 0.0
vt 1.000000 1.000000 0.0
vt 1.000000 1.000000 0.0
vt 1.000000 0.000000 0.0
vt 1.000000 0.000000 0.0
vt 1.000000 1.000000 0.0
vt 1.000000 0.000000 0.0
vt 1.000000 1.000000 0.0
vt 1.000000 0.000000 0.0
vt 1.000000 1.000000 0.0
vt 1.000000 1.000000 0.0
vt 1.000000 1.000000 0.0
vt 1.000000 0.000000 0.0
vt 0.000000 0.000000 0.0
vt 0.000000 1.000000 0.0
vt 0.000000 1.000000 0.0
vt 0.000000 0.000000 0.0
vt 1.000000 0.285329 0.0
vt 1.000000 0.714671 0.0
vt 1.000000 0.285329 0.0
vt 1.000000 0.714671 0.0
vt 1.000000 0.714671 0.0
vt 1.000000 0.285329 0.0
vt 1.000000 0.285329 0.0
vt 1.000000 0.714671 0.0
vt 0.000000 0.000000 0.0
vt 0.000000 1.000000 0.0
vt 0.000000 1.000000 0.0
vt 0.000000 0.000000 0.0
vt 0.000000 0.000000 0.0
vt 0.000000 1.000000 0.0
vt 0.000000 1.000000 0.0
vt 0.000000 0.000000 0.0
vt 0.000000 1.000000 0.0
vt 0.000000 0.000000 0.0
vt 0.000000 0.285329 0.0
vt 0.000000 0.714671 0.0
vt 0.000000 0.285329 0.0
vt 0.000000 0.714671 0.0
vt 0.000000 0.000000 0.0
vt 0.000000 0.000000 0.0
vt 0.000000 0.000000 0.0
vt 0.000000 0.000000 0.0
vt 0.000000 0.000000 0.0
vt 0.000000 1.000000 0.0
vt 0.000000 1.000000 0.0
vt 0.000000 0.000000 0.0
vt 0.000000 0.285329 0.0
vt 0.500000 0.714671 0.0
vt 0.500000 0.285329 0.0
vt 0.000000 0.714671 0.0
vt 1.000000 0.285329 0.0
vt 1.000000 0.714671 0.0
vt 1.000000 0.714671 0.0
vt 1.000000 0.285329 0.0
vt 1.000000 0.714671 0.0
vt 1.000000 0.285329 0.0
vt 0.000000 0.000000 0.0
vt 0.000000 1.000000 0.0
vt 0.000000 1.000000 0.0
vt 0.000000 0.000000 0.0
vt 1.000000 0.285329 0.0
vt 1.000000 0.714671 0.0
vt 1.000000 0.285329 0.0
vt 1.000000 0.714671 0.0
vt 1.000000 0.285329 0.0
vt 1.000000 0.285329 0.0
vt 1.000000 0.714671 0.0
vt 1.000000 0.000000 0.0
vt 0.500000 1.000000 0.0
vt 0.500000 0.000000 0.0
vt 1.000000 1.000000 0.0
vt 0.000000 1.000000 0.0
vt 0.000000 0.000000 0.0
vt 1.000000 1.000000 0.0
vt 1.000000 0.000000 0.0
vt 1.000000 1.000000 0.0
vt 0.000000 0.000000 0.0
vt 0.000000 1.000000 0.0
vt 0.000000 0.000000 0.0
vt 0.000000 1.000000 0.0
vt 0.000000 1.000000 0.0
vt 0.000000 0.000000 0.0
vt 0.000000 0.000000 0.0
vt 0.000000 1.000000 0.0
vt 0.000000 1.000000 0.0
vt 0.000000 1.000000 0.0
vt 0.000000 0.000000 0.0
vt 0.000000 0.000000 0.0
vt 0.000000 1.000000 0.0
vt 0.000000 0.000000 0.0
vt 0.000000 1.000000 0.0
vt 0.000000 1.000000 0.0
vt 0.000000 0.000000 0.0
vt 0.000000 0.000000 0.0
vt 0.000000 1.000000 0.0
vt 0.000000 1.000000 0.0
vt 0.000000 0.000000 0.0
vt 0.000000 0.000000 0.0
vt 0.000000 1.000000 0.0
vt 0.000000 0.000000 0.0
vt 0.000000 1.000000 0.0
vt 0.000000 1.000000 0.0
vt 0.000000 0.000000 0.0
vt 0.000000 1.000000 0.0
vt 0.000000 0.000000 0.0
vt 0.000000 0.000000 0.0
vt 0.000000 1.000000 0.0
vt 0.000000 1.000000 0.0
vt 0.000000 0.000000 0.0
vt 0.000000 0.000000 0.0
vt 0.000000 1.000000 0.0
vt 0.000000 1.000000 0.0
vt 0.000000 0.000000 0.0
vt 0.000000 0.000000 0.0
vt 0.000000 1.000000 0.0
vt 0.000000 1.000000 0.0
vt 0.000000 1.000000 0.0
vt 0.000000 0.000000 0.0
vt 0.000000 0.000000 0.0
vt 0.000000 1.000000 0.0
vt 0.000000 0.285329 0.0
vt 0.000000 0.714671 0.0
vt 0.000000 0.285329 0.0
vt 0.000000 0.714671 0.0
vt 0.000000 0.714671 0.0
vt 0.000000 0.714671 0.0
vt 0.000000 0.285329 0.0
vt 0.000000 0.285329 0.0
vt 0.000000 0.285329 0.0
vt 0.000000 0.714671 0.0
vt 0.000000 0.714671 0.0
vt 0.000000 0.285329 0.0
vt 0.500000 0.285329 0.0
vt 1.000000 0.714671 0.0
vt 1.000000 0.285329 0.0
vt 0.500000 0.714671 0.0
vt 1.000000 0.285329 0.0
vt 1.000000 0.714671 0.0
vt 1.000000 0.714671 0.0
vt 1.000000 0.285329 0.0
vt 0.000000 0.285329 0.0
vt 0.000000 0.714671 0.0
vt 0.000000 0.285329 0.0
vt 0.000000 0.714671 0.0
vt 0.000000 0.714671 0.0
vt 0.000000 0.285329 0.0
vt 0.000000 0.285329 0.0
vt 0.000000 0.714671 0.0
vt 1.000000 0.285329 0.0
vt 1.000000 0.714671 0.0
vt 1.000000 0.285329 0.0
vt 1.000000 0.714671 0.0
vt 1.000000 0.714671 0.0
vt 1.000000 0.285329 0.0
vt 1.000000 0.285329 0.0
vt 1.000000 0.714671 0.0
vt 0.000000 0.285329 0.0
vt 0.000000 0.714671 0.0
vt 0.000000 0.285329 0.0
vt 0.000000 0.714671 0.0
vt 0.000000 0.285329 0.0
vt 0.000000 0.714671 0.0
vt 0.000000 0.285329 0.0
vt 0.000000 0.714671 0.0
vt 0.500000 0.285329 0.0
vt 1.000000 0.714671 0.0
vt 1.000000 0.285329 0.0
vt 0.500000 0.714671 0.0
vt 0.000000 0.714671 0.0
vt 0.500000 0.714671 0.0
vt 0.000000 0.285329 0.0
vt 1.000000 0.714671 0.0
vt 1.000000 0.285329 0.0
vt 1.000000 0.285329 0.0
vt 1.000000 0.714671 0.0
vt 0.000000 0.285329 0.0
vt 0.500000 0.714671 0.0
vt 0.500000 0.285329 0.0
vt 0.000000 0.714671 0.0
vt 0.010000 0.250000 0.0
vt 0.114236 0.114236 0.0
vt 0.058000 0.250000 0.0
vt 0.080294 0.080294 0.0
vt 0.080294 0.419706 0.0
vt 0.250000 0.058000 0.0
vt 0.114236 0.385765 0.0
vt 0.250000 0.010000 0.0
vt 0.250000 0.442000 0.0
vt 0.385765 0.114236 0.0
vt 0.250000 0.490000 0.0
vt 0.419706 0.080294 0.0
vt 0.385765 0.385765 0.0
vt 0.490000 0.250000 0.0
vt 0.419706 0.419706 0.0
vt 0.442000 0.250000 0.0
vt 0.625000 0.500000 0.0
vt 0.625000 0.750000 0.0
vt 0.625000 0.500000 0.0
vt 0.625000 0.750000 0.0
vt 1.000000 0.285329 0.0
vt 1.000000 0.714671 0.0
vt 1.000000 0.285329 0.0
vt 1.000000 0.714671 0.0
vt 1.000000 0.285329 0.0
vt 1.000000 0.285329 0.0
vt 1.000000 0.714671 0.0
vt 1.000000 0.285329 0.0
vt 1.000000 0.714671 0.0
vt 1.000000 0.285329 0.0
vt 1.000000 0.714671 0.0
vt 1.000000 0.285329 0.0
vt 1.000000 0.285329 0.0
vt 1.000000 0.714671 0.0
vt 0.000000 0.000000 0.0
vt 0.000000 1.000000 0.0
vt 0.000000 1.000000 0.0
vt 0.000000 0.000000 0.0
vt 0.000000 0.285329 0.0
vt 0.000000 0.714671 0.0
vt 0.000000 0.285329 0.0
vt 0.000000 0.714671 0.0
vt 0.000000 0.714671 0.0
vt 0.000000 0.285329 0.0
vt 0.000000 0.000000 0.0
vt 0.000000 1.000000 0.0
vt 0.000000 1.000000 0.0
vt 0.000000 0.000000 0.0
vt 0.000000 1.000000 0.0
vt 0.000000 0.000000 0.0
vt 0.000000 0.000000 0.0
vt 0.000000 1.000000 0.0
vt 0.000000 0.000000 0.0
vt 0.000000 1.000000 0.0
vt 1.000000 0.000000 0.0
vt 1.000000 1.000000 0.0
vt 1.000000 0.000000 0.0
vt 1.000000 1.000000 0.0
vt 1.000000 0.000000 0.0
vt 1.000000 1.000000 0.0
vt 1.000000 0.000000 0.0
vt 1.000000 1.000000 0.0
vt 1.000000 0.000000 0.0
vt 1.000000 1.000000 0.0
vt 1.000000 1.000000 0.0
vt 1.000000 0.000000 0.0
vt 1.000000 1.000000 0.0
vt 1.000000 0.285329 0.0
vt 1.000000 0.714671 0.0
vt 1.000000 0.714671 0.0
vt 1.000000 0.285329 0.0
vt 1.000000 0.714671 0.0
vt 1.000000 0.285329 0.0
vt 1.000000 0.714671 0.0
vt 1.000000 0.000000 0.0
vt 1.000000 1.000000 0.0
vt 1.000000 1.000000 0.0
vt 1.000000 0.000000 0.0
vt 1.000000 0.000000 0.0
vt 1.000000 1.000000 0.0
vt 0.000000 0.285329 0.0
vt 0.000000 0.714671 0.0
vt 0.000000 0.285329 0.0
vt 0.000000 0.714671 0.0
vt 1.000000 0.000000 0.0
vt 1.000000 1.000000 0.0
vt 1.000000 1.000000 0.0
vt 1.000000 0.000000 0.0
vt 1.000000 0.000000 0.0
vt 1.000000 1.000000 0.0
vt 0.000000 0.000000 0.0
vt 0.000000 1.000000 0.0
vt 0.000000 1.000000 0.0
vt 0.000000 0.000000 0.0
vt 0.000000 0.000000 0.0
vt 0.000000 0.285329 0.0
vt 0.000000 0.714671 0.0
vt 0.000000 0.285329 0.0
vt 0.000000 0.714671 0.0
vt 0.000000 0.285329 0.0
vt 0.500000 0.714671 0.0
vt 0.500000 0.285329 0.0
vt 0.000000 0.714671 0.0
vt 1.000000 0.285329 0.0
vt 1.000000 0.714671 0.0
vt 1.000000 0.714671 0.0
vt 1.000000 0.285329 0.0
vt 1.000000 0.714671 0.0
vt 1.000000 0.285329 0.0
vt 1.000000 0.285329 0.0
vt 1.000000 0.714671 0.0
vt 1.000000 0.714671 0.0
vt 1.000000 0.285329 0.0
vt 0.000000 0.000000 0.0
vt 0.000000 1.000000 0.0
vt 0.000000 1.000000 0.0
vt 0.000000 0.000000 0.0
vt 0.000000 1.000000 0.0
vt 0.000000 1.000000 0.0
vt 0.000000 0.000000 0.0
vt 0.000000 0.000000 0.0
vt 0.000000 1.000000 0.0
vt 1.000000 0.285329 0.0
vt 1.000000 0.714671 0.0
vt 1.000000 0.714671 0.0
vt 1.000000 0.285329 0.0
vt 1.000000 0.714671 0.0
vt 1.000000 0.285329 0.0
vt 1.000000 0.714671 0.0
vt 0.375000 0.750000 0.0
vt 0.225000 0.750000 0.0
vt 0.225000 0.500000 0.0
vt 0.375000 0.500000 0.0
vt 0.125000 0.500000 0.0
vt 0.125000 0.750000 0.0
vt 1.000000 0.285329 0.0
vt 1.000000 0.714671 0.0
vt 1.000000 0.285329 0.0
vt 1.000000 0.714671 0.0
vt 0.000000 0.714671 0.0
vt 0.500000 0.285329 0.0
vt 0.000000 0.285329 0.0
vt 0.500000 0.714671 0.0
vt 0.500000 0.285329 0.0
vt 1.000000 0.714671 0.0
vt 1.000000 0.285329 0.0
vt 0.500000 0.714671 0.0
vt 1.000000 0.285329 0.0
vt 1.000000 0.714671 0.0
vt 1.000000 0.285329 0.0
vt 1.000000 0.714671 0.0
vt 1.000000 0.285329 0.0
vt 1.000000 0.285329 0.0
vt 1.000000 0.714671 0.0
vt 0.500000 0.285329 0.0
vt 1.000000 0.714671 0.0
vt 1.000000 0.285329 0.0
vt 0.500000 0.714671 0.0
vt 0.000000 0.000000 0.0
vt 0.000000 1.000000 0.0
vt 0.000000 1.000000 0.0
vt 0.000000 0.000000 0.0
vt 0.000000 0.714671 0.0
vt 0.000000 0.285329 0.0
vt 0.000000 0.285329 0.0
vt 0.000000 0.714671 0.0
vt 0.000000 0.714671 0.0
vt 0.000000 0.285329 0.0
vt 0.000000 0.714671 0.0
vt 0.000000 0.285329 0.0
vt 0.000000 0.285329 0.0
vt 0.000000 0.714671 0.0
vt 0.000000 0.285329 0.0
vt 0.000000 0.285329 0.0
vt 0.000000 0.714671 0.0
vt 0.000000 0.714671 0.0
vt 0.000000 0.285329 0.0
vt 0.000000 0.285329 0.0
vt 0.000000 0.714671 0.0
vt 1.000000 0.285329 0.0
vt 1.000000 0.714671 0.0
vt 1.000000 0.285329 0.0
vt 1.000000 0.714671 0.0
vt 0.000000 0.285329 0.0
vt 0.000000 0.714671 0.0
vt 0.000000 0.285329 0.0
vt 0.000000 0.714671 0.0
vt 1.000000 0.285329 0.0
vt 1.000000 0.714671 0.0
vt 1.000000 0.285329 0.0
vt 1.000000 0.714671 0.0
vt 0.000000 0.714671 0.0
vt 0.000000 0.285329 0.0
vt 0.000000 0.285329 0.0
vt 0.000000 0.714671 0.0
vt 0.000000 0.285329 0.0
vt 0.000000 0.285329 0.0
vt 0.000000 0.714671 0.0
vt 0.000000 0.714671 0.0
vt 0.000000 0.285329 0.0
vt 0.000000 0.285329 0.0
vt 0.000000 0.714671 0.0
vt 0.000000 0.285329 0.0
vt 0.000000 0.714671 0.0
vt 0.000000 0.285329 0.0
vt 0.000000 0.714671 0.0
vt 0.000000 0.285329 0.0
vt 0.000000 0.714671 0.0
vt 1.000000 0.285329 0.0
vt 1.000000 0.714671 0.0
vt 1.000000 0.285329 0.0
vt 1.000000 0.714671 0.0
vt 1.000000 0.285329 0.0
vt 1.000000 0.714671 0.0
vt 1.000000 0.285329 0.0
vt 1.000000 0.714671 0.0
vt 0.000000 0.285329 0.0
vt 0.000000 0.714671 0.0
vt 0.000000 0.285329 0.0
vt 0.000000 0.714671 0.0
vt 0.000000 0.285329 0.0
vt 0.000000 0.714671 0.0
vt 0.000000 0.714671 0.0
vt 0.000000 0.285329 0.0
vt 1.000000 0.714671 0.0
vt 1.000000 0.285329 0.0
vt 1.000000 0.285329 0.0
vt 1.000000 0.714671 0.0
vt 1.000000 0.285329 0.0
vt 1.000000 0.714671 0.0
vt 1.000000 0.285329 0.0
vt 0.000000 0.000000 0.0
vt 0.000000 1.000000 0.0
vt 0.000000 1.000000 0.0
vt 0.000000 0.000000 0.0
vt 1.000000 0.000000 0.0
vt 1.000000 1.000000 0.0
vt 1.000000 0.000000 0.0
vt 1.000000 1.000000 0.0
vt 1.000000 1.000000 0.0
vt 1.000000 0.000000 0.0
vt 1.000000 0.000000 0.0
vt 1.000000 1.000000 0.0
vt 1.000000 0.000000 0.0
vt 1.000000 1.000000 0.0
vt 1.000000 1.000000 0.0
vt 1.000000 0.000000 0.0
vt 0.000000 0.000000 0.0
vt 0.000000 0.000000 0.0
vt 0.000000 0.000000 0.0
vt 0.000000 0.000000 0.0
vt 1.000000 0.000000 0.0
vt 1.000000 1.000000 0.0
vt 1.000000 0.000000 0.0
vt 1.000000 1.000000 0.0
vt 1.000000 1.000000 0.0
vt 1.000000 0.000000 0.0
vt 0.000000 0.285329 0.0
vt 0.000000 0.714671 0.0
vt 0.000000 0.285329 0.0
vt 0.000000 0.714671 0.0
vt 1.000000 0.285329 0.0
vt 1.000000 0.714671 0.0
vt 1.000000 0.714671 0.0
vt 1.000000 0.285329 0.0
vt 1.000000 0.285329 0.0
vt 1.000000 0.714671 0.0
vt 1.000000 0.285329 0.0
vt 1.000000 0.714671 0.0
vt 0.000000 0.000000 0.0
vt 0.000000 1.000000 0.0
vt 0.000000 1.000000 0.0
vt 0.000000 0.000000 0.0
vt 0.000000 0.000000 0.0
vt 0.000000 1.000000 0.0
vt 0.000000 1.000000 0.0
vt 0.000000 0.000000 0.0
vt 0.000000 0.285329 0.0
vt 0.000000 0.714671 0.0
vt 0.000000 0.285329 0.0
vt 0.000000 0.714671 0.0
vt 0.000000 0.714671 0.0
vt 0.000000 0.285329 0.0
vt 0.500000 0.285329 0.0
vt 1.000000 0.714671 0.0
vt 1.000000 0.285329 0.0
vt 0.500000 0.714671 0.0
vt 1.000000 0.000000 0.0
vt 1.000000 1.000000 0.0
vt 1.000000 0.000000 0.0
vt 1.000000 1.000000 0.0
vt 1.000000 1.000000 0.0
vt 1.000000 1.000000 0.0
vt 1.000000 0.000000 0.0
vt 1.000000 0.000000 0.0
vt 1.000000 0.000000 0.0
vt 1.000000 1.000000 0.0
vt 1.000000 1.000000 0.0
vt 1.000000 0.000000 0.0
vt 0.000000 0.000000 0.0
vt 0.000000 1.000000 0.0
vt 0.000000 0.000000 0.0
vt 0.000000 1.000000 0.0
vt 0.000000 0.000000 0.0
vt 0.000000 1.000000 0.0
vt 0.000000 1.000000 0.0
vt 0.000000 0.000000 0.0
vt 0.000000 1.000000 0.0
vt 0.000000 0.000000 0.0
vt 0.000000 0.000000 0.0
vt 0.000000 1.000000 0.0
vt 0.000000 0.000000 0.0
vt 1.000000 0.285329 0.0
vt 1.000000 0.714671 0.0
vt 1.000000 0.714671 0.0
vt 1.000000 0.285329 0.0
vt 1.000000 0.714671 0.0
vt 1.000000 0.285329 0.0
vt 1.000000 0.285329 0.0
vt 1.000000 0.714671 0.0
vt 1.000000 0.714671 0.0
vt 1.000000 0.285329 0.0
vt 1.000000 0.285329 0.0
vt 1.000000 0.714671 0.0
vt 1.000000 0.285329 0.0
vt 1.000000 0.714671 0.0
vt 1.000000 0.285329 0.0
vt 1.000000 0.285329 0.0
vt 1.000000 0.714671 0.0
vt 1.000000 0.285329 0.0
vt 1.000000 0.714671 0.0
vt 1.000000 0.285329 0.0
vt 1.000000 0.714671 0.0
vt 1.000000 0.000000 0.0
vt 1.000000 1.000000 0.0
vt 1.000000 1.000000 0.0
vt 1.000000 0.000000 0.0
vt 1.000000 0.000000 0.0
vt 1.000000 1.000000 0.0
vt 1.000000 0.285329 0.0
vt 1.000000 0.714671 0.0
vt 1.000000 0.285329 0.0
vt 1.000000 0.714671 0.0
vt 1.000000 0.000000 0.0
vt 1.000000 1.000000 0.0
vt 1.000000 0.000000 0.0
vt 1.000000 1.000000 0.0
vt 1.000000 0.000000 0.0
vt 1.000000 1.000000 0.0
vt 1.000000 1.000000 0.0
vt 1.000000 0.000000 0.0
vt 1.000000 0.000000 0.0
vt 1.000000 1.000000 0.0
vt 0.000000 0.285329 0.0
vt 0.000000 0.714671 0.0
vt 0.000000 0.285329 0.0
vt 0.000000 0.714671 0.0
vt 1.000000 1.000000 0.0
vt 0.875000 1.000000 0.0
vt 1.000000 0.500000 0.0
vt 0.875000 0.500000 0.0
vt 0.750000 1.000000 0.0
vt 0.750000 0.500000 0.0
vt 0.625000 1.000000 0.0
vt 0.625000 0.500000 0.0
vt 0.500000 1.000000 0.0
vt 0.500000 0.500000 0.0
vt 0.375000 1.000000 0.0
vt 0.375000 0.500000 0.0
vt 0.250000 1.000000 0.0
vt 0.250000 0.500000 0.0
vt 0.125000 1.000000 0.0
vt 0.125000 0.500000 0.0
vt 0.000000 1.000000 0.0
vt 0.000000 0.500000 0.0
vt 1.000000 0.809342 0.0
vt 0.875000 0.690658 0.0
vt 0.875000 0.809342 0.0
vt 1.000000 0.690658 0.0
vt 0.750000 0.809342 0.0
vt 0.750000 0.690658 0.0
vt 0.625000 0.809342 0.0
vt 0.625000 0.690658 0.0
vt 0.500000 0.809342 0.0
vt 0.500000 0.690658 0.0
vt 0.375000 0.809342 0.0
vt 0.375000 0.690658 0.0
vt 0.250000 0.690658 0.0
vt 0.250000 0.809342 0.0
vt 0.125000 0.690658 0.0
vt 0.125000 0.809342 0.0
vt 0.000000 0.690658 0.0
vt 0.000000 0.809342 0.0
vt 0.875000 0.809342 0.0
vt 1.000000 0.809342 0.0
vt 0.875000 0.690658 0.0
vt 1.000000 0.690658 0.0
vt 0.750000 0.809342 0.0
vt 0.750000 0.690658 0.0
vt 0.625000 0.809342 0.0
vt 0.625000 0.690658 0.0
vt 0.500000 0.809342 0.0
vt 0.500000 0.690658 0.0
vt 0.375000 0.809342 0.0
vt 0.375000 0.690658 0.0
vt 0.250000 0.690658 0.0
vt 0.250000 0.809342 0.0
vt 0.125000 0.690658 0.0
vt 0.125000 0.809342 0.0
vt 0.000000 0.690658 0.0
vt 0.000000 0.809342 0.0
vt 1.000000 0.000000 0.0
vt 1.000000 1.000000 0.0
vt 1.000000 0.000000 0.0
vt 1.000000 1.000000 0.0
vt 1.000000 0.000000 0.0
vt 1.000000 1.000000 0.0
vt 1.000000 0.000000 0.0
vt 1.000000 1.000000 0.0
vt 1.000000 1.000000 0.0
vt 1.000000 0.000000 0.0
vt 0.000000 0.285329 0.0
vt 0.000000 0.714671 0.0
vt 0.000000 0.285329 0.0
vt 0.000000 0.714671 0.0
vt 0.000000 0.714671 0.0
vt 0.000000 0.285329 0.0
vt 0.000000 0.285329 0.0
vt 0.000000 0.714671 0.0
vt 0.000000 0.285329 0.0
vt 0.000000 0.285329 0.0
vt 0.000000 0.714671 0.0
vt 0.000000 0.714671 0.0
vt 0.000000 0.285329 0.0
vt 0.000000 0.285329 0.0
vt 0.000000 0.000000 0.0
vt 0.000000 1.000000 0.0
vt 0.000000 1.000000 0.0
vt 0.000000 0.000000 0.0
vt 1.000000 0.714671 0.0
vt 1.000000 0.285329 0.0
vt 1.000000 0.285329 0.0
vt 1.000000 0.714671 0.0
vt 1.000000 0.285329 0.0
vt 1.000000 0.714671 0.0
vt 1.000000 0.714671 0.0
vt 1.000000 0.285329 0.0
vt 1.000000 0.714671 0.0
vt 0.000000 0.285329 0.0
vt 0.000000 0.714671 0.0
vt 0.000000 0.285329 0.0
vt 0.000000 0.714671 0.0
vt 0.000000 0.714671 0.0
vt 0.000000 0.714671 0.0
vt 0.000000 0.285329 0.0
vt 0.000000 0.285329 0.0
vt 0.000000 0.285329 0.0
vt 0.000000 0.714671 0.0
vt 0.000000 0.714671 0.0
vt 0.000000 0.285329 0.0
vt 0.000000 0.714671 0.0
vt 0.000000 0.285329 0.0
vt 0.000000 0.285329 0.0
vt 0.000000 0.714671 0.0
vt 0.000000 0.285329 0.0
vt 0.000000 0.714671 0.0
vt 0.000000 0.285329 0.0
vt 0.000000 0.714671 0.0
vt 0.000000 0.285329 0.0
vt 0.000000 0.714671 0.0
vt 0.000000 0.285329 0.0
vt 0.000000 0.714671 0.0
vt 0.000000 0.000000 0.0
vt 0.000000 1.000000 0.0
vt 0.000000 1.000000 0.0
vt 0.000000 0.000000 0.0
vt 0.000000 1.000000 0.0
vt 0.000000 0.000000 0.0
vt 0.000000 0.000000 0.0
vt 0.000000 1.000000 0.0
vt 0.000000 1.000000 0.0
vt 0.000000 0.000000 0.0
vt 0.000000 1.000000 0.0
vt 0.000000 0.285329 0.0
vt 0.000000 0.714671 0.0
vt 0.000000 0.285329 0.0
vt 0.000000 0.714671 0.0
vt 1.000000 0.285329 0.0
vt 1.000000 0.714671 0.0
vt 1.000000 0.285329 0.0
vt 1.000000 0.714671 0.0
vt 0.000000 0.285329 0.0
vt 0.000000 0.714671 0.0
vt 0.000000 0.285329 0.0
vt 0.000000 0.714671 0.0
vt 0.000000 0.000000 0.0
vt 0.000000 1.000000 0.0
vt 0.000000 1.000000 0.0
vt 0.000000 0.000000 0.0
vt 0.000000 1.000000 0.0
vt 0.000000 0.000000 0.0
vt 0.000000 0.000000 0.0
vt 0.000000 1.000000 0.0
vt 1.000000 0.714671 0.0
vt 1.000000 0.285329 0.0
vt 1.000000 0.285329 0.0
vt 1.000000 0.714671 0.0
vt 1.000000 0.285329 0.0
vt 1.000000 0.714671 0.0
vt 1.000000 0.714671 0.0
vt 1.000000 0.285329 0.0
vt 1.000000 0.285329 0.0
vt 1.000000 0.714671 0.0
vt 1.000000 0.285329 0.0
vt 1.000000 0.714671 0.0
vt 1.000000 0.714671 0.0
vt 1.000000 0.285329 0.0
vt 1.000000 0.714671 0.0
vt 1.000000 0.285329 0.0
vt 1.000000 0.285329 0.0
vt 1.000000 0.714671 0.0
vt 1.000000 0.285329 0.0
vt 1.000000 0.285329 0.0
vt 1.000000 0.714671 0.0
vt 1.000000 0.714671 0.0
vt 1.000000 0.285329 0.0
vt 1.000000 0.714671 0.0
vt 1.000000 0.000000 0.0
vt 1.000000 1.000000 0.0
vt 1.000000 0.000000 0.0
vt 1.000000 1.000000 0.0
vt 0.000000 0.285329 0.0
vt 0.000000 0.714671 0.0
vt 0.000000 0.285329 0.0
vt 0.000000 0.714671 0.0
vt 0.000000 0.000000 0.0
vt 0.000000 1.000000 0.0
vt 0.000000 1.000000 0.0
vt 0.000000 0.000000 0.0
vt 0.000000 0.285329 0.0
vt 0.000000 0.714671 0.0
vt 0.000000 0.714671 0.0
vt 0.000000 0.285329 0.0
vt 1.000000 0.285329 0.0
vt 1.000000 0.714671 0.0
vt 1.000000 0.285329 0.0
vt 1.000000 0.714671 0.0
vt 0.000000 0.285329 0.0
vt 0.000000 0.714671 0.0
vt 0.000000 0.285329 0.0
vt 0.000000 0.714671 0.0
vt 0.000000 0.714671 0.0
vt 0.000000 0.285329 0.0
vt 0.000000 0.285329 0.0
vt 0.000000 0.714671 0.0
vt 0.000000 0.285329 0.0
vt 0.000000 0.285329 0.0
vt 0.000000 0.714671 0.0
vt 0.000000 0.714671 0.0
vt 0.000000 0.285329 0.0
vt 0.000000 0.285329 0.0
vt 1.000000 0.285329 0.0
vt 1.000000 0.714671 0.0
vt 1.000000 0.285329 0.0
vt 1.000000 0.714671 0.0
vt 1.000000 0.285329 0.0
vt 1.000000 0.714671 0.0
vt 1.000000 0.285329 0.0
vt 0.000000 0.714671 0.0
vt 0.000000 0.285329 0.0
vt 0.000000 0.285329 0.0
vt 0.000000 0.714671 0.0
vt 0.000000 0.285329 0.0
vt 0.000000 0.714671 0.0
vt 0.000000 0.285329 0.0
vt 0.000000 0.714671 0.0
vt 0.000000 0.285329 0.0
vt 0.000000 0.714671 0.0
vt 0.000000 0.285329 0.0
vt 0.000000 0.714671 0.0
vt 0.000000 0.000000 0.0
vt 0.000000 1.000000 0.0
vt 0.000000 1.000000 0.0
vt 0.000000 0.000000 0.0
vt 0.000000 0.000000 0.0
vt 0.000000 1.000000 0.0
vt 0.000000 1.000000 0.0
vt 0.000000 0.000000 0.0
vt 1.000000 0.000000 0.0
vt 1.000000 1.000000 0.0
vt 1.000000 0.000000 0.0
vt 1.000000 1.000000 0.0
vt 1.000000 1.000000 0.0
vt 1.000000 1.000000 0.0
vt 1.000000 0.000000 0.0
vt 1.000000 0.000000 0.0
vt 1.000000 1.000000 0.0
vt 1.000000 1.000000 0.0
vt 1.000000 0.000000 0.0
vt 1.000000 0.000000 0.0
vt 1.000000 1.000000 0.0
vt 0.000000 0.000000 0.0
vt 0.000000 1.000000 0.0
vt 0.000000 0.000000 0.0
vt 0.000000 1.000000 0.0
vt 0.000000 1.000000 0.0
vt 0.000000 1.000000 0.0
vt 0.000000 0.000000 0.0
vt 0.000000 0.000000 0.0
vt 0.000000 1.000000 0.0
vt 0.000000 0.000000 0.0
vt 0.000000 0.000000 0.0
vt 0.000000 1.000000 0.0
vt 0.000000 1.000000 0.0
vt 0.000000 0.000000 0.0
vt 0.000000 1.000000 0.0
vt 0.000000 1.000000 0.0
vt 0.000000 0.000000 0.0
vt 0.000000 0.000000 0.0
vt 0.000000 1.000000 0.0
vt 0.000000 0.285329 0.0
vt 0.000000 0.714671 0.0
vt 0.000000 0.285329 0.0
vt 0.000000 0.714671 0.0
vt 0.000000 0.714671 0.0
vt 0.000000 0.714671 0.0
vt 0.000000 0.285329 0.0
vt 0.000000 0.285329 0.0
vt 0.000000 0.285329 0.0
vt 0.000000 0.714671 0.0
vt 0.000000 0.714671 0.0
vt 0.000000 0.285329 0.0
vt 1.000000 0.000000 0.0
vt 1.000000 1.000000 0.0
vt 1.000000 0.000000 0.0
vt 1.000000 1.000000 0.0
vt 1.000000 1.000000 0.0
vt 1.000000 0.000000 0.0
vt 1.000000 0.000000 0.0
vt 1.000000 1.000000 0.0
vt 1.000000 0.000000 0.0
vt 1.000000 0.285329 0.0
vt 1.000000 0.714671 0.0
vt 1.000000 0.714671 0.0
vt 1.000000 0.285329 0.0
vt 1.000000 0.714671 0.0
vt 1.000000 0.285329 0.0
vt 1.000000 0.285329 0.0
vt 1.000000 0.714671 0.0
vt 1.000000 0.714671 0.0
vt 1.000000 0.285329 0.0
vt 1.000000 0.285329 0.0
vt 1.000000 0.714671 0.0
vt 1.000000 0.714671 0.0
vt 1.000000 0.285329 0.0
vt 0.000000 0.285329 0.0
vt 0.000000 0.714671 0.0
vt 0.000000 0.285329 0.0
vt 0.000000 0.714671 0.0
vt 0.000000 0.714671 0.0
vt 0.000000 0.285329 0.0
vt 1.000000 0.285329 0.0
vt 1.000000 0.714671 0.0
vt 1.000000 0.714671 0.0
vt 1.000000 0.285329 0.0
vt 1.000000 0.285329 0.0
vt 1.000000 0.714671 0.0
vt 1.000000 0.714671 0.0
vt 1.000000 0.285329 0.0
vt 1.000000 0.714671 0.0
vt 1.000000 0.285329 0.0
vt 1.000000 0.714671 0.0
vt 1.000000 0.714671 0.0
vt 1.000000 0.285329 0.0
vt 1.000000 0.285329 0.0
vt 1.000000 0.714671 0.0
vt 1.000000 0.285329 0.0
vt 1.000000 0.714671 0.0
vt 1.000000 0.285329 0.0
vt 1.000000 0.714671 0.0
vt 1.000000 0.285329 0.0
vt 1.000000 0.285329 0.0
vt 1.000000 0.714671 0.0
vt 1.000000 0.285329 0.0
vt 1.000000 0.714671 0.0
vt 1.000000 0.285329 0.0
vt 1.000000 0.714671 0.0
vt 1.000000 0.285329 0.0
vt 1.000000 0.285329 0.0
vt 1.000000 0.714671 0.0
vt 0.000000 0.714671 0.0
vt 0.000000 0.285329 0.0
vt 0.000000 0.285329 0.0
vt 0.000000 0.714671 0.0
vt 0.000000 0.285329 0.0
vt 0.000000 0.285329 0.0
vt 0.000000 0.714671 0.0
vt 0.000000 0.714671 0.0
vt 0.000000 0.285329 0.0
vt 0.000000 0.285329 0.0
vt 0.000000 0.714671 0.0
vt 0.000000 0.285329 0.0
vt 0.000000 0.285329 0.0
vt 0.000000 0.714671 0.0
vt 0.000000 0.285329 0.0
vt 0.000000 0.714671 0.0
vt 0.000000 0.714671 0.0
vt 0.000000 0.285329 0.0
vt 0.000000 0.714671 0.0
vt 0.000000 0.285329 0.0
vt 0.000000 0.000000 0.0
vt 0.000000 1.000000 0.0
vt 0.000000 1.000000 0.0
vt 0.000000 0.000000 0.0
vt 0.000000 0.000000 0.0
vt 0.000000 1.000000 0.0
vt 0.000000 0.000000 0.0
vt 0.000000 1.000000 0.0
vt 0.000000 1.000000 0.0
vt 0.000000 1.000000 0.0
vt 0.000000 0.000000 0.0
vt 0.000000 0.000000 0.0
vt 0.000000 1.000000 0.0
vt 0.000000 0.000000 0.0
vt 0.000000 1.000000 0.0
vt 0.000000 1.000000 0.0
vt 0.000000 0.000000 0.0
vt 0.000000 0.000000 0.0
vt 0.000000 1.000000 0.0
vt 0.000000 1.000000 0.0
vt 0.000000 0.000000 0.0
vt 0.625000 0.250000 0.0
vt 0.375000 0.250000 0.0
vt 0.375000 0.000000 0.0
vt 0.625000 0.000000 0.0
vt 1.000000 0.000000 0.0
vt 1.000000 1.000000 0.0
vt 1.000000 0.000000 0.0
vt 1.000000 1.000000 0.0
vt 1.000000 0.285329 0.0
vt 1.000000 0.714671 0.0
vt 1.000000 0.714671 0.0
vt 1.000000 0.285329 0.0
vt 1.000000 0.714671 0.0
vt 1.000000 0.285329 0.0
vt 0.625000 0.000000 0.0
vt 0.625000 0.000000 0.0
vt 0.625000 0.250000 0.0
vt 0.625000 0.250000 0.0
vt 0.990000 0.250000 0.0
vt 0.919706 0.080294 0.0
vt 0.942000 0.250000 0.0
vt 0.885764 0.114236 0.0
vt 0.885765 0.385765 0.0
vt 0.750000 0.010000 0.0
vt 0.919706 0.419706 0.0
vt 0.750000 0.058000 0.0
vt 0.750000 0.490000 0.0
vt 0.580294 0.080294 0.0
vt 0.750000 0.442000 0.0
vt 0.614236 0.114236 0.0
vt 0.580294 0.419706 0.0
vt 0.558000 0.250000 0.0
vt 0.614235 0.385764 0.0
vt 0.510000 0.250000 0.0
vt 1.000000 0.285329 0.0
vt 1.000000 0.714671 0.0
vt 1.000000 0.714671 0.0
vt 1.000000 0.285329 0.0
vt 1.000000 0.714671 0.0
vt 1.000000 0.285329 0.0
vt 1.000000 0.714671 0.0
vt 1.000000 0.285329 0.0
vt 1.000000 0.714671 0.0
vt 1.000000 0.285329 0.0
vt 1.000000 0.714671 0.0
vt 1.000000 0.714671 0.0
vt 1.000000 0.285329 0.0
vt 1.000000 0.714671 0.0
vt 1.000000 0.285329 0.0
vt 1.000000 0.285329 0.0
vt 1.000000 0.714671 0.0
vt 1.000000 0.285329 0.0
vt 1.000000 0.285329 0.0
vt 1.000000 0.714671 0.0
vt 1.000000 0.714671 0.0
vt 1.000000 0.285329 0.0
vt 1.000000 0.285329 0.0
vt 1.000000 0.714671 0.0
vt 0.000000 0.000000 0.0
vt 0.000000 0.000000 0.0
vt 0.000000 0.000000 0.0
vt 0.000000 0.000000 0.0
vt 0.000000 0.000000 0.0
vt 0.000000 0.000000 0.0
vt 0.000000 0.000000 0.0
vt 0.000000 0.000000 0.0
vt 0.000000 0.000000 0.0
vt 0.000000 0.000000 0.0
vt 0.000000 0.000000 0.0
vt 0.000000 0.000000 0.0
vt 0.000000 0.000000 0.0
vt 0.000000 0.000000 0.0
vt 0.000000 0.000000 0.0
vt 0.000000 0.000000 0.0

f 1/1/1 2/2/2 3/3/3
f 2/2/2 1/1/1 4/4/4
f 5/5/5 1/1/1 3/3/3
f 6/6/6 2/2/2 4/4/4
f 5/5/5 3/3/3 7/7/7
f 2/2/2 6/6/6 8/8/8
f 9/9/9 5/5/5 7/7/7
f 6/6/6 10/10/10 8/8/8
f 5/5/5 9/9/9 11/11/11
f 10/10/10 6/6/6 12/12/12
f 9/9/9 13/13/13 11/11/11
f 14/14/14 10/10/10 12/12/12
f 13/13/13 9/9/9 15/15/15
f 10/10/10 14/14/14 16/16/16
f 13/13/13 16/16/16 14/14/14
f 16/16/16 13/13/13 15/15/15
f 17/17/17 18/18/18 19/19/19
f 19/19/19 18/18/18 20/20/20
f 21/21/21 20/20/20 18/18/18
f 20/20/20 21/21/21 22/22/22
f 23/23/23 22/22/22 21/21/21
f 18/18/18 23/23/23 21/21/21
f 23/23/23 24/24/24 22/22/22
f 18/18/18 17/17/17 25/25/25
f 25/25/25 23/23/23 18/18/18
f 26/26/26 25/25/25 17/17/17
f 24/24/24 23/23/23 27/27/27
f 27/27/27 28/28/28 24/24/24
f 23/23/23 29/29/29 27/27/27
f 28/28/28 27/27/27 29/29/29
f 23/23/23 25/25/25 29/29/29
f 28/28/28 29/29/29 30/30/30
f 25/25/25 26/26/26 31/31/31
f 29/29/29 25/25/25 31/31/31
f 31/31/31 26/26/26 32/32/32
f 31/31/31 32/32/32 29/29/29
f 30/30/30 32/32/32 26/26/26
f 32/32/32 30/30/30 29/29/29
f 33/33/33 34/34/34 35/35/35
f 34/34/34 33/33/33 36/36/36
f 37/37/37 38/38/38 39/39/39
f 38/38/38 37/37/37 40/40/40
f 41/41/41 42/42/42 43/43/43
f 42/42/42 41/41/41 44/44/44
f 45/45/45 46/46/46 47/47/47
f 46/46/46 45/45/45 48/48/48
f 49/49/49 50/50/50 51/51/51
f 50/50/50 49/49/49 52/52/52
f 53/53/53 50/50/50 52/52/52
f 50/50/50 53/53/53 54/54/54
f 55/55/55 56/56/56 57/57/57
f 56/56/56 55/55/55 58/58/58
f 59/59/59 60/60/60 61/61/61
f 60/60/60 59/59/59 62/62/62
f 59/59/59 63/63/63 62/62/62
f 63/63/63 59/59/59 64/64/64
f 65/65/65 63/63/63 64/64/64
f 63/63/63 65/65/65 66/66/66
f 67/67/67 65/65/65 68/68/68
f 65/65/65 67/67/67 69/69/69
f 70/70/70 71/71/71 72/72/72
f 71/71/71 70/70/70 73/73/73
f 74/74/74 75/75/75 76/76/76
f 75/75/75 74/74/74 77/77/77
f 78/78/78 79/79/79 80/80/80
f 79/79/79 78/78/78 81/81/81
f 82/82/82 83/83/83 84/84/84
f 83/83/83 85/85/85 84/84/84
f 83/83/83 82/82/82 86/86/86
f 85/85/85 83/83/83 87/87/87
f 88/88/88 86/86/86 82/82/82
f 87/87/87 89/89/89 85/85/85
f 86/86/86 88/88/88 90/90/90
f 89/89/89 87/87/87 91/91/91
f 92/92/92 90/90/90 88/88/88
f 91/91/91 93/93/93 89/89/89
f 90/90/90 92/92/92 94/94/94
f 93/93/93 91/91/91 95/95/95
f 96/96/96 94/94/94 92/92/92
f 95/95/95 96/96/96 93/93/93
f 97/97/97 94/94/94 96/96/96
f 96/96/96 95/95/95 97/97/97
f 98/98/98 99/99/99 100/100/100
f 100/100/100 101/101/101 98/98/98
f 98/98/98 102/102/102 103/103/103
f 102/102/102 98/98/98 104/104/104
f 105/105/105 106/106/106 104/104/104
f 106/106/106 105/105/105 107/107/107
f 108/108/108 109/109/109 110/110/110
f 110/110/110 111/111/111 108/108/108
f 112/112/112 113/113/113 114/114/114
f 113/113/113 112/112/112 115/115/115
f 116/116/116 117/117/117 118/118/118
f 117/117/117 116/116/116 119/119/119
f 120/120/120 121/121/121 122/122/122
f 121/121/121 120/120/120 123/123/123
f 124/124/124 125/125/125 126/126/126
f 126/126/126 125/125/125 127/127/127
f 128/128/128 129/129/129 125/125/125
f 125/125/125 130/130/130 128/128/128
f 126/126/126 131/131/131 132/132/132
f 132/132/132 133/133/133 126/126/126
f 132/132/132 134/134/134 133/133/133
f 134/134/134 132/132/132 135/135/135
f 134/134/134 135/135/135 136/136/136
f 136/136/136 137/137/137 134/134/134
f 136/136/136 138/138/138 137/137/137
f 138/138/138 136/136/136 139/139/139
f 140/140/140 141/141/141 142/142/142
f 141/141/141 140/140/140 143/143/143
f 141/141/141 144/144/144 145/145/145
f 144/144/144 141/141/141 146/146/146
f 147/147/147 144/144/144 148/148/148
f 144/144/144 147/147/147 149/149/149
f 147/147/147 150/150/150 149/149/149
f 150/150/150 147/147/147 151/151/151
f 152/152/152 153/153/153 154/154/154
f 154/154/154 155/155/155 152/152/152
f 152/152/152 156/156/156 153/153/153
f 156/156/156 152/152/152 157/157/157
f 156/156/156 157/157/157 158/158/158
f 158/158/158 159/159/159 156/156/156
f 160/160/160 161/161/161 162/162/162
f 161/161/161 160/160/160 163/163/163
f 164/164/164 165/165/165 166/166/166
f 165/165/165 164/164/164 167/167/167
f 168/168/168 169/169/169 170/170/170
f 169/169/169 168/168/168 171/171/171
f 172/172/172 173/173/173 174/174/174
f 173/173/173 172/172/172 175/175/175
f 172/172/172 176/176/176 175/175/175
f 177/177/177 176/176/176 172/172/172
f 178/178/178 179/179/179 180/180/180
f 179/179/179 178/178/178 181/181/181
f 178/178/178 182/182/182 181/181/181
f 182/182/182 178/178/178 183/183/183
f 184/184/184 185/185/185 186/186/186
f 185/185/185 184/184/184 187/187/187
f 185/185/185 187/187/187 188/188/188
f 188/188/188 189/189/189 185/185/185
f 189/189/189 188/188/188 190/190/190
f 190/190/190 191/191/191 189/189/189
f 192/192/192 193/193/193 194/194/194
f 193/193/193 192/192/192 195/195/195
f 192/192/192 196/196/196 195/195/195
f 196/196/196 192/192/192 197/197/197
f 198/198/198 199/199/199 200/200/200
f 199/199/199 198/198/198 201/201/201
f 202/202/202 203/203/203 204/204/204
f 203/203/203 202/202/202 205/205/205
f 206/206/206 203/203/203 207/207/207
f 203/203/203 206/206/206 208/208/208
f 208/208/208 209/209/209 210/210/210
f 210/210/210 211/211/211 208/208/208
f 212/212/212 213/213/213 214/214/214
f 214/214/214 213/213/213 215/215/215
f 213/213/213 212/212/212 216/216/216
f 217/217/217 212/212/212 214/214/214
f 212/212/212 217/217/217 218/218/218
f 219/219/219 217/217/217 220/220/220
f 217/217/217 219/219/219 221/221/221
f 222/222/222 223/223/223 224/224/224
f 224/224/224 225/225/225 222/222/222
f 226/226/226 227/227/227 228/228/228
f 228/228/228 229/229/229 226/226/226
f 230/230/230 231/231/231 232/232/232
f 231/231/231 230/230/230 233/233/233
f 234/234/234 235/235/235 236/236/236
f 235/235/235 234/234/234 237/237/237
f 238/238/238 239/239/239 240/240/240
f 239/239/239 238/238/238 241/241/241
f 242/242/242 243/243/243 244/244/244
f 244/244/244 245/245/245 242/242/242
f 242/242/242 246/246/246 247/247/247
f 246/246/246 242/242/242 248/248/248
f 249/249/249 250/250/250 248/248/248
f 250/250/250 249/249/249 251/251/251
f 252/252/252 253/253/253 254/254/254
f 253/253/253 252/252/252 255/255/255
f 256/256/256 257/257/257 258/258/258
f 258/258/258 259/259/259 256/256/256
f 260/260/260 261/261/261 262/262/262
f 262/262/262 261/261/261 263/263/263
f 264/264/264 265/265/265 266/266/266
f 265/265/265 264/264/264 267/267/267
f 268/268/268 269/269/269 270/270/270
f 270/270/270 269/269/269 271/271/271
f 272/272/272 273/273/273 274/274/274
f 273/273/273 272/272/272 275/275/275
f 276/276/276 277/277/277 278/278/278
f 277/277/277 276/276/276 279/279/279
f 280/280/280 277/277/277 279/279/279
f 277/277/277 280/280/280 281/281/281
f 282/282/282 283/283/283 284/284/284
f 283/283/283 282/282/282 285/285/285
f 286/286/286 287/287/287 288/288/288
f 287/287/287 286/286/286 289/289/289
f 286/286/286 290/290/290 289/289/289
f 290/290/290 286/286/286 291/291/291
f 292/292/292 293/293/293 294/294/294
f 294/294/294 293/293/293 295/295/295
f 293/293/293 296/296/296 297/297/297
f 296/296/296 293/293/293 298/298/298
f 299/299/299 294/294/294 300/300/300
f 294/294/294 299/299/299 301/301/301
f 302/302/302 303/303/303 304/304/304
f 303/303/303 302/302/302 305/305/305
f 306/306/306 307/307/307 308/308/308
f 307/307/307 306/306/306 309/309/309
f 306/306/306 310/310/310 311/311/311
f 311/311/311 312/312/312 306/306/306
f 313/313/313 314/314/314 315/315/315
f 314/314/314 313/313/313 316/316/316
f 317/317/317 318/318/318 319/319/319
f 318/318/318 317/317/317 320/320/320
f 321/321/321 322/322/322 323/323/323
f 322/322/322 321/321/321 324/324/324
f 325/325/325 326/326/326 327/327/327
f 326/326/326 325/325/325 328/328/328
f 329/329/329 330/330/330 331/331/331
f 330/330/330 329/329/329 332/332/332
f 333/333/333 330/330/330 332/332/332
f 330/330/330 333/333/333 334/334/334
f 335/335/335 336/336/336 337/337/337
f 336/336/336 335/335/335 338/338/338
f 335/335/335 339/339/339 340/340/340
f 340/340/340 341/341/341 335/335/335
f 340/340/340 342/342/342 341/341/341
f 342/342/342 340/340/340 343/343/343
f 342/342/342 343/343/343 344/344/344
f 344/344/344 345/345/345 342/342/342
f 344/344/344 346/346/346 345/345/345
f 346/346/346 344/344/344 347/347/347
f 346/346/346 348/348/348 349/349/349
f 349/349/349 350/350/350 346/346/346
f 349/349/349 351/351/351 350/350/350
f 351/351/351 349/349/349 352/352/352
f 353/353/353 354/354/354 355/355/355
f 354/354/354 353/353/353 356/356/356
f 357/357/357 358/358/358 359/359/359
f 359/359/359 358/358/358 360/360/360
f 359/359/359 361/361/361 362/362/362
f 362/362/362 363/363/363 359/359/359
f 362/362/362 364/364/364 363/363/363
f 364/364/364 362/362/362 365/365/365
f 366/366/366 367/367/367 368/368/368
f 368/368/368 369/369/369 366/366/366
f 366/366/366 370/370/370 367/367/367
f 370/370/370 366/366/366 371/371/371
f 372/372/372 373/373/373 374/374/374
f 373/373/373 372/372/372 375/375/375
f 376/376/376 377/377/377 378/378/378
f 377/377/377 376/376/376 379/379/379
f 380/380/380 381/381/381 382/382/382
f 382/382/382 381/381/381 383/383/383
f 384/384/384 385/385/385 381/381/381
f 381/381/381 386/386/386 384/384/384
f 382/382/382 387/387/387 388/388/388
f 388/388/388 389/389/389 382/382/382
f 390/390/390 391/391/391 392/392/392
f 391/391/391 390/390/390 393/393/393
f 390/390/390 394/394/394 393/393/393
f 395/395/395 394/394/394 390/390/390
f 396/396/396 397/397/397 398/398/398
f 397/397/397 396/396/396 399/399/399
f 400/400/400 401/401/401 402/402/402
f 401/401/401 400/400/400 403/403/403
f 401/401/401 404/404/404 405/405/405
f 404/404/404 401/401/401 406/406/406
f 407/407/407 408/408/408 409/409/409
f 408/408/408 407/407/407 410/410/410
f 411/411/411 412/412/412 413/413/413
f 412/412/412 411/411/411 414/414/414
f 415/415/415 416/416/416 417/417/417
f 416/416/416 415/415/415 418/418/418
f 419/419/419 420/420/420 421/421/421
f 420/420/420 419/419/419 422/422/422
f 419/419/419 421/421/421 423/423/423
f 423/423/423 424/424/424 419/419/419
f 425/425/425 426/426/426 427/427/427
f 426/426/426 425/425/425 428/428/428
f 429/429/429 430/430/430 431/431/431
f 430/430/430 429/429/429 432/432/432
f 433/433/433 430/430/430 434/434/434
f 430/430/430 433/433/433 435/435/435
f 433/433/433 436/436/436 435/435/435
f 436/436/436 433/433/433 437/437/437
f 438/438/438 439/439/439 440/440/440
f 439/439/439 438/438/438 441/441/441
f 438/438/438 440/440/440 442/442/442
f 442/442/442 443/443/443 438/438/438
f 442/442/442 444/444/444 445/445/445
f 444/444/444 442/442/442 446/446/446
f 444/444/444 446/446/446 447/447/447
f 447/447/447 448/448/448 444/444/444
f 449/449/449 450/450/450 451/451/451
f 451/451/451 452/452/452 449/449/449
f 449/449/449 453/453/453 454/454/454
f 453/453/453 449/449/449 455/455/455
f 456/456/456 457/457/457 455/455/455
f 457/457/457 456/456/456 458/458/458
f 459/459/459 460/460/460 461/461/461
f 461/461/461 462/462/462 459/459/459
f 463/463/463 464/464/464 465/465/465
f 464/464/464 463/463/463 466/466/466
f 467/467/467 468/468/468 469/469/469
f 468/468/468 467/467/467 470/470/470
f 471/471/471 468/468/468 470/470/470
f 468/468/468 471/471/471 472/472/472
f 473/473/473 474/474/474 475/475/475
f 474/474/474 473/473/473 476/476/476
f 477/477/477 478/478/478 479/479/479
f 478/478/478 477/477/477 480/480/480
f 481/481/481 482/482/482 483/483/483
f 482/482/482 481/481/481 484/484/484
f 482/482/482 485/485/485 486/486/486
f 485/485/485 482/482/482 487/487/487
f 488/488/488 489/489/489 490/490/490
f 489/489/489 488/488/488 491/491/491
f 492/492/492 493/493/493 494/494/494
f 493/493/493 492/492/492 495/495/495
f 496/496/496 497/497/497 498/498/498
f 497/497/497 496/496/496 499/499/499
f 496/496/496 498/498/498 500/500/500
f 500/500/500 501/501/501 496/496/496
f 502/502/502 503/503/503 504/504/504
f 503/503/503 502/502/502 505/505/505
f 506/506/506 503/503/503 507/507/507
f 508/508/508 503/503/503 506/506/506
f 506/506/506 509/509/509 510/510/510
f 510/510/510 511/511/511 506/506/506
f 510/510/510 512/512/512 511/511/511
f 512/512/512 510/510/510 513/513/513
f 514/514/514 512/512/512 513/513/513
f 512/512/512 514/514/514 515/515/515
f 515/515/515 514/514/514 516/516/516
f 517/517/517 518/518/518 519/519/519
f 518/518/518 517/517/517 520/520/520
f 521/521/521 518/518/518 522/522/522
f 518/518/518 521/521/521 523/523/523
f 524/524/524 525/525/525 526/526/526
f 526/526/526 527/527/527 524/524/524
f 524/524/524 528/528/528 525/525/525
f 528/528/528 524/524/524 529/529/529
f 530/530/530 528/528/528 529/529/529
f 528/528/528 530/530/530 531/531/531
f 531/531/531 530/530/530 532/532/532
f 533/533/533 534/534/534 535/535/535
f 534/534/534 533/533/533 536/536/536
f 537/537/537 534/534/534 536/536/536
f 534/534/534 537/537/537 538/538/538
f 539/539/539 540/540/540 541/541/541
f 540/540/540 539/539/539 542/542/542
f 543/543/543 544/544/544 545/545/545
f 544/544/544 543/543/543 546/546/546
f 547/547/547 548/548/548 549/549/549
f 548/548/548 547/547/547 550/550/550
f 551/551/551 552/552/552 553/553/553
f 552/552/552 551/551/551 554/554/554
f 555/555/555 556/556/556 557/557/557
f 557/557/557 558/558/558 555/555/555
f 559/559/559 560/560/560 561/561/561
f 560/560/560 559/559/559 562/562/562
f 563/563/563 564/564/564 565/565/565
f 565/565/565 566/566/566 563/563/563
f 567/567/567 568/568/568 569/569/569
f 568/568/568 567/567/567 570/570/570
f 567/567/567 569/569/569 571/571/571
f 571/571/571 572/572/572 567/567/567
f 573/573/573 574/574/574 575/575/575
f 575/575/575 574/574/574 576/576/576
f 577/577/577 578/578/578 574/574/574
f 574/574/574 579/579/579 577/577/577
f 580/580/580 581/581/581 582/582/582
f 581/581/581 580/580/580 583/583/583
f 580/580/580 584/584/584 583/583/583
f 584/584/584 580/580/580 585/585/585
f 586/586/586 584/584/584 587/587/587
f 584/584/584 586/586/586 588/588/588
f 586/586/586 589/589/589 588/588/588
f 589/589/589 586/586/586 590/590/590
f 591/591/591 592/592/592 593/593/593
f 593/593/593 594/594/594 591/591/591
f 591/591/591 595/595/595 592/592/592
f 595/595/595 591/591/591 596/596/596
f 597/597/597 595/595/595 596/596/596
f 595/595/595 597/597/597 598/598/598
f 599/599/599 600/600/600 601/601/601
f 600/600/600 599/599/599 602/602/602
f 599/599/599 603/603/603 602/602/602
f 604/604/604 603/603/603 599/599/599
f 605/605/605 606/606/606 607/607/607
f 606/606/606 605/605/605 608/608/608
f 605/605/605 607/607/607 609/609/609
f 609/609/609 610/610/610 605/605/605
f 609/609/609 611/611/611 610/610/610
f 611/611/611 609/609/609 612/612/612
f 611/611/611 612/612/612 613/613/613
f 613/613/613 614/614/614 611/611/611
f 615/615/615 616/616/616 617/617/617
f 617/617/617 618/618/618 615/615/615
f 619/619/619 620/620/620 621/621/621
f 619/619/619 621/621/621 622/622/622
f 623/623/623 619/619/619 622/622/622
f 619/619/619 623/623/623 624/624/624
f 625/625/625 624/624/624 623/623/623
f 625/625/625 623/623/623 626/626/626
f 625/625/625 626/626/626 627/627/627
f 627/627/627 628/628/628 625/625/625
f 628/628/628 627/627/627 629/629/629
f 629/629/629 627/627/627 630/630/630
f 631/631/631 632/632/632 633/633/633
f 633/633/633 632/632/632 634/634/634
f 635/635/635 633/633/633 636/636/636
f 633/633/633 635/635/635 637/637/637
f 638/638/638 635/635/635 639/639/639
f 635/635/635 638/638/638 640/640/640
f 641/641/641 642/642/642 643/643/643
f 642/642/642 641/641/641 644/644/644
f 645/645/645 646/646/646 647/647/647
f 646/646/646 645/645/645 648/648/648
f 645/645/645 649/649/649 648/648/648
f 649/649/649 645/645/645 650/650/650
f 651/651/651 649/649/649 650/650/650
f 649/649/649 651/651/651 652/652/652
f 651/651/651 653/653/653 652/652/652
f 653/653/653 651/651/651 654/654/654
f 655/655/655 656/656/656 657/657/657
f 656/656/656 655/655/655 658/658/658
f 659/659/659 660/660/660 661/661/661
f 660/660/660 659/659/659 662/662/662
f 659/659/659 663/663/663 664/664/664
f 664/664/664 665/665/665 659/659/659
f 664/664/664 666/666/666 665/665/665
f 666/666/666 664/664/664 667/667/667
f 668/668/668 669/669/669 670/670/670
f 669/669/669 668/668/668 671/671/671
f 672/672/672 673/673/673 674/674/674
f 673/673/673 672/672/672 675/675/675
f 676/676/676 673/673/673 677/677/677
f 673/673/673 676/676/676 678/678/678
f 676/676/676 679/679/679 678/678/678
f 679/679/679 676/676/676 680/680/680
f 681/681/681 682/682/682 683/683/683
f 683/683/683 684/684/684 681/681/681
f 685/685/685 686/686/686 687/687/687
f 687/687/687 688/688/688 685/685/685
f 689/689/689 690/690/690 691/691/691
f 690/690/690 689/689/689 692/692/692
f 693/693/693 694/694/694 695/695/695
f 694/694/694 693/693/693 696/696/696
f 697/697/697 698/698/698 699/699/699
f 699/699/699 700/700/700 697/697/697
f 701/701/701 702/702/702 703/703/703
f 702/702/702 701/701/701 704/704/704
f 705/705/705 703/703/703 702/702/702
f 703/703/703 705/705/705 706/706/706
f 707/707/707 701/701/701 708/708/708
f 701/701/701 707/707/707 709/709/709
f 706/706/706 710/710/710 711/711/711
f 711/711/711 712/712/712 706/706/706
f 713/713/713 711/711/711 714/714/714
f 711/711/711 713/713/713 715/715/715
f 716/716/716 717/717/717 718/718/718
f 717/717/717 716/716/716 719/719/719
f 720/720/720 721/721/721 722/722/722
f 721/721/721 720/720/720 723/723/723
f 724/724/724 722/722/722 721/721/721
f 722/722/722 724/724/724 725/725/725
f 726/726/726 720/720/720 727/727/727
f 720/720/720 726/726/726 728/728/728
f 729/729/729 724/724/724 730/730/730
f 724/724/724 729/729/729 731/731/731
f 732/732/732 733/733/733 734/734/734
f 733/733/733 732/732/732 735/735/735
f 736/736/736 737/737/737 738/738/738
f 737/737/737 736/736/736 739/739/739
f 740/740/740 741/741/741 742/742/742
f 741/741/741 740/740/740 743/743/743
f 744/744/744 745/745/745 746/746/746
f 746/746/746 747/747/747 744/744/744
f 744/744/744 748/748/748 749/749/749
f 748/748/748 744/744/744 750/750/750
f 751/751/751 752/752/752 750/750/750
f 752/752/752 751/751/751 753/753/753
f 754/754/754 755/755/755 756/756/756
f 755/755/755 754/754/754 757/757/757
f 758/758/758 759/759/759 760/760/760
f 759/759/759 758/758/758 761/761/761
f 759/759/759 762/762/762 763/763/763
f 762/762/762 759/759/759 764/764/764
f 765/765/765 766/766/766 767/767/767
f 766/766/766 765/765/765 768/768/768
f 769/769/769 770/770/770 771/771/771
f 770/770/770 769/769/769 772/772/772
f 769/769/769 773/773/773 772/772/772
f 774/774/774 773/773/773 769/769/769
f 775/775/775 776/776/776 777/777/777
f 777/777/777 778/778/778 775/775/775
f 779/779/779 780/780/780 781/781/781
f 780/780/780 779/779/779 782/782/782
f 783/783/783 784/784/784 785/785/785
f 785/785/785 786/786/786 783/783/783
f 787/787/787 788/788/788 789/789/789
f 789/789/789 790/790/790 787/787/787
f 791/791/791 792/792/792 793/793/793
f 792/792/792 791/791/791 794/794/794
f 795/795/795 796/796/796 797/797/797
f 796/796/796 795/795/795 798/798/798
f 799/799/799 800/800/800 801/801/801
f 800/800/800 799/799/799 802/802/802
f 803/803/803 804/804/804 805/805/805
f 804/804/804 803/803/803 806/806/806
f 807/807/807 808/808/808 809/809/809
f 808/808/808 807/807/807 810/810/810
f 811/811/811 812/812/812 813/813/813
f 812/812/812 811/811/811 814/814/814
f 815/815/815 816/816/816 817/817/817
f 816/816/816 815/815/815 818/818/818
f 819/819/819 820/820/820 821/821/821
f 820/820/820 819/819/819 822/822/822
f 820/820/820 822/822/822 823/823/823
f 823/823/823 822/822/822 824/824/824
f 823/823/823 825/825/825 826/826/826
f 826/826/826 827/827/827 823/823/823
f 828/828/828 821/821/821 829/829/829
f 821/821/821 828/828/828 830/830/830
f 826/826/826 831/831/831 832/832/832
f 831/831/831 826/826/826 833/833/833
f 831/831/831 833/833/833 834/834/834
f 834/834/834 835/835/835 831/831/831
f 836/836/836 828/828/828 837/837/837
f 828/828/828 836/836/836 838/838/838
f 836/836/836 839/839/839 838/838/838
f 839/839/839 836/836/836 840/840/840
f 839/839/839 841/841/841 842/842/842
f 841/841/841 839/839/839 843/843/843
f 834/834/834 844/844/844 845/845/845
f 844/844/844 834/834/834 846/846/846
f 844/844/844 846/846/846 847/847/847
f 847/847/847 848/848/848 844/844/844
f 849/849/849 850/850/850 851/851/851
f 851/851/851 852/852/852 849/849/849
f 853/853/853 854/854/854 855/855/855
f 854/854/854 853/853/853 856/856/856
f 857/857/857 858/858/858 859/859/859
f 858/858/858 857/857/857 860/860/860
f 861/861/861 862/862/862 863/863/863
f 863/863/863 864/864/864 861/861/861
f 865/865/865 866/866/866 867/867/867
f 866/866/866 865/865/865 868/868/868
f 869/869/869 870/870/870 871/871/871
f 870/870/870 869/869/869 872/872/872
f 871/871/871 873/873/873 869/869/869
f 874/874/874 870/870/870 872/872/872
f 873/873/873 871/871/871 875/875/875
f 870/870/870 874/874/874 876/876/876
f 877/877/877 873/873/873 875/875/875
f 878/878/878 876/876/876 874/874/874
f 877/877/877 875/875/875 879/879/879
f 876/876/876 878/878/878 880/880/880
f 879/879/879 881/881/881 877/877/877
f 882/882/882 880/880/880 878/878/878
f 881/881/881 879/879/879 883/883/883
f 880/880/880 882/882/882 884/884/884
f 881/881/881 884/884/884 882/882/882
f 884/884/884 881/881/881 883/883/883
f 885/885/885 886/886/886 887/887/887
f 886/886/886 888/888/888 887/887/887
f 889/889/889 890/890/890 891/891/891
f 890/890/890 889/889/889 892/892/892
f 889/889/889 893/893/893 892/892/892
f 893/893/893 889/889/889 894/894/894
f 895/895/895 893/893/893 894/894/894
f 893/893/893 895/895/895 896/896/896
f 895/895/895 897/897/897 896/896/896
f 897/897/897 895/895/895 898/898/898
f 899/899/899 900/900/900 901/901/901
f 900/900/900 899/899/899 902/902/902
f 903/903/903 904/904/904 905/905/905
f 904/904/904 903/903/903 906/906/906
f 907/907/907 908/908/908 909/909/909
f 909/909/909 908/908/908 910/910/910
f 908/908/908 911/911/911 912/912/912
f 911/911/911 908/908/908 913/913/913
f 914/914/914 915/915/915 916/916/916
f 915/915/915 914/914/914 917/917/917
f 915/915/915 918/918/918 919/919/919
f 918/918/918 915/915/915 920/920/920
f 921/921/921 922/922/922 923/923/923
f 922/922/922 921/921/921 924/924/924
f 925/925/925 926/926/926 927/927/927
f 926/926/926 925/925/925 928/928/928
f 929/929/929 930/930/930 931/931/931
f 930/930/930 929/929/929 932/932/932
f 933/933/933 934/934/934 935/935/935
f 934/934/934 933/933/933 936/936/936
f 937/937/937 938/938/938 934/934/934
f 938/938/938 937/937/937 939/939/939
f 939/939/939 940/940/940 941/941/941
f 941/941/941 942/942/942 939/939/939
f 943/943/943 933/933/933 944/944/944
f 933/933/933 943/943/943 945/945/945
f 946/946/946 943/943/943 947/947/947
f 943/943/943 946/946/946 948/948/948
f 949/949/949 950/950/950 951/951/951
f 950/950/950 949/949/949 952/952/952
f 953/953/953 950/950/950 952/952/952
f 950/950/950 953/953/953 954/954/954
f 955/955/955 953/953/953 956/956/956
f 953/953/953 955/955/955 957/957/957
f 958/958/958 959/959/959 960/960/960
f 959/959/959 958/958/958 961/961/961
f 962/962/962 960/960/960 959/959/959
f 960/960/960 962/962/962 963/963/963
f 964/964/964 958/958/958 965/965/965
f 958/958/958 964/964/964 966/966/966
f 967/967/967 962/962/962 968/968/968
f 962/962/962 967/967/967 969/969/969
f 970/970/970 971/971/971 972/972/972
f 971/971/971 970/970/970 973/973/973
f 970/970/970 974/974/974 973/973/973
f 974/974/974 970/970/970 975/975/975
f 976/976/976 974/974/974 975/975/975
f 974/974/974 976/976/976 977/977/977
f 978/978/978 979/979/979 980/980/980
f 979/979/979 978/978/978 981/981/981
f 982/982/982 983/983/983 984/984/984
f 983/983/983 982/982/982 985/985/985
f 986/986/986 987/987/987 988/988/988
f 987/987/987 986/986/986 989/989/989
f 990/990/990 991/991/991 992/992/992
f 991/991/991 990/990/990 993/993/993
f 994/994/994 995/995/995 996/996/996
f 995/995/995 994/994/994 997/997/997
f 994/994/994 998/998/998 997/997/997
f 999/999/999 998/998/998 994/994/994
f 1000/1000/1000 1001/1001/1001 1002/1002/1002
f 1001/1001/1001 1000/1000/1000 1003/1003/1003
f 1004/1004/1004 1005/1005/1005 1006/1006/1006
f 1005/1005/1005 1004/1004/1004 1007/1007/1007
f 1004/1004/1004 1008/1008/1008 1009/1009/1009
f 1009/1009/1009 1010/1010/1010 1004/1004/1004
f 1011/1011/1011 1012/1012/1012 1013/1013/1013
f 1012/1012/1012 1011/1011/1011 1014/1014/1014
f 1015/1015/1015 1016/1016/1016 1017/1017/1017
f 1016/1016/1016 1015/1015/1015 1018/1018/1018
f 1019/1019/1019 1020/1020/1020 1021/1021/1021
f 1020/1020/1020 1019/1019/1019 1022/1022/1022
f 1023/1023/1023 1024/1024/1024 1025/1025/1025
f 1024/1024/1024 1023/1023/1023 1026/1026/1026
f 1027/1027/1027 1025/1025/1025 1024/1024/1024
f 1028/1028/1028 1026/1026/1026 1023/1023/1023
f 1025/1025/1025 1027/1027/1027 1029/1029/1029
f 1026/1026/1026 1028/1028/1028 1030/1030/1030
f 1029/1029/1029 1027/1027/1027 1031/1031/1031
f 1028/1028/1028 1032/1032/1032 1030/1030/1030
f 1031/1031/1031 1027/1027/1027 1033/1033/1033
f 1032/1032/1032 1028/1028/1028 1034/1034/1034
f 1033/1033/1033 1035/1035/1035 1031/1031/1031
f 1034/1034/1034 1036/1036/1036 1032/1032/1032
f 1035/1035/1035 1033/1033/1033 1037/1037/1037
f 1038/1038/1038 1036/1036/1036 1034/1034/1034
f 1035/1035/1035 1037/1037/1037 1039/1039/1039
f 1036/1036/1036 1038/1038/1038 1040/1040/1040
f 1041/1041/1041 1039/1039/1039 1037/1037/1037
f 1042/1042/1042 1040/1040/1040 1038/1038/1038
f 1039/1039/1039 1041/1041/1041 1043/1043/1043
f 1040/1040/1040 1042/1042/1042 1044/1044/1044
f 1045/1045/1045 1043/1043/1043 1041/1041/1041
f 1040/1040/1040 1044/1044/1044 1046/1046/1046
f 1043/1043/1043 1045/1045/1045 1047/1047/1047
f 1048/1048/1048 1046/1046/1046 1044/1044/1044
f 1046/1046/1046 1048/1048/1048 1049/1049/1049
f 1049/1049/1049 1048/1048/1048 1050/1050/1050
f 1051/1051/1051 1047/1047/1047 1045/1045/1045
f 1047/1047/1047 1051/1051/1051 1052/1052/1052
f 1051/1051/1051 1053/1053/1053 1052/1052/1052
f 1053/1053/1053 1051/1051/1051 1054/1054/1054
f 1053/1053/1053 1054/1054/1054 1055/1055/1055
f 1056/1056/1056 1055/1055/1055 1054/1054/1054
f 1055/1055/1055 1056/1056/1056 1057/1057/1057
f 1058/1058/1058 1057/1057/1057 1056/1056/1056
f 1057/1057/1057 1058/1058/1058 1059/1059/1059
f 1060/1060/1060 1059/1059/1059 1058/1058/1058
f 1059/1059/1059 1060/1060/1060 1061/1061/1061
f 1061/1061/1061 1060/1060/1060 1062/1062/1062
f 1062/1062/1062 1063/1063/1063 1061/1061/1061
f 1064/1064/1064 1063/1063/1063 1062/1062/1062
f 1063/1063/1063 1064/1064/1064 1065/1065/1065
f 1066/1066/1066 1065/1065/1065 1064/1064/1064
f 1065/1065/1065 1066/1066/1066 1067/1067/1067
f 1067/1067/1067 1066/1066/1066 1068/1068/1068
f 1069/1069/1069 1068/1068/1068 1066/1066/1066
f 1068/1068/1068 1069/1069/1069 1070/1070/1070
f 1070/1070/1070 1069/1069/1069 1071/1071/1071
f 1071/1071/1071 1072/1072/1072 1070/1070/1070
f 1072/1072/1072 1071/1071/1071 1073/1073/1073
f 1072/1072/1072 1073/1073/1073 1074/1074/1074
f 1075/1075/1075 1074/1074/1074 1073/1073/1073
f 1074/1074/1074 1075/1075/1075 1076/1076/1076
f 1077/1077/1077 1076/1076/1076 1075/1075/1075
f 1076/1076/1076 1077/1077/1077 1078/1078/1078
f 1079/1079/1079 1078/1078/1078 1077/1077/1077
f 1078/1078/1078 1079/1079/1079 1080/1080/1080
f 1080/1080/1080 1079/1079/1079 1081/1081/1081
f 1081/1081/1081 1082/1082/1082 1080/1080/1080
f 1082/1082/1082 1081/1081/1081 1083/1083/1083
f 1084/1084/1084 1083/1083/1083 1081/1081/1081
f 1083/1083/1083 1084/1084/1084 1085/1085/1085
f 1086/1086/1086 1085/1085/1085 1084/1084/1084
f 1085/1085/1085 1086/1086/1086 1050/1050/1050
f 1050/1050/1050 1086/1086/1086 1087/1087/1087
f 1088/1088/1088 1089/1089/1089 1090/1090/1090
f 1089/1089/1089 1088/1088/1088 1091/1091/1091
f 1089/1089/1089 1091/1091/1091 1092/1092/1092
f 1093/1093/1093 1094/1094/1094 1095/1095/1095
f 1094/1094/1094 1093/1093/1093 1096/1096/1096
f 1097/1097/1097 1098/1098/1098 1099/1099/1099
f 1100/1100/1100 1099/1099/1099 1098/1098/1098
f 1098/1098/1098 1097/1097/1097 1101/1101/1101
f 1099/1099/1099 1100/1100/1100 1102/1102/1102
f 1103/1103/1103 1101/1101/1101 1097/1097/1097
f 1102/1102/1102 1104/1104/1104 1099/1099/1099
f 1101/1101/1101 1103/1103/1103 1105/1105/1105
f 1106/1106/1106 1104/1104/1104 1102/1102/1102
f 1107/1107/1107 1105/1105/1105 1103/1103/1103
f 1104/1104/1104 1106/1106/1106 1108/1108/1108
f 1105/1105/1105 1107/1107/1107 1109/1109/1109
f 1110/1110/1110 1108/1108/1108 1106/1106/1106
f 1109/1109/1109 1107/1107/1107 1111/1111/1111
f 1108/1108/1108 1110/1110/1110 1112/1112/1112
f 1111/1111/1111 1113/1113/1113 1109/1109/1109
f 1114/1114/1114 1112/1112/1112 1110/1110/1110
f 1115/1115/1115 1113/1113/1113 1111/1111/1111
f 1112/1112/1112 1114/1114/1114 1116/1116/1116
f 1113/1113/1113 1115/1115/1115 1117/1117/1117
f 1118/1118/1118 1116/1116/1116 1114/1114/1114
f 1119/1119/1119 1117/1117/1117 1115/1115/1115
f 1118/1118/1118 1120/1120/1120 1116/1116/1116
f 1117/1117/1117 1119/1119/1119 1121/1121/1121
f 1120/1120/1120 1118/1118/1118 1122/1122/1122
f 1123/1123/1123 1121/1121/1121 1119/1119/1119
f 1124/1124/1124 1120/1120/1120 1122/1122/1122
f 1121/1121/1121 1123/1123/1123 1125/1125/1125
f 1120/1120/1120 1124/1124/1124 1126/1126/1126
f 1125/1125/1125 1123/1123/1123 1127/1127/1127
f 1128/1128/1128 1126/1126/1126 1124/1124/1124
f 1129/1129/1129 1127/1127/1127 1123/1123/1123
f 1126/1126/1126 1128/1128/1128 1130/1130/1130
f 1129/1129/1129 1131/1131/1131 1127/1127/1127
f 1132/1132/1132 1130/1130/1130 1128/1128/1128
f 1131/1131/1131 1129/1129/1129 1133/1133/1133
f 1130/1130/1130 1132/1132/1132 1134/1134/1134
f 1131/1131/1131 1133/1133/1133 1135/1135/1135
f 1132/1132/1132 1136/1136/1136 1134/1134/1134
f 1137/1137/1137 1135/1135/1135 1133/1133/1133
f 1136/1136/1136 1132/1132/1132 1138/1138/1138
f 1135/1135/1135 1137/1137/1137 1139/1139/1139
f 1138/1138/1138 1140/1140/1140 1136/1136/1136
f 1141/1141/1141 1139/1139/1139 1137/1137/1137
f 1142/1142/1142 1140/1140/1140 1138/1138/1138
f 1139/1139/1139 1141/1141/1141 1143/1143/1143
f 1140/1140/1140 1142/1142/1142 1144/1144/1144
f 1145/1145/1145 1143/1143/1143 1141/1141/1141
f 1146/1146/1146 1144/1144/1144 1142/1142/1142
f 1143/1143/1143 1145/1145/1145 1147/1147/1147
f 1148/1148/1148 1144/1144/1144 1146/1146/1146
f 1149/1149/1149 1147/1147/1147 1145/1145/1145
f 1144/1144/1144 1148/1148/1148 1150/1150/1150
f 1149/1149/1149 1151/1151/1151 1147/1147/1147
f 1152/1152/1152 1150/1150/1150 1148/1148/1148
f 1153/1153/1153 1151/1151/1151 1149/1149/1149
f 1150/1150/1150 1152/1152/1152 1154/1154/1154
f 1151/1151/1151 1153/1153/1153 1155/1155/1155
f 1156/1156/1156 1154/1154/1154 1152/1152/1152
f 1155/1155/1155 1153/1153/1153 1157/1157/1157
f 1154/1154/1154 1156/1156/1156 1158/1158/1158
f 1159/1159/1159 1157/1157/1157 1153/1153/1153
f 1156/1156/1156 1160/1160/1160 1158/1158/1158
f 1157/1157/1157 1159/1159/1159 1161/1161/1161
f 1161/1161/1161 1160/1160/1160 1156/1156/1156
f 1160/1160/1160 1161/1161/1161 1159/1159/1159
f 1162/1162/1162 1163/1163/1163 1164/1164/1164
f 1163/1163/1163 1162/1162/1162 1165/1165/1165
f 1166/1166/1166 1167/1167/1167 1168/1168/1168
f 1167/1167/1167 1166/1166/1166 1169/1169/1169
f 1170/1170/1170 1171/1171/1171 1172/1172/1172
f 1171/1171/1171 1170/1170/1170 1173/1173/1173
f 1174/1174/1174 1175/1175/1175 1176/1176/1176
f 1175/1175/1175 1174/1174/1174 1177/1177/1177
f 1178/1178/1178 1179/1179/1179 1180/1180/1180
f 1179/1179/1179 1178/1178/1178 1181/1181/1181
f 1182/1182/1182 1183/1183/1183 1181/1181/1181
f 1183/1183/1183 1182/1182/1182 1184/1184/1184
f 1185/1185/1185 1186/1186/1186 1187/1187/1187
f 1186/1186/1186 1185/1185/1185 1188/1188/1188
f 1189/1189/1189 1187/1187/1187 1186/1186/1186
f 1187/1187/1187 1189/1189/1189 1190/1190/1190
f 1191/1191/1191 1185/1185/1185 1192/1192/1192
f 1185/1185/1185 1191/1191/1191 1193/1193/1193
f 1194/1194/1194 1189/1189/1189 1195/1195/1195
f 1189/1189/1189 1194/1194/1194 1196/1196/1196
f 1197/1197/1197 1198/1198/1198 1199/1199/1199
f 1198/1198/1198 1197/1197/1197 1200/1200/1200
f 1198/1198/1198 1201/1201/1201 1202/1202/1202
f 1201/1201/1201 1198/1198/1198 1203/1203/1203
f 1201/1201/1201 1204/1204/1204 1205/1205/1205
f 1204/1204/1204 1201/1201/1201 1206/1206/1206
f 1207/1207/1207 1208/1208/1208 1209/1209/1209
f 1209/1209/1209 1210/1210/1210 1207/1207/1207
f 1207/1207/1207 1211/1211/1211 1208/1208/1208
f 1211/1211/1211 1207/1207/1207 1212/1212/1212
f 1213/1213/1213 1211/1211/1211 1212/1212/1212
f 1211/1211/1211 1213/1213/1213 1214/1214/1214
f 1215/1215/1215 1216/1216/1216 1217/1217/1217
f 1216/1216/1216 1215/1215/1215 1218/1218/1218
f 1219/1219/1219 1220/1220/1220 1221/1221/1221
f 1222/1222/1222 1221/1221/1221 1220/1220/1220
f 1220/1220/1220 1219/1219/1219 1223/1223/1223
f 1221/1221/1221 1222/1222/1222 1224/1224/1224
f 1225/1225/1225 1223/1223/1223 1219/1219/1219
f 1226/1226/1226 1224/1224/1224 1222/1222/1222
f 1223/1223/1223 1225/1225/1225 1227/1227/1227
f 1226/1226/1226 1228/1228/1228 1224/1224/1224
f 1229/1229/1229 1227/1227/1227 1225/1225/1225
f 1228/1228/1228 1226/1226/1226 1230/1230/1230
f 1227/1227/1227 1229/1229/1229 1231/1231/1231
f 1232/1232/1232 1230/1230/1230 1226/1226/1226
f 1229/1229/1229 1233/1233/1233 1231/1231/1231
f 1230/1230/1230 1232/1232/1232 1234/1234/1234
f 1233/1233/1233 1229/1229/1229 1235/1235/1235
f 1236/1236/1236 1234/1234/1234 1232/1232/1232
f 1235/1235/1235 1237/1237/1237 1233/1233/1233
f 1234/1234/1234 1236/1236/1236 1238/1238/1238
f 1239/1239/1239 1237/1237/1237 1235/1235/1235
f 1240/1240/1240 1238/1238/1238 1236/1236/1236
f 1237/1237/1237 1239/1239/1239 1241/1241/1241
f 1238/1238/1238 1240/1240/1240 1242/1242/1242
f 1243/1243/1243 1241/1241/1241 1239/1239/1239
f 1240/1240/1240 1244/1244/1244 1242/1242/1242
f 1243/1243/1243 1245/1245/1245 1241/1241/1241
f 1244/1244/1244 1240/1240/1240 1246/1246/1246
f 1245/1245/1245 1243/1243/1243 1247/1247/1247
f 1244/1244/1244 1246/1246/1246 1248/1248/1248
f 1247/1247/1247 1249/1249/1249 1245/1245/1245
f 1249/1249/1249 1247/1247/1247 1250/1250/1250
f 1249/1249/1249 1250/1250/1250 1251/1251/1251
f 1252/1252/1252 1248/1248/1248 1246/1246/1246
f 1248/1248/1248 1252/1252/1252 1253/1253/1253
f 1254/1254/1254 1253/1253/1253 1252/1252/1252
f 1253/1253/1253 1254/1254/1254 1255/1255/1255
f 1256/1256/1256 1255/1255/1255 1254/1254/1254
f 1255/1255/1255 1256/1256/1256 1257/1257/1257
f 1257/1257/1257 1256/1256/1256 1258/1258/1258
f 1258/1258/1258 1259/1259/1259 1257/1257/1257
f 1260/1260/1260 1259/1259/1259 1258/1258/1258
f 1259/1259/1259 1260/1260/1260 1261/1261/1261
f 1261/1261/1261 1260/1260/1260 1262/1262/1262
f 1263/1263/1263 1262/1262/1262 1260/1260/1260
f 1264/1264/1264 1262/1262/1262 1263/1263/1263
f 1262/1262/1262 1264/1264/1264 1265/1265/1265
f 1265/1265/1265 1264/1264/1264 1266/1266/1266
f 1266/1266/1266 1264/1264/1264 1267/1267/1267
f 1267/1267/1267 1268/1268/1268 1266/1266/1266
f 1268/1268/1268 1267/1267/1267 1269/1269/1269
f 1268/1268/1268 1269/1269/1269 1270/1270/1270
f 1271/1271/1271 1270/1270/1270 1269/1269/1269
f 1270/1270/1270 1271/1271/1271 1272/1272/1272
f 1273/1273/1273 1272/1272/1272 1271/1271/1271
f 1272/1272/1272 1273/1273/1273 1274/1274/1274
f 1275/1275/1275 1274/1274/1274 1273/1273/1273
f 1274/1274/1274 1275/1275/1275 1276/1276/1276
f 1276/1276/1276 1275/1275/1275 1277/1277/1277
f 1277/1277/1277 1278/1278/1278 1276/1276/1276
f 1278/1278/1278 1277/1277/1277 1279/1279/1279
f 1280/1280/1280 1279/1279/1279 1277/1277/1277
f 1279/1279/1279 1280/1280/1280 1281/1281/1281
f 1282/1282/1282 1281/1281/1281 1280/1280/1280
f 1281/1281/1281 1282/1282/1282 1251/1251/1251
f 1251/1251/1251 1282/1282/1282 1283/1283/1283
f 1284/1284/1284 1285/1285/1285 1286/1286/1286
f 1285/1285/1285 1284/1284/1284 1287/1287/1287
f 1288/1288/1288 1289/1289/1289 1290/1290/1290
f 1289/1289/1289 1288/1288/1288 1291/1291/1291
f 1292/1292/1292 1293/1293/1293 1294/1294/1294
f 1293/1293/1293 1292/1292/1292 1295/1295/1295
f 1296/1296/1296 1294/1294/1294 1293/1293/1293
f 1294/1294/1294 1296/1296/1296 1297/1297/1297
f 1298/1298/1298 1296/1296/1296 1299/1299/1299
f 1296/1296/1296 1298/1298/1298 1300/1300/1300
f 1301/1301/1301 1292/1292/1292 1302/1302/1302
f 1292/1292/1292 1301/1301/1301 1303/1303/1303
f 1304/1304/1304 1301/1301/1301 1305/1305/1305
f 1301/1301/1301 1304/1304/1304 1306/1306/1306
f 1307/1307/1307 1308/1308/1308 1309/1309/1309
f 1310/1310/1310 1309/1309/1309 1308/1308/1308
f 1308/1308/1308 1307/1307/1307 1311/1311/1311
f 1312/1312/1312 1309/1309/1309 1310/1310/1310
f 1313/1313/1313 1311/1311/1311 1307/1307/1307
f 1309/1309/1309 1312/1312/1312 1314/1314/1314
f 1311/1311/1311 1313/1313/1313 1315/1315/1315
f 1314/1314/1314 1312/1312/1312 1316/1316/1316
f 1315/1315/1315 1313/1313/1313 1317/1317/1317
f 1316/1316/1316 1318/1318/1318 1314/1314/1314
f 1317/1317/1317 1319/1319/1319 1315/1315/1315
f 1320/1320/1320 1318/1318/1318 1316/1316/1316
f 1319/1319/1319 1317/1317/1317 1321/1321/1321
f 1318/1318/1318 1320/1320/1320 1322/1322/1322
f 1323/1323/1323 1321/1321/1321 1317/1317/1317
f 1324/1324/1324 1322/1322/1322 1320/1320/1320
f 1321/1321/1321 1323/1323/1323 1325/1325/1325
f 1322/1322/1322 1324/1324/1324 1326/1326/1326
f 1327/1327/1327 1325/1325/1325 1323/1323/1323
f 1328/1328/1328 1326/1326/1326 1324/1324/1324
f 1325/1325/1325 1327/1327/1327 1329/1329/1329
f 1326/1326/1326 1328/1328/1328 1330/1330/1330
f 1331/1331/1331 1329/1329/1329 1327/1327/1327
f 1328/1328/1328 1332/1332/1332 1330/1330/1330
f 1329/1329/1329 1331/1331/1331 1333/1333/1333
f 1332/1332/1332 1328/1328/1328 1334/1334/1334
f 1333/1333/1333 1331/1331/1331 1335/1335/1335
f 1334/1334/1334 1336/1336/1336 1332/1332/1332
f 1335/1335/1335 1337/1337/1337 1333/1333/1333
f 1338/1338/1338 1336/1336/1336 1334/1334/1334
f 1339/1339/1339 1337/1337/1337 1335/1335/1335
f 1336/1336/1336 1338/1338/1338 1340/1340/1340
f 1337/1337/1337 1339/1339/1339 1341/1341/1341
f 1342/1342/1342 1340/1340/1340 1338/1338/1338
f 1343/1343/1343 1341/1341/1341 1339/1339/1339
f 1340/1340/1340 1342/1342/1342 1344/1344/1344
f 1341/1341/1341 1343/1343/1343 1345/1345/1345
f 1344/1344/1344 1342/1342/1342 1346/1346/1346
f 1345/1345/1345 1343/1343/1343 1347/1347/1347
f 1346/1346/1346 1348/1348/1348 1344/1344/1344
f 1349/1349/1349 1347/1347/1347 1343/1343/1343
f 1348/1348/1348 1346/1346/1346 1350/1350/1350
f 1351/1351/1351 1347/1347/1347 1349/1349/1349
f 1350/1350/1350 1352/1352/1352 1348/1348/1348
f 1347/1347/1347 1351/1351/1351 1353/1353/1353
f 1352/1352/1352 1350/1350/1350 1354/1354/1354
f 1351/1351/1351 1355/1355/1355 1353/1353/1353
f 1354/1354/1354 1356/1356/1356 1352/1352/1352
f 1355/1355/1355 1351/1351/1351 1357/1357/1357
f 1358/1358/1358 1356/1356/1356 1354/1354/1354
f 1355/1355/1355 1357/1357/1357 1359/1359/1359
f 1356/1356/1356 1358/1358/1358 1360/1360/1360
f 1361/1361/1361 1359/1359/1359 1357/1357/1357
f 1362/1362/1362 1360/1360/1360 1358/1358/1358
f 1359/1359/1359 1361/1361/1361 1363/1363/1363
f 1360/1360/1360 1362/1362/1362 1364/1364/1364
f 1365/1365/1365 1363/1363/1363 1361/1361/1361
f 1366/1366/1366 1364/1364/1364 1362/1362/1362
f 1363/1363/1363 1365/1365/1365 1367/1367/1367
f 1368/1368/1368 1364/1364/1364 1366/1366/1366
f 1369/1369/1369 1367/1367/1367 1365/1365/1365
f 1364/1364/1364 1368/1368/1368 1370/1370/1370
f 1367/1367/1367 1369/1369/1369 1371/1371/1371
f 1370/1370/1370 1368/1368/1368 1371/1371/1371
f 1370/1370/1370 1371/1371/1371 1369/1369/1369
f 1372/1372/1372 1373/1373/1373 1374/1374/1374
f 1373/1373/1373 1372/1372/1372 1375/1375/1375
f 1376/1376/1376 1374/1374/1374 1373/1373/1373
f 1377/1377/1377 1375/1375/1375 1372/1372/1372
f 1374/1374/1374 1376/1376/1376 1378/1378/1378
f 1375/1375/1375 1377/1377/1377 1379/1379/1379
f 1378/1378/1378 1376/1376/1376 1380/1380/1380
f 1377/1377/1377 1381/1381/1381 1379/1379/1379
f 1380/1380/1380 1376/1376/1376 1382/1382/1382
f 1381/1381/1381 1377/1377/1377 1383/1383/1383
f 1382/1382/1382 1384/1384/1384 1380/1380/1380
f 1383/1383/1383 1385/1385/1385 1381/1381/1381
f 1384/1384/1384 1382/1382/1382 1386/1386/1386
f 1387/1387/1387 1385/1385/1385 1383/1383/1383
f 1384/1384/1384 1386/1386/1386 1388/1388/1388
f 1385/1385/1385 1387/1387/1387 1389/1389/1389
f 1390/1390/1390 1388/1388/1388 1386/1386/1386
f 1391/1391/1391 1389/1389/1389 1387/1387/1387
f 1388/1388/1388 1390/1390/1390 1392/1392/1392
f 1389/1389/1389 1391/1391/1391 1393/1393/1393
f 1394/1394/1394 1392/1392/1392 1390/1390/1390
f 1389/1389/1389 1393/1393/1393 1395/1395/1395
f 1392/1392/1392 1394/1394/1394 1396/1396/1396
f 1397/1397/1397 1395/1395/1395 1393/1393/1393
f 1395/1395/1395 1397/1397/1397 1398/1398/1398
f 1398/1398/1398 1397/1397/1397 1399/1399/1399
f 1400/1400/1400 1396/1396/1396 1394/1394/1394
f 1396/1396/1396 1400/1400/1400 1401/1401/1401
f 1400/1400/1400 1402/1402/1402 1401/1401/1401
f 1402/1402/1402 1400/1400/1400 1403/1403/1403
f 1402/1402/1402 1403/1403/1403 1404/1404/1404
f 1405/1405/1405 1404/1404/1404 1403/1403/1403
f 1404/1404/1404 1405/1405/1405 1406/1406/1406
f 1407/1407/1407 1406/1406/1406 1405/1405/1405
f 1406/1406/1406 1407/1407/1407 1408/1408/1408
f 1409/1409/1409 1408/1408/1408 1407/1407/1407
f 1408/1408/1408 1409/1409/1409 1410/1410/1410
f 1410/1410/1410 1409/1409/1409 1411/1411/1411
f 1411/1411/1411 1412/1412/1412 1410/1410/1410
f 1413/1413/1413 1412/1412/1412 1411/1411/1411
f 1412/1412/1412 1413/1413/1413 1414/1414/1414
f 1415/1415/1415 1414/1414/1414 1413/1413/1413
f 1414/1414/1414 1415/1415/1415 1416/1416/1416
f 1416/1416/1416 1415/1415/1415 1417/1417/1417
f 1418/1418/1418 1417/1417/1417 1415/1415/1415
f 1417/1417/1417 1418/1418/1418 1419/1419/1419
f 1419/1419/1419 1418/1418/1418 1420/1420/1420
f 1420/1420/1420 1421/1421/1421 1419/1419/1419
f 1421/1421/1421 1420/1420/1420 1422/1422/1422
f 1421/1421/1421 1422/1422/1422 1423/1423/1423
f 1424/1424/1424 1423/1423/1423 1422/1422/1422
f 1423/1423/1423 1424/1424/1424 1425/1425/1425
f 1426/1426/1426 1425/1425/1425 1424/1424/1424
f 1425/1425/1425 1426/1426/1426 1427/1427/1427
f 1428/1428/1428 1427/1427/1427 1426/1426/1426
f 1427/1427/1427 1428/1428/1428 1429/1429/1429
f 1429/1429/1429 1428/1428/1428 1430/1430/1430
f 1430/1430/1430 1431/1431/1431 1429/1429/1429
f 1431/1431/1431 1430/1430/1430 1432/1432/1432
f 1433/1433/1433 1432/1432/1432 1430/1430/1430
f 1432/1432/1432 1433/1433/1433 1434/1434/1434
f 1435/1435/1435 1434/1434/1434 1433/1433/1433
f 1434/1434/1434 1435/1435/1435 1399/1399/1399
f 1399/1399/1399 1435/1435/1435 1436/1436/1436
f 1437/1437/1437 1438/1438/1438 1439/1439/1439
f 1440/1440/1440 1439/1439/1439 1438/1438/1438
f 1438/1438/1438 1437/1437/1437 1441/1441/1441
f 1439/1439/1439 1440/1440/1440 1442/1442/1442
f 1443/1443/1443 1441/1441/1441 1437/1437/1437
f 1442/1442/1442 1444/1444/1444 1439/1439/1439
f 1441/1441/1441 1443/1443/1443 1445/1445/1445
f 1446/1446/1446 1444/1444/1444 1442/1442/1442
f 1447/1447/1447 1445/1445/1445 1443/1443/1443
f 1444/1444/1444 1446/1446/1446 1448/1448/1448
f 1445/1445/1445 1447/1447/1447 1449/1449/1449
f 1450/1450/1450 1448/1448/1448 1446/1446/1446
f 1449/1449/1449 1447/1447/1447 1451/1451/1451
f 1448/1448/1448 1450/1450/1450 1452/1452/1452
f 1451/1451/1451 1453/1453/1453 1449/1449/1449
f 1454/1454/1454 1452/1452/1452 1450/1450/1450
f 1455/1455/1455 1453/1453/1453 1451/1451/1451
f 1452/1452/1452 1454/1454/1454 1456/1456/1456
f 1453/1453/1453 1455/1455/1455 1457/1457/1457
f 1458/1458/1458 1456/1456/1456 1454/1454/1454
f 1459/1459/1459 1457/1457/1457 1455/1455/1455
f 1458/1458/1458 1460/1460/1460 1456/1456/1456
f 1457/1457/1457 1459/1459/1459 1461/1461/1461
f 1460/1460/1460 1458/1458/1458 1462/1462/1462
f 1463/1463/1463 1461/1461/1461 1459/1459/1459
f 1464/1464/1464 1460/1460/1460 1462/1462/1462
f 1461/1461/1461 1463/1463/1463 1465/1465/1465
f 1460/1460/1460 1464/1464/1464 1466/1466/1466
f 1465/1465/1465 1463/1463/1463 1467/1467/1467
f 1468/1468/1468 1466/1466/1466 1464/1464/1464
f 1469/1469/1469 1467/1467/1467 1463/1463/1463
f 1466/1466/1466 1468/1468/1468 1470/1470/1470
f 1469/1469/1469 1471/1471/1471 1467/1467/1467
f 1472/1472/1472 1470/1470/1470 1468/1468/1468
f 1471/1471/1471 1469/1469/1469 1473/1473/1473
f 1470/1470/1470 1472/1472/1472 1474/1474/1474
f 1471/1471/1471 1473/1473/1473 1475/1475/1475
f 1472/1472/1472 1476/1476/1476 1474/1474/1474
f 1477/1477/1477 1475/1475/1475 1473/1473/1473
f 1476/1476/1476 1472/1472/1472 1478/1478/1478
f 1475/1475/1475 1477/1477/1477 1479/1479/1479
f 1478/1478/1478 1480/1480/1480 1476/1476/1476
f 1481/1481/1481 1479/1479/1479 1477/1477/1477
f 1482/1482/1482 1480/1480/1480 1478/1478/1478
f 1479/1479/1479 1481/1481/1481 1483/1483/1483
f 1480/1480/1480 1482/1482/1482 1484/1484/1484
f 1485/1485/1485 1483/1483/1483 1481/1481/1481
f 1486/1486/1486 1484/1484/1484 1482/1482/1482
f 1483/1483/1483 1485/1485/1485 1487/1487/1487
f 1488/1488/1488 1484/1484/1484 1486/1486/1486
f 1489/1489/1489 1487/1487/1487 1485/1485/1485
f 1484/1484/1484 1488/1488/1488 1490/1490/1490
f 1489/1489/1489 1491/1491/1491 1487/1487/1487
f 1492/1492/1492 1490/1490/1490 1488/1488/1488
f 1493/1493/1493 1491/1491/1491 1489/1489/1489
f 1490/1490/1490 1492/1492/1492 1494/1494/1494
f 1491/1491/1491 1493/1493/1493 1495/1495/1495
f 1496/1496/1496 1494/1494/1494 1492/1492/1492
f 1495/1495/1495 1493/1493/1493 1497/1497/1497
f 1494/1494/1494 1496/1496/1496 1498/1498/1498
f 1499/1499/1499 1497/1497/1497 1493/1493/1493
f 1496/1496/1496 1500/1500/1500 1498/1498/1498
f 1497/1497/1497 1499/1499/1499 1501/1501/1501
f 1501/1501/1501 1500/1500/1500 1496/1496/1496
f 1500/1500/1500 1501/1501/1501 1499/1499/1499
f 1502/1502/1502 1503/1503/1503 1504/1504/1504
f 1503/1503/1503 1502/1502/1502 1505/1505/1505
f 1506/1506/1506 1507/1507/1507 1508/1508/1508
f 1509/1509/1509 1508/1508/1508 1507/1507/1507
f 1507/1507/1507 1506/1506/1506 1510/1510/1510
f 1508/1508/1508 1509/1509/1509 1511/1511/1511
f 1512/1512/1512 1510/1510/1510 1506/1506/1506
f 1513/1513/1513 1511/1511/1511 1509/1509/1509
f 1510/1510/1510 1512/1512/1512 1514/1514/1514
f 1513/1513/1513 1515/1515/1515 1511/1511/1511
f 1516/1516/1516 1514/1514/1514 1512/1512/1512
f 1515/1515/1515 1513/1513/1513 1517/1517/1517
f 1514/1514/1514 1516/1516/1516 1518/1518/1518
f 1517/1517/1517 1513/1513/1513 1519/1519/1519
f 1516/1516/1516 1520/1520/1520 1518/1518/1518
f 1517/1517/1517 1519/1519/1519 1521/1521/1521
f 1520/1520/1520 1516/1516/1516 1522/1522/1522
f 1523/1523/1523 1521/1521/1521 1519/1519/1519
f 1522/1522/1522 1524/1524/1524 1520/1520/1520
f 1521/1521/1521 1523/1523/1523 1525/1525/1525
f 1526/1526/1526 1524/1524/1524 1522/1522/1522
f 1527/1527/1527 1525/1525/1525 1523/1523/1523
f 1524/1524/1524 1526/1526/1526 1528/1528/1528
f 1525/1525/1525 1527/1527/1527 1529/1529/1529
f 1530/1530/1530 1528/1528/1528 1526/1526/1526
f 1527/1527/1527 1531/1531/1531 1529/1529/1529
f 1530/1530/1530 1532/1532/1532 1528/1528/1528
f 1531/1531/1531 1527/1527/1527 1533/1533/1533
f 1532/1532/1532 1530/1530/1530 1534/1534/1534
f 1531/1531/1531 1533/1533/1533 1535/1535/1535
f 1534/1534/1534 1536/1536/1536 1532/1532/1532
f 1536/1536/1536 1534/1534/1534 1537/1537/1537
f 1536/1536/1536 1537/1537/1537 1538/1538/1538
f 1539/1539/1539 1535/1535/1535 1533/1533/1533
f 1535/1535/1535 1539/1539/1539 1540/1540/1540
f 1541/1541/1541 1540/1540/1540 1539/1539/1539
f 1540/1540/1540 1541/1541/1541 1542/1542/1542
f 1543/1543/1543 1542/1542/1542 1541/1541/1541
f 1542/1542/1542 1543/1543/1543 1544/1544/1544
f 1544/1544/1544 1543/1543/1543 1545/1545/1545
f 1545/1545/1545 1546/1546/1546 1544/1544/1544
f 1546/1546/1546 1545/1545/1545 1547/1547/1547
f 1548/1548/1548 1547/1547/1547 1545/1545/1545
f 1547/1547/1547 1548/1548/1548 1549/1549/1549
f 1550/1550/1550 1549/1549/1549 1548/1548/1548
f 1551/1551/1551 1549/1549/1549 1550/1550/1550
f 1549/1549/1549 1551/1551/1551 1552/1552/1552
f 1553/1553/1553 1552/1552/1552 1551/1551/1551
f 1552/1552/1552 1553/1553/1553 1554/1554/1554
f 1553/1553/1553 1555/1555/1555 1554/1554/1554
f 1555/1555/1555 1553/1553/1553 1556/1556/1556
f 1555/1555/1555 1556/1556/1556 1557/1557/1557
f 1558/1558/1558 1557/1557/1557 1556/1556/1556
f 1557/1557/1557 1558/1558/1558 1559/1559/1559
f 1560/1560/1560 1559/1559/1559 1558/1558/1558
f 1559/1559/1559 1560/1560/1560 1561/1561/1561
f 1562/1562/1562 1561/1561/1561 1560/1560/1560
f 1561/1561/1561 1562/1562/1562 1563/1563/1563
f 1563/1563/1563 1562/1562/1562 1564/1564/1564
f 1564/1564/1564 1565/1565/1565 1563/1563/1563
f 1565/1565/1565 1564/1564/1564 1566/1566/1566
f 1567/1567/1567 1566/1566/1566 1564/1564/1564
f 1566/1566/1566 1567/1567/1567 1568/1568/1568
f 1569/1569/1569 1568/1568/1568 1567/1567/1567
f 1568/1568/1568 1569/1569/1569 1538/1538/1538
f 1538/1538/1538 1569/1569/1569 1570/1570/1570
f 1571/1571/1571 1572/1572/1572 1573/1573/1573
f 1573/1573/1573 1572/1572/1572 1574/1574/1574
f 1572/1572/1572 1571/1571/1571 1575/1575/1575
f 1574/1574/1574 1576/1576/1576 1573/1573/1573
f 1575/1575/1575 1571/1571/1571 1577/1577/1577
f 1578/1578/1578 1576/1576/1576 1574/1574/1574
f 1579/1579/1579 1577/1577/1577 1571/1571/1571
f 1576/1576/1576 1578/1578/1578 1580/1580/1580
f 1577/1577/1577 1579/1579/1579 1581/1581/1581
f 1582/1582/1582 1580/1580/1580 1578/1578/1578
f 1583/1583/1583 1581/1581/1581 1579/1579/1579
f 1580/1580/1580 1582/1582/1582 1584/1584/1584
f 1581/1581/1581 1583/1583/1583 1585/1585/1585
f 1586/1586/1586 1584/1584/1584 1582/1582/1582
f 1585/1585/1585 1583/1583/1583 1587/1587/1587
f 1584/1584/1584 1586/1586/1586 1588/1588/1588
f 1587/1587/1587 1589/1589/1589 1585/1585/1585
f 1586/1586/1586 1590/1590/1590 1588/1588/1588
f 1589/1589/1589 1587/1587/1587 1591/1591/1591
f 1590/1590/1590 1586/1586/1586 1592/1592/1592
f 1593/1593/1593 1591/1591/1591 1587/1587/1587
f 1592/1592/1592 1594/1594/1594 1590/1590/1590
f 1591/1591/1591 1593/1593/1593 1595/1595/1595
f 1596/1596/1596 1594/1594/1594 1592/1592/1592
f 1597/1597/1597 1595/1595/1595 1593/1593/1593
f 1594/1594/1594 1596/1596/1596 1598/1598/1598
f 1595/1595/1595 1597/1597/1597 1599/1599/1599
f 1600/1600/1600 1598/1598/1598 1596/1596/1596
f 1601/1601/1601 1599/1599/1599 1597/1597/1597
f 1598/1598/1598 1600/1600/1600 1602/1602/1602
f 1599/1599/1599 1601/1601/1601 1603/1603/1603
f 1602/1602/1602 1600/1600/1600 1604/1604/1604
f 1603/1603/1603 1601/1601/1601 1605/1605/1605
f 1602/1602/1602 1604/1604/1604 1606/1606/1606
f 1605/1605/1605 1607/1607/1607 1603/1603/1603
f 1608/1608/1608 1606/1606/1606 1604/1604/1604
f 1609/1609/1609 1607/1607/1607 1605/1605/1605
f 1606/1606/1606 1608/1608/1608 1610/1610/1610
f 1607/1607/1607 1609/1609/1609 1611/1611/1611
f 1610/1610/1610 1608/1608/1608 1612/1612/1612
f 1611/1611/1611 1609/1609/1609 1613/1613/1613
f 1612/1612/1612 1614/1614/1614 1610/1610/1610
f 1615/1615/1615 1613/1613/1613 1609/1609/1609
f 1616/1616/1616 1614/1614/1614 1612/1612/1612
f 1613/1613/1613 1615/1615/1615 1617/1617/1617
f 1614/1614/1614 1616/1616/1616 1618/1618/1618
f 1619/1619/1619 1617/1617/1617 1615/1615/1615
f 1620/1620/1620 1618/1618/1618 1616/1616/1616
f 1621/1621/1621 1617/1617/1617 1619/1619/1619
f 1618/1618/1618 1620/1620/1620 1622/1622/1622
f 1617/1617/1617 1621/1621/1621 1623/1623/1623
f 1624/1624/1624 1622/1622/1622 1620/1620/1620
f 1625/1625/1625 1623/1623/1623 1621/1621/1621
f 1626/1626/1626 1622/1622/1622 1624/1624/1624
f 1625/1625/1625 1627/1627/1627 1623/1623/1623
f 1622/1622/1622 1626/1626/1626 1628/1628/1628
f 1627/1627/1627 1625/1625/1625 1629/1629/1629
f 1628/1628/1628 1626/1626/1626 1630/1630/1630
f 1631/1631/1631 1629/1629/1629 1625/1625/1625
f 1628/1628/1628 1630/1630/1630 1632/1632/1632
f 1629/1629/1629 1631/1631/1631 1633/1633/1633
f 1634/1634/1634 1632/1632/1632 1630/1630/1630
f 1635/1635/1635 1633/1633/1633 1631/1631/1631
f 1632/1632/1632 1634/1634/1634 1635/1635/1635
f 1633/1633/1633 1635/1635/1635 1634/1634/1634
f 1636/1636/1636 1637/1637/1637 1638/1638/1638
f 1639/1639/1639 1637/1637/1637 1636/1636/1636
f 1638/1638/1638 1637/1637/1637 1640/1640/1640
f 1637/1637/1637 1639/1639/1639 1641/1641/1641
f 1640/1640/1640 1642/1642/1642 1638/1638/1638
f 1643/1643/1643 1641/1641/1641 1639/1639/1639
f 1642/1642/1642 1640/1640/1640 1644/1644/1644
f 1641/1641/1641 1643/1643/1643 1645/1645/1645
f 1642/1642/1642 1644/1644/1644 1646/1646/1646
f 1647/1647/1647 1645/1645/1645 1643/1643/1643
f 1648/1648/1648 1646/1646/1646 1644/1644/1644
f 1645/1645/1645 1647/1647/1647 1649/1649/1649
f 1646/1646/1646 1648/1648/1648 1650/1650/1650
f 1647/1647/1647 1651/1651/1651 1649/1649/1649
f 1652/1652/1652 1650/1650/1650 1648/1648/1648
f 1651/1651/1651 1647/1647/1647 1653/1653/1653
f 1650/1650/1650 1652/1652/1652 1654/1654/1654
f 1653/1653/1653 1655/1655/1655 1651/1651/1651
f 1656/1656/1656 1654/1654/1654 1652/1652/1652
f 1657/1657/1657 1655/1655/1655 1653/1653/1653
f 1654/1654/1654 1656/1656/1656 1658/1658/1658
f 1655/1655/1655 1657/1657/1657 1659/1659/1659
f 1656/1656/1656 1660/1660/1660 1658/1658/1658
f 1661/1661/1661 1659/1659/1659 1657/1657/1657
f 1660/1660/1660 1656/1656/1656 1662/1662/1662
f 1659/1659/1659 1661/1661/1661 1663/1663/1663
f 1660/1660/1660 1662/1662/1662 1664/1664/1664
f 1659/1659/1659 1663/1663/1663 1665/1665/1665
f 1666/1666/1666 1664/1664/1664 1662/1662/1662
f 1667/1667/1667 1665/1665/1665 1663/1663/1663
f 1665/1665/1665 1667/1667/1667 1668/1668/1668
f 1668/1668/1668 1667/1667/1667 1669/1669/1669
f 1664/1664/1664 1666/1666/1666 1670/1670/1670
f 1671/1671/1671 1670/1670/1670 1666/1666/1666
f 1670/1670/1670 1671/1671/1671 1672/1672/1672
f 1673/1673/1673 1672/1672/1672 1671/1671/1671
f 1672/1672/1672 1673/1673/1673 1674/1674/1674
f 1674/1674/1674 1673/1673/1673 1675/1675/1675
f 1675/1675/1675 1676/1676/1676 1674/1674/1674
f 1677/1677/1677 1676/1676/1676 1675/1675/1675
f 1676/1676/1676 1677/1677/1677 1678/1678/1678
f 1679/1679/1679 1678/1678/1678 1677/1677/1677
f 1678/1678/1678 1679/1679/1679 1680/1680/1680
f 1680/1680/1680 1679/1679/1679 1681/1681/1681
f 1682/1682/1682 1681/1681/1681 1679/1679/1679
f 1681/1681/1681 1682/1682/1682 1683/1683/1683
f 1683/1683/1683 1682/1682/1682 1684/1684/1684
f 1684/1684/1684 1685/1685/1685 1683/1683/1683
f 1685/1685/1685 1684/1684/1684 1686/1686/1686
f 1685/1685/1685 1686/1686/1686 1687/1687/1687
f 1688/1688/1688 1687/1687/1687 1686/1686/1686
f 1687/1687/1687 1688/1688/1688 1689/1689/1689
f 1690/1690/1690 1689/1689/1689 1688/1688/1688
f 1689/1689/1689 1690/1690/1690 1691/1691/1691
f 1692/1692/1692 1691/1691/1691 1690/1690/1690
f 1691/1691/1691 1692/1692/1692 1693/1693/1693
f 1693/1693/1693 1692/1692/1692 1694/1694/1694
f 1694/1694/1694 1695/1695/1695 1693/1693/1693
f 1695/1695/1695 1694/1694/1694 1696/1696/1696
f 1697/1697/1697 1696/1696/1696 1694/1694/1694
f 1696/1696/1696 1697/1697/1697 1698/1698/1698
f 1699/1699/1699 1698/1698/1698 1697/1697/1697
f 1698/1698/1698 1699/1699/1699 1669/1669/1669
f 1669/1669/1669 1699/1699/1699 1700/1700/1700
f 1701/1701/1701 1702/1702/1702 1703/1703/1703
f 1704/1704/1704 1703/1703/1703 1702/1702/1702
f 1702/1702/1702 1701/1701/1701 1705/1705/1705
f 1704/1704/1704 1706/1706/1706 1703/1703/1703
f 1707/1707/1707 1705/1705/1705 1701/1701/1701
f 1706/1706/1706 1704/1704/1704 1708/1708/1708
f 1705/1705/1705 1707/1707/1707 1709/1709/1709
f 1710/1710/1710 1706/1706/1706 1708/1708/1708
f 1711/1711/1711 1709/1709/1709 1707/1707/1707
f 1706/1706/1706 1710/1710/1710 1712/1712/1712
f 1709/1709/1709 1711/1711/1711 1713/1713/1713
f 1714/1714/1714 1712/1712/1712 1710/1710/1710
f 1713/1713/1713 1711/1711/1711 1715/1715/1715
f 1712/1712/1712 1714/1714/1714 1716/1716/1716
f 1715/1715/1715 1717/1717/1717 1713/1713/1713
f 1718/1718/1718 1716/1716/1716 1714/1714/1714
f 1717/1717/1717 1715/1715/1715 1719/1719/1719
f 1716/1716/1716 1718/1718/1718 1720/1720/1720
f 1721/1721/1721 1719/1719/1719 1715/1715/1715
f 1718/1718/1718 1722/1722/1722 1720/1720/1720
f 1719/1719/1719 1721/1721/1721 1723/1723/1723
f 1722/1722/1722 1718/1718/1718 1724/1724/1724
f 1725/1725/1725 1723/1723/1723 1721/1721/1721
f 1724/1724/1724 1726/1726/1726 1722/1722/1722
f 1723/1723/1723 1725/1725/1725 1727/1727/1727
f 1728/1728/1728 1726/1726/1726 1724/1724/1724
f 1729/1729/1729 1727/1727/1727 1725/1725/1725
f 1726/1726/1726 1728/1728/1728 1730/1730/1730
f 1727/1727/1727 1729/1729/1729 1731/1731/1731
f 1732/1732/1732 1730/1730/1730 1728/1728/1728
f 1731/1731/1731 1729/1729/1729 1733/1733/1733
f 1734/1734/1734 1730/1730/1730 1732/1732/1732
f 1733/1733/1733 1735/1735/1735 1731/1731/1731
f 1730/1730/1730 1734/1734/1734 1736/1736/1736
f 1737/1737/1737 1735/1735/1735 1733/1733/1733
f 1738/1738/1738 1736/1736/1736 1734/1734/1734
f 1735/1735/1735 1737/1737/1737 1739/1739/1739
f 1736/1736/1736 1738/1738/1738 1740/1740/1740
f 1741/1741/1741 1739/1739/1739 1737/1737/1737
f 1742/1742/1742 1740/1740/1740 1738/1738/1738
f 1739/1739/1739 1741/1741/1741 1743/1743/1743
f 1740/1740/1740 1742/1742/1742 1744/1744/1744
f 1745/1745/1745 1743/1743/1743 1741/1741/1741
f 1742/1742/1742 1746/1746/1746 1744/1744/1744
f 1743/1743/1743 1745/1745/1745 1747/1747/1747
f 1748/1748/1748 1746/1746/1746 1742/1742/1742
f 1747/1747/1747 1745/1745/1745 1749/1749/1749
f 1746/1746/1746 1748/1748/1748 1750/1750/1750
f 1751/1751/1751 1749/1749/1749 1745/1745/1745
f 1752/1752/1752 1750/1750/1750 1748/1748/1748
f 1751/1751/1751 1753/1753/1753 1749/1749/1749
f 1750/1750/1750 1752/1752/1752 1754/1754/1754
f 1753/1753/1753 1751/1751/1751 1755/1755/1755
f 1756/1756/1756 1754/1754/1754 1752/1752/1752
f 1753/1753/1753 1755/1755/1755 1757/1757/1757
f 1758/1758/1758 1754/1754/1754 1756/1756/1756
f 1759/1759/1759 1757/1757/1757 1755/1755/1755
f 1754/1754/1754 1758/1758/1758 1760/1760/1760
f 1757/1757/1757 1759/1759/1759 1761/1761/1761
f 1760/1760/1760 1758/1758/1758 1762/1762/1762
f 1763/1763/1763 1761/1761/1761 1759/1759/1759
f 1760/1760/1760 1762/1762/1762 1764/1764/1764
f 1761/1761/1761 1763/1763/1763 1765/1765/1765
f 1765/1765/1765 1764/1764/1764 1762/1762/1762
f 1764/1764/1764 1765/1765/1765 1763/1763/1763
f 1766/1766/1766 1767/1767/1767 1768/1768/1768
f 1767/1767/1767 1766/1766/1766 1769/1769/1769
f 1766/1766/1766 1768/1768/1768 1770/1770/1770
f 1770/1770/1770 1771/1771/1771 1766/1766/1766
f 1770/1770/1770 1772/1772/1772 1771/1771/1771
f 1772/1772/1772 1770/1770/1770 1773/1773/1773
f 1774/1774/1774 1775/1775/1775 1776/1776/1776
f 1775/1775/1775 1774/1774/1774 1777/1777/1777
f 1778/1778/1778 1779/1779/1779 1780/1780/1780
f 1781/1781/1781 1780/1780/1780 1779/1779/1779
f 1779/1779/1779 1778/1778/1778 1782/1782/1782
f 1780/1780/1780 1781/1781/1781 1783/1783/1783
f 1784/1784/1784 1782/1782/1782 1778/1778/1778
f 1785/1785/1785 1783/1783/1783 1781/1781/1781
f 1782/1782/1782 1784/1784/1784 1786/1786/1786
f 1783/1783/1783 1785/1785/1785 1787/1787/1787
f 1784/1784/1784 1788/1788/1788 1786/1786/1786
f 1789/1789/1789 1787/1787/1787 1785/1785/1785
f 1788/1788/1788 1784/1784/1784 1790/1790/1790
f 1789/1789/1789 1791/1791/1791 1787/1787/1787
f 1790/1790/1790 1792/1792/1792 1788/1788/1788
f 1791/1791/1791 1789/1789/1789 1793/1793/1793
f 1794/1794/1794 1792/1792/1792 1790/1790/1790
f 1795/1795/1795 1793/1793/1793 1789/1789/1789
f 1792/1792/1792 1794/1794/1794 1796/1796/1796
f 1793/1793/1793 1795/1795/1795 1797/1797/1797
f 1798/1798/1798 1796/1796/1796 1794/1794/1794
f 1799/1799/1799 1797/1797/1797 1795/1795/1795
f 1798/1798/1798 1800/1800/1800 1796/1796/1796
f 1797/1797/1797 1799/1799/1799 1801/1801/1801
f 1800/1800/1800 1798/1798/1798 1802/1802/1802
f 1803/1803/1803 1801/1801/1801 1799/1799/1799
f 1802/1802/1802 1804/1804/1804 1800/1800/1800
f 1804/1804/1804 1802/1802/1802 1805/1805/1805
f 1804/1804/1804 1805/1805/1805 1806/1806/1806
f 1801/1801/1801 1803/1803/1803 1807/1807/1807
f 1803/1803/1803 1808/1808/1808 1807/1807/1807
f 1808/1808/1808 1803/1803/1803 1809/1809/1809
f 1808/1808/1808 1809/1809/1809 1810/1810/1810
f 1811/1811/1811 1810/1810/1810 1809/1809/1809
f 1810/1810/1810 1811/1811/1811 1812/1812/1812
f 1813/1813/1813 1812/1812/1812 1811/1811/1811
f 1812/1812/1812 1813/1813/1813 1814/1814/1814
f 1815/1815/1815 1814/1814/1814 1813/1813/1813
f 1814/1814/1814 1815/1815/1815 1816/1816/1816
f 1816/1816/1816 1815/1815/1815 1817/1817/1817
f 1817/1817/1817 1818/1818/1818 1816/1816/1816
f 1819/1819/1819 1818/1818/1818 1817/1817/1817
f 1818/1818/1818 1819/1819/1819 1820/1820/1820
f 1820/1820/1820 1819/1819/1819 1821/1821/1821
f 1822/1822/1822 1821/1821/1821 1819/1819/1819
f 1823/1823/1823 1821/1821/1821 1822/1822/1822
f 1821/1821/1821 1823/1823/1823 1824/1824/1824
f 1824/1824/1824 1823/1823/1823 1825/1825/1825
f 1825/1825/1825 1823/1823/1823 1826/1826/1826
f 1826/1826/1826 1827/1827/1827 1825/1825/1825
f 1827/1827/1827 1826/1826/1826 1828/1828/1828
f 1827/1827/1827 1828/1828/1828 1829/1829/1829
f 1830/1830/1830 1829/1829/1829 1828/1828/1828
f 1829/1829/1829 1830/1830/1830 1831/1831/1831
f 1832/1832/1832 1831/1831/1831 1830/1830/1830
f 1831/1831/1831 1832/1832/1832 1833/1833/1833
f 1834/1834/1834 1833/1833/1833 1832/1832/1832
f 1833/1833/1833 1834/1834/1834 1835/1835/1835
f 1835/1835/1835 1834/1834/1834 1836/1836/1836
f 1836/1836/1836 1837/1837/1837 1835/1835/1835
f 1837/1837/1837 1836/1836/1836 1838/1838/1838
f 1839/1839/1839 1838/1838/1838 1836/1836/1836
f 1838/1838/1838 1839/1839/1839 1840/1840/1840
f 1841/1841/1841 1840/1840/1840 1839/1839/1839
f 1840/1840/1840 1841/1841/1841 1806/1806/1806
f 1806/1806/1806 1841/1841/1841 1842/1842/1842
f 1843/1843/1843 1844/1844/1844 1845/1845/1845
f 1846/1846/1846 1844/1844/1844 1843/1843/1843
f 1845/1845/1845 1844/1844/1844 1847/1847/1847
f 1844/1844/1844 1846/1846/1846 1848/1848/1848
f 1847/1847/1847 1849/1849/1849 1845/1845/1845
f 1850/1850/1850 1848/1848/1848 1846/1846/1846
f 1849/1849/1849 1847/1847/1847 1851/1851/1851
f 1848/1848/1848 1850/1850/1850 1852/1852/1852
f 1849/1849/1849 1851/1851/1851 1853/1853/1853
f 1854/1854/1854 1852/1852/1852 1850/1850/1850
f 1855/1855/1855 1853/1853/1853 1851/1851/1851
f 1852/1852/1852 1854/1854/1854 1856/1856/1856
f 1853/1853/1853 1855/1855/1855 1857/1857/1857
f 1854/1854/1854 1858/1858/1858 1856/1856/1856
f 1859/1859/1859 1857/1857/1857 1855/1855/1855
f 1858/1858/1858 1854/1854/1854 1860/1860/1860
f 1857/1857/1857 1859/1859/1859 1861/1861/1861
f 1860/1860/1860 1862/1862/1862 1858/1858/1858
f 1863/1863/1863 1861/1861/1861 1859/1859/1859
f 1864/1864/1864 1862/1862/1862 1860/1860/1860
f 1861/1861/1861 1863/1863/1863 1865/1865/1865
f 1862/1862/1862 1864/1864/1864 1866/1866/1866
f 1863/1863/1863 1867/1867/1867 1865/1865/1865
f 1868/1868/1868 1866/1866/1866 1864/1864/1864
f 1867/1867/1867 1863/1863/1863 1869/1869/1869
f 1866/1866/1866 1868/1868/1868 1870/1870/1870
f 1867/1867/1867 1869/1869/1869 1871/1871/1871
f 1866/1866/1866 1870/1870/1870 1872/1872/1872
f 1873/1873/1873 1871/1871/1871 1869/1869/1869
f 1874/1874/1874 1872/1872/1872 1870/1870/1870
f 1872/1872/1872 1874/1874/1874 1875/1875/1875
f 1875/1875/1875 1874/1874/1874 1876/1876/1876
f 1871/1871/1871 1873/1873/1873 1877/1877/1877
f 1878/1878/1878 1877/1877/1877 1873/1873/1873
f 1877/1877/1877 1878/1878/1878 1879/1879/1879
f 1880/1880/1880 1879/1879/1879 1878/1878/1878
f 1879/1879/1879 1880/1880/1880 1881/1881/1881
f 1881/1881/1881 1880/1880/1880 1882/1882/1882
f 1882/1882/1882 1883/1883/1883 1881/1881/1881
f 1884/1884/1884 1883/1883/1883 1882/1882/1882
f 1883/1883/1883 1884/1884/1884 1885/1885/1885
f 1886/1886/1886 1885/1885/1885 1884/1884/1884
f 1885/1885/1885 1886/1886/1886 1887/1887/1887
f 1887/1887/1887 1886/1886/1886 1888/1888/1888
f 1889/1889/1889 1888/1888/1888 1886/1886/1886
f 1888/1888/1888 1889/1889/1889 1890/1890/1890
f 1890/1890/1890 1889/1889/1889 1891/1891/1891
f 1891/1891/1891 1892/1892/1892 1890/1890/1890
f 1892/1892/1892 1891/1891/1891 1893/1893/1893
f 1892/1892/1892 1893/1893/1893 1894/1894/1894
f 1895/1895/1895 1894/1894/1894 1893/1893/1893
f 1894/1894/1894 1895/1895/1895 1896/1896/1896
f 1897/1897/1897 1896/1896/1896 1895/1895/1895
f 1896/1896/1896 1897/1897/1897 1898/1898/1898
f 1899/1899/1899 1898/1898/1898 1897/1897/1897
f 1898/1898/1898 1899/1899/1899 1900/1900/1900
f 1900/1900/1900 1899/1899/1899 1901/1901/1901
f 1901/1901/1901 1902/1902/1902 1900/1900/1900
f 1902/1902/1902 1901/1901/1901 1903/1903/1903
f 1904/1904/1904 1903/1903/1903 1901/1901/1901
f 1903/1903/1903 1904/1904/1904 1905/1905/1905
f 1906/1906/1906 1905/1905/1905 1904/1904/1904
f 1905/1905/1905 1906/1906/1906 1876/1876/1876
f 1876/1876/1876 1906/1906/1906 1907/1907/1907
f 1908/1908/1908 1909/1909/1909 1910/1910/1910
f 1911/1911/1911 1910/1910/1910 1909/1909/1909
f 1909/1909/1909 1908/1908/1908 1912/1912/1912
f 1911/1911/1911 1913/1913/1913 1910/1910/1910
f 1914/1914/1914 1912/1912/1912 1908/1908/1908
f 1913/1913/1913 1911/1911/1911 1915/1915/1915
f 1912/1912/1912 1914/1914/1914 1916/1916/1916
f 1917/1917/1917 1913/1913/1913 1915/1915/1915
f 1918/1918/1918 1916/1916/1916 1914/1914/1914
f 1913/1913/1913 1917/1917/1917 1919/1919/1919
f 1916/1916/1916 1918/1918/1918 1920/1920/1920
f 1921/1921/1921 1919/1919/1919 1917/1917/1917
f 1920/1920/1920 1918/1918/1918 1922/1922/1922
f 1919/1919/1919 1921/1921/1921 1923/1923/1923
f 1922/1922/1922 1924/1924/1924 1920/1920/1920
f 1925/1925/1925 1923/1923/1923 1921/1921/1921
f 1924/1924/1924 1922/1922/1922 1926/1926/1926
f 1923/1923/1923 1925/1925/1925 1927/1927/1927
f 1928/1928/1928 1926/1926/1926 1922/1922/1922
f 1925/1925/1925 1929/1929/1929 1927/1927/1927
f 1926/1926/1926 1928/1928/1928 1930/1930/1930
f 1929/1929/1929 1925/1925/1925 1931/1931/1931
f 1932/1932/1932 1930/1930/1930 1928/1928/1928
f 1931/1931/1931 1933/1933/1933 1929/1929/1929
f 1930/1930/1930 1932/1932/1932 1934/1934/1934
f 1935/1935/1935 1933/1933/1933 1931/1931/1931
f 1936/1936/1936 1934/1934/1934 1932/1932/1932
f 1933/1933/1933 1935/1935/1935 1937/1937/1937
f 1934/1934/1934 1936/1936/1936 1938/1938/1938
f 1939/1939/1939 1937/1937/1937 1935/1935/1935
f 1938/1938/1938 1936/1936/1936 1940/1940/1940
f 1941/1941/1941 1937/1937/1937 1939/1939/1939
f 1940/1940/1940 1942/1942/1942 1938/1938/1938
f 1937/1937/1937 1941/1941/1941 1943/1943/1943
f 1944/1944/1944 1942/1942/1942 1940/1940/1940
f 1945/1945/1945 1943/1943/1943 1941/1941/1941
f 1942/1942/1942 1944/1944/1944 1946/1946/1946
f 1943/1943/1943 1945/1945/1945 1947/1947/1947
f 1948/1948/1948 1946/1946/1946 1944/1944/1944
f 1949/1949/1949 1947/1947/1947 1945/1945/1945
f 1946/1946/1946 1948/1948/1948 1950/1950/1950
f 1947/1947/1947 1949/1949/1949 1951/1951/1951
f 1952/1952/1952 1950/1950/1950 1948/1948/1948
f 1949/1949/1949 1953/1953/1953 1951/1951/1951
f 1950/1950/1950 1952/1952/1952 1954/1954/1954
f 1955/1955/1955 1953/1953/1953 1949/1949/1949
f 1954/1954/1954 1952/1952/1952 1956/1956/1956
f 1953/1953/1953 1955/1955/1955 1957/1957/1957
f 1958/1958/1958 1956/1956/1956 1952/1952/1952
f 1959/1959/1959 1957/1957/1957 1955/1955/1955
f 1958/1958/1958 1960/1960/1960 1956/1956/1956
f 1957/1957/1957 1959/1959/1959 1961/1961/1961
f 1960/1960/1960 1958/1958/1958 1962/1962/1962
f 1963/1963/1963 1961/1961/1961 1959/1959/1959
f 1960/1960/1960 1962/1962/1962 1964/1964/1964
f 1965/1965/1965 1961/1961/1961 1963/1963/1963
f 1966/1966/1966 1964/1964/1964 1962/1962/1962
f 1961/1961/1961 1965/1965/1965 1967/1967/1967
f 1964/1964/1964 1966/1966/1966 1968/1968/1968
f 1967/1967/1967 1965/1965/1965 1969/1969/1969
f 1970/1970/1970 1968/1968/1968 1966/1966/1966
f 1967/1967/1967 1969/1969/1969 1971/1971/1971
f 1968/1968/1968 1970/1970/1970 1972/1972/1972
f 1972/1972/1972 1971/1971/1971 1969/1969/1969
f 1971/1971/1971 1972/1972/1972 1970/1970/1970
f 1973/1973/1973 1974/1974/1974 1975/1975/1975
f 1976/1976/1976 1974/1974/1974 1973/1973/1973
f 1975/1975/1975 1974/1974/1974 1977/1977/1977
f 1974/1974/1974 1976/1976/1976 1978/1978/1978
f 1977/1977/1977 1979/1979/1979 1975/1975/1975
f 1980/1980/1980 1978/1978/1978 1976/1976/1976
f 1979/1979/1979 1977/1977/1977 1981/1981/1981
f 1978/1978/1978 1980/1980/1980 1982/1982/1982
f 1979/1979/1979 1981/1981/1981 1983/1983/1983
f 1984/1984/1984 1982/1982/1982 1980/1980/1980
f 1985/1985/1985 1983/1983/1983 1981/1981/1981
f 1982/1982/1982 1984/1984/1984 1986/1986/1986
f 1983/1983/1983 1985/1985/1985 1987/1987/1987
f 1984/1984/1984 1988/1988/1988 1986/1986/1986
f 1989/1989/1989 1987/1987/1987 1985/1985/1985
f 1988/1988/1988 1984/1984/1984 1990/1990/1990
f 1987/1987/1987 1989/1989/1989 1991/1991/1991
f 1990/1990/1990 1992/1992/1992 1988/1988/1988
f 1993/1993/1993 1991/1991/1991 1989/1989/1989
f 1994/1994/1994 1992/1992/1992 1990/1990/1990
f 1991/1991/1991 1993/1993/1993 1995/1995/1995
f 1992/1992/1992 1994/1994/1994 1996/1996/1996
f 1993/1993/1993 1997/1997/1997 1995/1995/1995
f 1998/1998/1998 1996/1996/1996 1994/1994/1994
f 1997/1997/1997 1993/1993/1993 1999/1999/1999
f 1996/1996/1996 1998/1998/1998 2000/2000/2000
f 1997/1997/1997 1999/1999/1999 2001/2001/2001
f 1996/1996/1996 2000/2000/2000 2002/2002/2002
f 2003/2003/2003 2001/2001/2001 1999/1999/1999
f 2004/2004/2004 2002/2002/2002 2000/2000/2000
f 2002/2002/2002 2004/2004/2004 2005/2005/2005
f 2005/2005/2005 2004/2004/2004 2006/2006/2006
f 2001/2001/2001 2003/2003/2003 2007/2007/2007
f 2008/2008/2008 2007/2007/2007 2003/2003/2003
f 2007/2007/2007 2008/2008/2008 2009/2009/2009
f 2010/2010/2010 2009/2009/2009 2008/2008/2008
f 2009/2009/2009 2010/2010/2010 2011/2011/2011
f 2011/2011/2011 2010/2010/2010 2012/2012/2012
f 2012/2012/2012 2013/2013/2013 2011/2011/2011
f 2014/2014/2014 2013/2013/2013 2012/2012/2012
f 2013/2013/2013 2014/2014/2014 2015/2015/2015
f 2016/2016/2016 2015/2015/2015 2014/2014/2014
f 2015/2015/2015 2016/2016/2016 2017/2017/2017
f 2017/2017/2017 2016/2016/2016 2018/2018/2018
f 2019/2019/2019 2018/2018/2018 2016/2016/2016
f 2018/2018/2018 2019/2019/2019 2020/2020/2020
f 2020/2020/2020 2019/2019/2019 2021/2021/2021
f 2021/2021/2021 2022/2022/2022 2020/2020/2020
f 2022/2022/2022 2021/2021/2021 2023/2023/2023
f 2022/2022/2022 2023/2023/2023 2024/2024/2024
f 2025/2025/2025 2024/2024/2024 2023/2023/2023
f 2024/2024/2024 2025/2025/2025 2026/2026/2026
f 2027/2027/2027 2026/2026/2026 2025/2025/2025
f 2026/2026/2026 2027/2027/2027 2028/2028/2028
f 2029/2029/2029 2028/2028/2028 2027/2027/2027
f 2028/2028/2028 2029/2029/2029 2030/2030/2030
f 2030/2030/2030 2029/2029/2029 2031/2031/2031
f 2031/2031/2031 2032/2032/2032 2030/2030/2030
f 2032/2032/2032 2031/2031/2031 2033/2033/2033
f 2034/2034/2034 2033/2033/2033 2031/2031/2031
f 2033/2033/2033 2034/2034/2034 2035/2035/2035
f 2036/2036/2036 2035/2035/2035 2034/2034/2034
f 2035/2035/2035 2036/2036/2036 2006/2006/2006
f 2006/2006/2006 2036/2036/2036 2037/2037/2037
f 2038/2038/2038 2039/2039/2039 2040/2040/2040
f 2041/2041/2041 2040/2040/2040 2039/2039/2039
f 2039/2039/2039 2038/2038/2038 2042/2042/2042
f 2043/2043/2043 2040/2040/2040 2041/2041/2041
f 2044/2044/2044 2042/2042/2042 2038/2038/2038
f 2040/2040/2040 2043/2043/2043 2045/2045/2045
f 2042/2042/2042 2044/2044/2044 2046/2046/2046
f 2045/2045/2045 2043/2043/2043 2047/2047/2047
f 2046/2046/2046 2044/2044/2044 2048/2048/2048
f 2047/2047/2047 2049/2049/2049 2045/2045/2045
f 2048/2048/2048 2050/2050/2050 2046/2046/2046
f 2051/2051/2051 2049/2049/2049 2047/2047/2047
f 2050/2050/2050 2048/2048/2048 2052/2052/2052
f 2049/2049/2049 2051/2051/2051 2053/2053/2053
f 2054/2054/2054 2052/2052/2052 2048/2048/2048
f 2055/2055/2055 2053/2053/2053 2051/2051/2051
f 2052/2052/2052 2054/2054/2054 2056/2056/2056
f 2053/2053/2053 2055/2055/2055 2057/2057/2057
f 2058/2058/2058 2056/2056/2056 2054/2054/2054
f 2059/2059/2059 2057/2057/2057 2055/2055/2055
f 2056/2056/2056 2058/2058/2058 2060/2060/2060
f 2057/2057/2057 2059/2059/2059 2061/2061/2061
f 2062/2062/2062 2060/2060/2060 2058/2058/2058
f 2059/2059/2059 2063/2063/2063 2061/2061/2061
f 2060/2060/2060 2062/2062/2062 2064/2064/2064
f 2063/2063/2063 2059/2059/2059 2065/2065/2065
f 2064/2064/2064 2062/2062/2062 2066/2066/2066
f 2065/2065/2065 2067/2067/2067 2063/2063/2063
f 2066/2066/2066 2068/2068/2068 2064/2064/2064
f 2069/2069/2069 2067/2067/2067 2065/2065/2065
f 2070/2070/2070 2068/2068/2068 2066/2066/2066
f 2067/2067/2067 2069/2069/2069 2071/2071/2071
f 2068/2068/2068 2070/2070/2070 2072/2072/2072
f 2073/2073/2073 2071/2071/2071 2069/2069/2069
f 2074/2074/2074 2072/2072/2072 2070/2070/2070
f 2071/2071/2071 2073/2073/2073 2075/2075/2075
f 2072/2072/2072 2074/2074/2074 2076/2076/2076
f 2075/2075/2075 2073/2073/2073 2077/2077/2077
f 2076/2076/2076 2074/2074/2074 2078/2078/2078
f 2077/2077/2077 2079/2079/2079 2075/2075/2075
f 2080/2080/2080 2078/2078/2078 2074/2074/2074
f 2079/2079/2079 2077/2077/2077 2081/2081/2081
f 2082/2082/2082 2078/2078/2078 2080/2080/2080
f 2081/2081/2081 2083/2083/2083 2079/2079/2079
f 2078/2078/2078 2082/2082/2082 2084/2084/2084
f 2083/2083/2083 2081/2081/2081 2085/2085/2085
f 2082/2082/2082 2086/2086/2086 2084/2084/2084
f 2085/2085/2085 2087/2087/2087 2083/2083/2083
f 2086/2086/2086 2082/2082/2082 2088/2088/2088
f 2089/2089/2089 2087/2087/2087 2085/2085/2085
f 2086/2086/2086 2088/2088/2088 2090/2090/2090
f 2087/2087/2087 2089/2089/2089 2091/2091/2091
f 2092/2092/2092 2090/2090/2090 2088/2088/2088
f 2093/2093/2093 2091/2091/2091 2089/2089/2089
f 2090/2090/2090 2092/2092/2092 2094/2094/2094
f 2091/2091/2091 2093/2093/2093 2095/2095/2095
f 2096/2096/2096 2094/2094/2094 2092/2092/2092
f 2097/2097/2097 2095/2095/2095 2093/2093/2093
f 2094/2094/2094 2096/2096/2096 2098/2098/2098
f 2099/2099/2099 2095/2095/2095 2097/2097/2097
f 2100/2100/2100 2098/2098/2098 2096/2096/2096
f 2095/2095/2095 2099/2099/2099 2101/2101/2101
f 2098/2098/2098 2100/2100/2100 2102/2102/2102
f 2101/2101/2101 2099/2099/2099 2102/2102/2102
f 2101/2101/2101 2102/2102/2102 2100/2100/2100
f 2103/2103/2103 2104/2104/2104 2105/2105/2105
f 2104/2104/2104 2103/2103/2103 2106/2106/2106
f 2103/2103/2103 2105/2105/2105 2107/2107/2107
f 2107/2107/2107 2108/2108/2108 2103/2103/2103
f 2109/2109/2109 2110/2110/2110 2111/2111/2111
f 2112/2112/2112 2111/2111/2111 2110/2110/2110
f 2110/2110/2110 2109/2109/2109 2113/2113/2113
f 2112/2112/2112 2114/2114/2114 2111/2111/2111
f 2115/2115/2115 2113/2113/2113 2109/2109/2109
f 2114/2114/2114 2112/2112/2112 2116/2116/2116
f 2113/2113/2113 2115/2115/2115 2117/2117/2117
f 2118/2118/2118 2114/2114/2114 2116/2116/2116
f 2119/2119/2119 2117/2117/2117 2115/2115/2115
f 2114/2114/2114 2118/2118/2118 2120/2120/2120
f 2117/2117/2117 2119/2119/2119 2121/2121/2121
f 2122/2122/2122 2120/2120/2120 2118/2118/2118
f 2121/2121/2121 2119/2119/2119 2123/2123/2123
f 2120/2120/2120 2122/2122/2122 2124/2124/2124
f 2123/2123/2123 2125/2125/2125 2121/2121/2121
f 2126/2126/2126 2124/2124/2124 2122/2122/2122
f 2125/2125/2125 2123/2123/2123 2127/2127/2127
f 2124/2124/2124 2126/2126/2126 2128/2128/2128
f 2129/2129/2129 2127/2127/2127 2123/2123/2123
f 2126/2126/2126 2130/2130/2130 2128/2128/2128
f 2127/2127/2127 2129/2129/2129 2131/2131/2131
f 2130/2130/2130 2126/2126/2126 2132/2132/2132
f 2133/2133/2133 2131/2131/2131 2129/2129/2129
f 2132/2132/2132 2134/2134/2134 2130/2130/2130
f 2131/2131/2131 2133/2133/2133 2135/2135/2135
f 2136/2136/2136 2134/2134/2134 2132/2132/2132
f 2137/2137/2137 2135/2135/2135 2133/2133/2133
f 2134/2134/2134 2136/2136/2136 2138/2138/2138
f 2135/2135/2135 2137/2137/2137 2139/2139/2139
f 2140/2140/2140 2138/2138/2138 2136/2136/2136
f 2139/2139/2139 2137/2137/2137 2141/2141/2141
f 2142/2142/2142 2138/2138/2138 2140/2140/2140
f 2141/2141/2141 2143/2143/2143 2139/2139/2139
f 2138/2138/2138 2142/2142/2142 2144/2144/2144
f 2145/2145/2145 2143/2143/2143 2141/2141/2141
f 2146/2146/2146 2144/2144/2144 2142/2142/2142
f 2143/2143/2143 2145/2145/2145 2147/2147/2147
f 2144/2144/2144 2146/2146/2146 2148/2148/2148
f 2149/2149/2149 2147/2147/2147 2145/2145/2145
f 2150/2150/2150 2148/2148/2148 2146/2146/2146
f 2147/2147/2147 2149/2149/2149 2151/2151/2151
f 2148/2148/2148 2150/2150/2150 2152/2152/2152
f 2153/2153/2153 2151/2151/2151 2149/2149/2149
f 2150/2150/2150 2154/2154/2154 2152/2152/2152
f 2151/2151/2151 2153/2153/2153 2155/2155/2155
f 2156/2156/2156 2154/2154/2154 2150/2150/2150
f 2155/2155/2155 2153/2153/2153 2157/2157/2157
f 2154/2154/2154 2156/2156/2156 2158/2158/2158
f 2159/2159/2159 2157/2157/2157 2153/2153/2153
f 2160/2160/2160 2158/2158/2158 2156/2156/2156
f 2159/2159/2159 2161/2161/2161 2157/2157/2157
f 2158/2158/2158 2160/2160/2160 2162/2162/2162
f 2161/2161/2161 2159/2159/2159 2163/2163/2163
f 2164/2164/2164 2162/2162/2162 2160/2160/2160
f 2161/2161/2161 2163/2163/2163 2165/2165/2165
f 2166/2166/2166 2162/2162/2162 2164/2164/2164
f 2167/2167/2167 2165/2165/2165 2163/2163/2163
f 2162/2162/2162 2166/2166/2166 2168/2168/2168
f 2165/2165/2165 2167/2167/2167 2169/2169/2169
f 2168/2168/2168 2166/2166/2166 2170/2170/2170
f 2171/2171/2171 2169/2169/2169 2167/2167/2167
f 2168/2168/2168 2170/2170/2170 2172/2172/2172
f 2169/2169/2169 2171/2171/2171 2173/2173/2173
f 2173/2173/2173 2172/2172/2172 2170/2170/2170
f 2172/2172/2172 2173/2173/2173 2171/2171/2171
f 2174/2174/2174 2175/2175/2175 2176/2176/2176
f 2175/2175/2175 2174/2174/2174 2177/2177/2177
f 2178/2178/2178 2179/2179/2179 2180/2180/2180
f 2179/2179/2179 2178/2178/2178 2181/2181/2181
f 2182/2182/2182 2183/2183/2183 2184/2184/2184
f 2183/2183/2183 2182/2182/2182 2185/2185/2185
f 2186/2186/2186 2187/2187/2187 2183/2183/2183
f 2183/2183/2183 2188/2188/2188 2186/2186/2186
f 2189/2189/2189 2190/2190/2190 2191/2191/2191
f 2191/2191/2191 2190/2190/2190 2192/2192/2192
f 2193/2193/2193 2194/2194/2194 2195/2195/2195
f 2195/2195/2195 2196/2196/2196 2193/2193/2193
f 2197/2197/2197 2198/2198/2198 2199/2199/2199
f 2198/2198/2198 2197/2197/2197 2200/2200/2200
f 2201/2201/2201 2199/2199/2199 2198/2198/2198
f 2199/2199/2199 2201/2201/2201 2202/2202/2202
f 2203/2203/2203 2197/2197/2197 2204/2204/2204
f 2197/2197/2197 2203/2203/2203 2205/2205/2205
f 2202/2202/2202 2206/2206/2206 2207/2207/2207
f 2207/2207/2207 2208/2208/2208 2202/2202/2202
f 2207/2207/2207 2209/2209/2209 2210/2210/2210
f 2209/2209/2209 2207/2207/2207 2211/2211/2211
f 2209/2209/2209 2211/2211/2211 2212/2212/2212
f 2212/2212/2212 2213/2213/2213 2209/2209/2209
f 2214/2214/2214 2203/2203/2203 2215/2215/2215
f 2203/2203/2203 2214/2214/2214 2216/2216/2216
f 2214/2214/2214 2217/2217/2217 2216/2216/2216
f 2217/2217/2217 2214/2214/2214 2218/2218/2218
f 2217/2217/2217 2219/2219/2219 2220/2220/2220
f 2219/2219/2219 2217/2217/2217 2221/2221/2221
f 2222/2222/2222 2223/2223/2223 2224/2224/2224
f 2223/2223/2223 2222/2222/2222 2225/2225/2225
f 2226/2226/2226 2227/2227/2227 2228/2228/2228
f 2227/2227/2227 2226/2226/2226 2229/2229/2229
f 2230/2230/2230 2231/2231/2231 2232/2232/2232
f 2231/2231/2231 2230/2230/2230 2233/2233/2233
f 2234/2234/2234 2235/2235/2235 2236/2236/2236
f 2235/2235/2235 2234/2234/2234 2237/2237/2237
f 2238/2238/2238 2236/2236/2236 2235/2235/2235
f 2239/2239/2239 2237/2237/2237 2234/2234/2234
f 2236/2236/2236 2238/2238/2238 2240/2240/2240
f 2237/2237/2237 2239/2239/2239 2241/2241/2241
f 2240/2240/2240 2238/2238/2238 2242/2242/2242
f 2239/2239/2239 2243/2243/2243 2241/2241/2241
f 2242/2242/2242 2238/2238/2238 2244/2244/2244
f 2243/2243/2243 2239/2239/2239 2245/2245/2245
f 2244/2244/2244 2246/2246/2246 2242/2242/2242
f 2245/2245/2245 2247/2247/2247 2243/2243/2243
f 2246/2246/2246 2244/2244/2244 2248/2248/2248
f 2249/2249/2249 2247/2247/2247 2245/2245/2245
f 2246/2246/2246 2248/2248/2248 2250/2250/2250
f 2247/2247/2247 2249/2249/2249 2251/2251/2251
f 2252/2252/2252 2250/2250/2250 2248/2248/2248
f 2253/2253/2253 2251/2251/2251 2249/2249/2249
f 2250/2250/2250 2252/2252/2252 2254/2254/2254
f 2251/2251/2251 2253/2253/2253 2255/2255/2255
f 2256/2256/2256 2254/2254/2254 2252/2252/2252
f 2251/2251/2251 2255/2255/2255 2257/2257/2257
f 2254/2254/2254 2256/2256/2256 2258/2258/2258
f 2259/2259/2259 2257/2257/2257 2255/2255/2255
f 2257/2257/2257 2259/2259/2259 2260/2260/2260
f 2260/2260/2260 2259/2259/2259 2261/2261/2261
f 2262/2262/2262 2258/2258/2258 2256/2256/2256
f 2258/2258/2258 2262/2262/2262 2263/2263/2263
f 2262/2262/2262 2264/2264/2264 2263/2263/2263
f 2264/2264/2264 2262/2262/2262 2265/2265/2265
f 2264/2264/2264 2265/2265/2265 2266/2266/2266
f 2267/2267/2267 2266/2266/2266 2265/2265/2265
f 2266/2266/2266 2267/2267/2267 2268/2268/2268
f 2269/2269/2269 2268/2268/2268 2267/2267/2267
f 2268/2268/2268 2269/2269/2269 2270/2270/2270
f 2271/2271/2271 2270/2270/2270 2269/2269/2269
f 2270/2270/2270 2271/2271/2271 2272/2272/2272
f 2272/2272/2272 2271/2271/2271 2273/2273/2273
f 2273/2273/2273 2274/2274/2274 2272/2272/2272
f 2275/2275/2275 2274/2274/2274 2273/2273/2273
f 2274/2274/2274 2275/2275/2275 2276/2276/2276
f 2277/2277/2277 2276/2276/2276 2275/2275/2275
f 2276/2276/2276 2277/2277/2277 2278/2278/2278
f 2278/2278/2278 2277/2277/2277 2279/2279/2279
f 2280/2280/2280 2279/2279/2279 2277/2277/2277
f 2279/2279/2279 2280/2280/2280 2281/2281/2281
f 2281/2281/2281 2280/2280/2280 2282/2282/2282
f 2282/2282/2282 2283/2283/2283 2281/2281/2281
f 2283/2283/2283 2282/2282/2282 2284/2284/2284
f 2283/2283/2283 2284/2284/2284 2285/2285/2285
f 2286/2286/2286 2285/2285/2285 2284/2284/2284
f 2285/2285/2285 2286/2286/2286 2287/2287/2287
f 2288/2288/2288 2287/2287/2287 2286/2286/2286
f 2287/2287/2287 2288/2288/2288 2289/2289/2289
f 2290/2290/2290 2289/2289/2289 2288/2288/2288
f 2289/2289/2289 2290/2290/2290 2291/2291/2291
f 2291/2291/2291 2290/2290/2290 2292/2292/2292
f 2292/2292/2292 2293/2293/2293 2291/2291/2291
f 2293/2293/2293 2292/2292/2292 2294/2294/2294
f 2295/2295/2295 2294/2294/2294 2292/2292/2292
f 2294/2294/2294 2295/2295/2295 2296/2296/2296
f 2297/2297/2297 2296/2296/2296 2295/2295/2295
f 2296/2296/2296 2297/2297/2297 2261/2261/2261
f 2261/2261/2261 2297/2297/2297 2298/2298/2298
f 2299/2299/2299 2300/2300/2300 2301/2301/2301
f 2300/2300/2300 2299/2299/2299 2302/2302/2302
f 2303/2303/2303 2304/2304/2304 2305/2305/2305
f 2304/2304/2304 2303/2303/2303 2306/2306/2306
f 2307/2307/2307 2308/2308/2308 2309/2309/2309
f 2310/2310/2310 2309/2309/2309 2308/2308/2308
f 2308/2308/2308 2307/2307/2307 2311/2311/2311
f 2309/2309/2309 2310/2310/2310 2312/2312/2312
f 2313/2313/2313 2311/2311/2311 2307/2307/2307
f 2312/2312/2312 2314/2314/2314 2309/2309/2309
f 2311/2311/2311 2313/2313/2313 2315/2315/2315
f 2316/2316/2316 2314/2314/2314 2312/2312/2312
f 2317/2317/2317 2315/2315/2315 2313/2313/2313
f 2314/2314/2314 2316/2316/2316 2318/2318/2318
f 2315/2315/2315 2317/2317/2317 2319/2319/2319
f 2320/2320/2320 2318/2318/2318 2316/2316/2316
f 2319/2319/2319 2317/2317/2317 2321/2321/2321
f 2318/2318/2318 2320/2320/2320 2322/2322/2322
f 2321/2321/2321 2323/2323/2323 2319/2319/2319
f 2324/2324/2324 2322/2322/2322 2320/2320/2320
f 2325/2325/2325 2323/2323/2323 2321/2321/2321
f 2322/2322/2322 2324/2324/2324 2326/2326/2326
f 2323/2323/2323 2325/2325/2325 2327/2327/2327
f 2328/2328/2328 2326/2326/2326 2324/2324/2324
f 2329/2329/2329 2327/2327/2327 2325/2325/2325
f 2328/2328/2328 2330/2330/2330 2326/2326/2326
f 2327/2327/2327 2329/2329/2329 2331/2331/2331
f 2330/2330/2330 2328/2328/2328 2332/2332/2332
f 2333/2333/2333 2331/2331/2331 2329/2329/2329
f 2334/2334/2334 2330/2330/2330 2332/2332/2332
f 2331/2331/2331 2333/2333/2333 2335/2335/2335
f 2330/2330/2330 2334/2334/2334 2336/2336/2336
f 2335/2335/2335 2333/2333/2333 2337/2337/2337
f 2338/2338/2338 2336/2336/2336 2334/2334/2334
f 2339/2339/2339 2337/2337/2337 2333/2333/2333
f 2336/2336/2336 2338/2338/2338 2340/2340/2340
f 2339/2339/2339 2341/2341/2341 2337/2337/2337
f 2342/2342/2342 2340/2340/2340 2338/2338/2338
f 2341/2341/2341 2339/2339/2339 2343/2343/2343
f 2340/2340/2340 2342/2342/2342 2344/2344/2344
f 2341/2341/2341 2343/2343/2343 2345/2345/2345
f 2342/2342/2342 2346/2346/2346 2344/2344/2344
f 2347/2347/2347 2345/2345/2345 2343/2343/2343
f 2346/2346/2346 2342/2342/2342 2348/2348/2348
f 2345/2345/2345 2347/2347/2347 2349/2349/2349
f 2348/2348/2348 2350/2350/2350 2346/2346/2346
f 2351/2351/2351 2349/2349/2349 2347/2347/2347
f 2352/2352/2352 2350/2350/2350 2348/2348/2348
f 2349/2349/2349 2351/2351/2351 2353/2353/2353
f 2350/2350/2350 2352/2352/2352 2354/2354/2354
f 2355/2355/2355 2353/2353/2353 2351/2351/2351
f 2356/2356/2356 2354/2354/2354 2352/2352/2352
f 2353/2353/2353 2355/2355/2355 2357/2357/2357
f 2358/2358/2358 2354/2354/2354 2356/2356/2356
f 2359/2359/2359 2357/2357/2357 2355/2355/2355
f 2354/2354/2354 2358/2358/2358 2360/2360/2360
f 2359/2359/2359 2361/2361/2361 2357/2357/2357
f 2362/2362/2362 2360/2360/2360 2358/2358/2358
f 2363/2363/2363 2361/2361/2361 2359/2359/2359
f 2360/2360/2360 2362/2362/2362 2364/2364/2364
f 2361/2361/2361 2363/2363/2363 2365/2365/2365
f 2366/2366/2366 2364/2364/2364 2362/2362/2362
f 2365/2365/2365 2363/2363/2363 2367/2367/2367
f 2364/2364/2364 2366/2366/2366 2368/2368/2368
f 2369/2369/2369 2367/2367/2367 2363/2363/2363
f 2366/2366/2366 2370/2370/2370 2368/2368/2368
f 2367/2367/2367 2369/2369/2369 2371/2371/2371
f 2371/2371/2371 2370/2370/2370 2366/2366/2366
f 2370/2370/2370 2371/2371/2371 2369/2369/2369
f 2372/2372/2372 2373/2373/2373 2374/2374/2374
f 2373/2373/2373 2375/2375/2375 2374/2374/2374
f 2373/2373/2373 2372/2372/2372 2376/2376/2376
f 2377/2377/2377 2373/2373/2373 2376/2376/2376
f 2373/2373/2373 2377/2377/2377 2378/2378/2378
f 2379/2379/2379 2380/2380/2380 2381/2381/2381
f 2382/2382/2382 2381/2381/2381 2380/2380/2380
f 2380/2380/2380 2383/2383/2383 2382/2382/2382
f 2383/2383/2383 2380/2380/2380 2384/2384/2384
f 2380/2380/2380 2385/2385/2385 2384/2384/2384
f 2386/2386/2386 2387/2387/2387 2388/2388/2388
f 2388/2388/2388 2389/2389/2389 2386/2386/2386
f 2390/2390/2390 2388/2388/2388 2391/2391/2391
f 2388/2388/2388 2390/2390/2390 2392/2392/2392
f 2393/2393/2393 2390/2390/2390 2394/2394/2394
f 2390/2390/2390 2393/2393/2393 2395/2395/2395
f 2396/2396/2396 2397/2397/2397 2398/2398/2398
f 2397/2397/2397 2396/2396/2396 2399/2399/2399
f 2400/2400/2400 2398/2398/2398 2397/2397/2397
f 2401/2401/2401 2399/2399/2399 2396/2396/2396
f 2398/2398/2398 2400/2400/2400 2402/2402/2402
f 2399/2399/2399 2401/2401/2401 2403/2403/2403
f 2402/2402/2402 2400/2400/2400 2404/2404/2404
f 2401/2401/2401 2405/2405/2405 2403/2403/2403
f 2404/2404/2404 2400/2400/2400 2406/2406/2406
f 2405/2405/2405 2401/2401/2401 2407/2407/2407
f 2406/2406/2406 2408/2408/2408 2404/2404/2404
f 2407/2407/2407 2409/2409/2409 2405/2405/2405
f 2408/2408/2408 2406/2406/2406 2410/2410/2410
f 2411/2411/2411 2409/2409/2409 2407/2407/2407
f 2408/2408/2408 2410/2410/2410 2412/2412/2412
f 2409/2409/2409 2411/2411/2411 2413/2413/2413
f 2414/2414/2414 2412/2412/2412 2410/2410/2410
f 2415/2415/2415 2413/2413/2413 2411/2411/2411
f 2412/2412/2412 2414/2414/2414 2416/2416/2416
f 2413/2413/2413 2415/2415/2415 2417/2417/2417
f 2418/2418/2418 2416/2416/2416 2414/2414/2414
f 2413/2413/2413 2417/2417/2417 2419/2419/2419
f 2416/2416/2416 2418/2418/2418 2420/2420/2420
f 2421/2421/2421 2419/2419/2419 2417/2417/2417
f 2419/2419/2419 2421/2421/2421 2422/2422/2422
f 2422/2422/2422 2421/2421/2421 2423/2423/2423
f 2424/2424/2424 2420/2420/2420 2418/2418/2418
f 2420/2420/2420 2424/2424/2424 2425/2425/2425
f 2424/2424/2424 2426/2426/2426 2425/2425/2425
f 2426/2426/2426 2424/2424/2424 2427/2427/2427
f 2426/2426/2426 2427/2427/2427 2428/2428/2428
f 2429/2429/2429 2428/2428/2428 2427/2427/2427
f 2428/2428/2428 2429/2429/2429 2430/2430/2430
f 2431/2431/2431 2430/2430/2430 2429/2429/2429
f 2430/2430/2430 2431/2431/2431 2432/2432/2432
f 2433/2433/2433 2432/2432/2432 2431/2431/2431
f 2432/2432/2432 2433/2433/2433 2434/2434/2434
f 2434/2434/2434 2433/2433/2433 2435/2435/2435
f 2435/2435/2435 2436/2436/2436 2434/2434/2434
f 2437/2437/2437 2436/2436/2436 2435/2435/2435
f 2436/2436/2436 2437/2437/2437 2438/2438/2438
f 2439/2439/2439 2438/2438/2438 2437/2437/2437
f 2438/2438/2438 2439/2439/2439 2440/2440/2440
f 2440/2440/2440 2439/2439/2439 2441/2441/2441
f 2442/2442/2442 2441/2441/2441 2439/2439/2439
f 2441/2441/2441 2442/2442/2442 2443/2443/2443
f 2443/2443/2443 2442/2442/2442 2444/2444/2444
f 2444/2444/2444 2445/2445/2445 2443/2443/2443
f 2445/2445/2445 2444/2444/2444 2446/2446/2446
f 2445/2445/2445 2446/2446/2446 2447/2447/2447
f 2448/2448/2448 2447/2447/2447 2446/2446/2446
f 2447/2447/2447 2448/2448/2448 2449/2449/2449
f 2450/2450/2450 2449/2449/2449 2448/2448/2448
f 2449/2449/2449 2450/2450/2450 2451/2451/2451
f 2452/2452/2452 2451/2451/2451 2450/2450/2450
f 2451/2451/2451 2452/2452/2452 2453/2453/2453
f 2453/2453/2453 2452/2452/2452 2454/2454/2454
f 2454/2454/2454 2455/2455/2455 2453/2453/2453
f 2455/2455/2455 2454/2454/2454 2456/2456/2456
f 2457/2457/2457 2456/2456/2456 2454/2454/2454
f 2456/2456/2456 2457/2457/2457 2458/2458/2458
f 2459/2459/2459 2458/2458/2458 2457/2457/2457
f 2458/2458/2458 2459/2459/2459 2423/2423/2423
f 2423/2423/2423 2459/2459/2459 2460/2460/2460
f 2461/2461/2461 2462/2462/2462 2463/2463/2463
f 2464/2464/2464 2463/2463/2463 2462/2462/2462
f 2462/2462/2462 2461/2461/2461 2465/2465/2465
f 2463/2463/2463 2464/2464/2464 2466/2466/2466
f 2467/2467/2467 2465/2465/2465 2461/2461/2461
f 2466/2466/2466 2468/2468/2468 2463/2463/2463
f 2465/2465/2465 2467/2467/2467 2469/2469/2469
f 2470/2470/2470 2468/2468/2468 2466/2466/2466
f 2471/2471/2471 2469/2469/2469 2467/2467/2467
f 2468/2468/2468 2470/2470/2470 2472/2472/2472
f 2469/2469/2469 2471/2471/2471 2473/2473/2473
f 2474/2474/2474 2472/2472/2472 2470/2470/2470
f 2473/2473/2473 2471/2471/2471 2475/2475/2475
f 2472/2472/2472 2474/2474/2474 2476/2476/2476
f 2475/2475/2475 2477/2477/2477 2473/2473/2473
f 2478/2478/2478 2476/2476/2476 2474/2474/2474
f 2479/2479/2479 2477/2477/2477 2475/2475/2475
f 2476/2476/2476 2478/2478/2478 2480/2480/2480
f 2477/2477/2477 2479/2479/2479 2481/2481/2481
f 2482/2482/2482 2480/2480/2480 2478/2478/2478
f 2483/2483/2483 2481/2481/2481 2479/2479/2479
f 2482/2482/2482 2484/2484/2484 2480/2480/2480
f 2481/2481/2481 2483/2483/2483 2485/2485/2485
f 2484/2484/2484 2482/2482/2482 2486/2486/2486
f 2487/2487/2487 2485/2485/2485 2483/2483/2483
f 2488/2488/2488 2484/2484/2484 2486/2486/2486
f 2485/2485/2485 2487/2487/2487 2489/2489/2489
f 2484/2484/2484 2488/2488/2488 2490/2490/2490
f 2489/2489/2489 2487/2487/2487 2491/2491/2491
f 2492/2492/2492 2490/2490/2490 2488/2488/2488
f 2493/2493/2493 2491/2491/2491 2487/2487/2487
f 2490/2490/2490 2492/2492/2492 2494/2494/2494
f 2493/2493/2493 2495/2495/2495 2491/2491/2491
f 2496/2496/2496 2494/2494/2494 2492/2492/2492
f 2495/2495/2495 2493/2493/2493 2497/2497/2497
f 2494/2494/2494 2496/2496/2496 2498/2498/2498
f 2495/2495/2495 2497/2497/2497 2499/2499/2499
f 2496/2496/2496 2500/2500/2500 2498/2498/2498
f 2501/2501/2501 2499/2499/2499 2497/2497/2497
f 2500/2500/2500 2496/2496/2496 2502/2502/2502
f 2499/2499/2499 2501/2501/2501 2503/2503/2503
f 2502/2502/2502 2504/2504/2504 2500/2500/2500
f 2505/2505/2505 2503/2503/2503 2501/2501/2501
f 2506/2506/2506 2504/2504/2504 2502/2502/2502
f 2503/2503/2503 2505/2505/2505 2507/2507/2507
f 2504/2504/2504 2506/2506/2506 2508/2508/2508
f 2509/2509/2509 2507/2507/2507 2505/2505/2505
f 2510/2510/2510 2508/2508/2508 2506/2506/2506
f 2507/2507/2507 2509/2509/2509 2511/2511/2511
f 2512/2512/2512 2508/2508/2508 2510/2510/2510
f 2513/2513/2513 2511/2511/2511 2509/2509/2509
f 2508/2508/2508 2512/2512/2512 2514/2514/2514
f 2513/2513/2513 2515/2515/2515 2511/2511/2511
f 2516/2516/2516 2514/2514/2514 2512/2512/2512
f 2517/2517/2517 2515/2515/2515 2513/2513/2513
f 2514/2514/2514 2516/2516/2516 2518/2518/2518
f 2515/2515/2515 2517/2517/2517 2519/2519/2519
f 2520/2520/2520 2518/2518/2518 2516/2516/2516
f 2519/2519/2519 2517/2517/2517 2521/2521/2521
f 2518/2518/2518 2520/2520/2520 2522/2522/2522
f 2523/2523/2523 2521/2521/2521 2517/2517/2517
f 2520/2520/2520 2524/2524/2524 2522/2522/2522
f 2521/2521/2521 2523/2523/2523 2525/2525/2525
f 2525/2525/2525 2524/2524/2524 2520/2520/2520
f 2524/2524/2524 2525/2525/2525 2523/2523/2523
f 2526/2526/2526 2527/2527/2527 2528/2528/2528
f 2527/2527/2527 2526/2526/2526 2529/2529/2529
f 2526/2526/2526 2530/2530/2530 2529/2529/2529
f 2530/2530/2530 2526/2526/2526 2531/2531/2531
f 2530/2530/2530 2532/2532/2532 2533/2533/2533
f 2532/2532/2532 2530/2530/2530 2534/2534/2534
f 2535/2535/2535 2536/2536/2536 2537/2537/2537
f 2537/2537/2537 2536/2536/2536 2538/2538/2538
f 2537/2537/2537 2539/2539/2539 2540/2540/2540
f 2540/2540/2540 2541/2541/2541 2537/2537/2537
f 2542/2542/2542 2540/2540/2540 2543/2543/2543
f 2540/2540/2540 2542/2542/2542 2544/2544/2544
f 2545/2545/2545 2546/2546/2546 2547/2547/2547
f 2546/2546/2546 2545/2545/2545 2548/2548/2548
f 2549/2549/2549 2550/2550/2550 2551/2551/2551
f 2549/2549/2549 2552/2552/2552 2550/2550/2550
f 2552/2552/2552 2549/2549/2549 2553/2553/2553
f 2554/2554/2554 2552/2552/2552 2553/2553/2553
f 2552/2552/2552 2554/2554/2554 2555/2555/2555
f 2554/2554/2554 2556/2556/2556 2557/2557/2557
f 2554/2554/2554 2558/2558/2558 2556/2556/2556
f 2559/2559/2559 2560/2560/2560 2561/2561/2561
f 2560/2560/2560 2559/2559/2559 2562/2562/2562
f 2561/2561/2561 2563/2563/2563 2559/2559/2559
f 2561/2561/2561 2564/2564/2564 2563/2563/2563
f 2564/2564/2564 2565/2565/2565 2563/2563/2563
f 2566/2566/2566 2565/2565/2565 2567/2567/2567
f 2565/2565/2565 2566/2566/2566 2568/2568/2568
f 2569/2569/2569 2570/2570/2570 2571/2571/2571
f 2570/2570/2570 2569/2569/2569 2572/2572/2572
f 2573/2573/2573 2574/2574/2574 2575/2575/2575
f 2574/2574/2574 2573/2573/2573 2576/2576/2576
f 2574/2574/2574 2577/2577/2577 2578/2578/2578
f 2577/2577/2577 2574/2574/2574 2579/2579/2579
f 2580/2580/2580 2581/2581/2581 2582/2582/2582
f 2581/2581/2581 2580/2580/2580 2583/2583/2583
f 2580/2580/2580 2582/2582/2582 2584/2584/2584
f 2584/2584/2584 2585/2585/2585 2580/2580/2580
f 2584/2584/2584 2586/2586/2586 2585/2585/2585
f 2586/2586/2586 2584/2584/2584 2587/2587/2587
f 2586/2586/2586 2588/2588/2588 2589/2589/2589
f 2589/2589/2589 2590/2590/2590 2586/2586/2586
f 2589/2589/2589 2591/2591/2591 2590/2590/2590
f 2591/2591/2591 2589/2589/2589 2592/2592/2592
f 2593/2593/2593 2594/2594/2594 2595/2595/2595
f 2594/2594/2594 2593/2593/2593 2596/2596/2596
f 2597/2597/2597 2598/2598/2598 2599/2599/2599
f 2599/2599/2599 2598/2598/2598 2600/2600/2600
f 2601/2601/2601 2602/2602/2602 2603/2603/2603
f 2603/2603/2603 2602/2602/2602 2604/2604/2604
f 2605/2605/2605 2606/2606/2606 2607/2607/2607
f 2607/2607/2607 2606/2606/2606 2608/2608/2608
f 2609/2609/2609 2610/2610/2610 2611/2611/2611
f 2611/2611/2611 2610/2610/2610 2612/2612/2612
f 2613/2613/2613 2614/2614/2614 2615/2615/2615
f 2614/2614/2614 2613/2613/2613 2616/2616/2616
f 2617/2617/2617 2618/2618/2618 2619/2619/2619
f 2618/2618/2618 2617/2617/2617 2620/2620/2620
f 2621/2621/2621 2617/2617/2617 2622/2622/2622
f 2617/2617/2617 2621/2621/2621 2623/2623/2623
f 2624/2624/2624 2625/2625/2625 2626/2626/2626
f 2625/2625/2625 2624/2624/2624 2627/2627/2627
f 2628/2628/2628 2629/2629/2629 2630/2630/2630
f 2630/2630/2630 2631/2631/2631 2628/2628/2628
f 2628/2628/2628 2632/2632/2632 2633/2633/2633
f 2632/2632/2632 2628/2628/2628 2634/2634/2634
f 2635/2635/2635 2636/2636/2636 2634/2634/2634
f 2636/2636/2636 2635/2635/2635 2637/2637/2637
f 2638/2638/2638 2639/2639/2639 2640/2640/2640
f 2639/2639/2639 2638/2638/2638 2641/2641/2641
f 2642/2642/2642 2643/2643/2643 2644/2644/2644
f 2643/2643/2643 2642/2642/2642 2645/2645/2645
f 2644/2644/2644 2646/2646/2646 2642/2642/2642
f 2645/2645/2645 2647/2647/2647 2643/2643/2643
f 2646/2646/2646 2644/2644/2644 2648/2648/2648
f 2647/2647/2647 2645/2645/2645 2649/2649/2649
f 2648/2648/2648 2650/2650/2650 2646/2646/2646
f 2647/2647/2647 2649/2649/2649 2651/2651/2651
f 2650/2650/2650 2648/2648/2648 2652/2652/2652
f 2653/2653/2653 2651/2651/2651 2649/2649/2649
f 2652/2652/2652 2654/2654/2654 2650/2650/2650
f 2651/2651/2651 2653/2653/2653 2655/2655/2655
f 2654/2654/2654 2652/2652/2652 2656/2656/2656
f 2657/2657/2657 2655/2655/2655 2653/2653/2653
f 2656/2656/2656 2657/2657/2657 2654/2654/2654
f 2657/2657/2657 2656/2656/2656 2655/2655/2655
f 2658/2658/2658 2659/2659/2659 2660/2660/2660
f 2660/2660/2660 2659/2659/2659 2661/2661/2661
f 2662/2662/2662 2663/2663/2663 2659/2659/2659
f 2659/2659/2659 2664/2664/2664 2662/2662/2662
f 2665/2665/2665 2666/2666/2666 2667/2667/2667
f 2667/2667/2667 2666/2666/2666 2668/2668/2668
f 2666/2666/2666 2669/2669/2669 2668/2668/2668
f 2668/2668/2668 2669/2669/2669 2670/2670/2670
f 2671/2671/2671 2670/2670/2670 2669/2669/2669
f 2670/2670/2670 2671/2671/2671 2672/2672/2672
f 2671/2671/2671 2673/2673/2673 2672/2672/2672
f 2672/2672/2672 2673/2673/2673 2674/2674/2674
f 2673/2673/2673 2675/2675/2675 2674/2674/2674
f 2674/2674/2674 2675/2675/2675 2676/2676/2676
f 2677/2677/2677 2676/2676/2676 2675/2675/2675
f 2677/2677/2677 2678/2678/2678 2676/2676/2676
f 2679/2679/2679 2678/2678/2678 2677/2677/2677
f 2679/2679/2679 2680/2680/2680 2678/2678/2678
f 2679/2679/2679 2681/2681/2681 2680/2680/2680
f 2680/2680/2680 2681/2681/2681 2682/2682/2682
f 2683/2683/2683 2684/2684/2684 2685/2685/2685
f 2684/2684/2684 2683/2683/2683 2686/2686/2686
f 2687/2687/2687 2688/2688/2688 2689/2689/2689
f 2688/2688/2688 2687/2687/2687 2690/2690/2690
f 2688/2688/2688 2691/2691/2691 2692/2692/2692
f 2691/2691/2691 2688/2688/2688 2693/2693/2693
f 2691/2691/2691 2694/2694/2694 2695/2695/2695
f 2694/2694/2694 2691/2691/2691 2696/2696/2696
f 2697/2697/2697 2698/2698/2698 2699/2699/2699
f 2699/2699/2699 2698/2698/2698 2700/2700/2700
f 2701/2701/2701 2702/2702/2702 2703/2703/2703
f 2702/2702/2702 2701/2701/2701 2704/2704/2704
f 2705/2705/2705 2706/2706/2706 2707/2707/2707
f 2706/2706/2706 2705/2705/2705 2708/2708/2708
f 2709/2709/2709 2710/2710/2710 2711/2711/2711
f 2710/2710/2710 2709/2709/2709 2712/2712/2712
f 2713/2713/2713 2714/2714/2714 2715/2715/2715
f 2714/2714/2714 2713/2713/2713 2716/2716/2716
f 2717/2717/2717 2718/2718/2718 2719/2719/2719
f 2718/2718/2718 2717/2717/2717 2720/2720/2720
f 2721/2721/2721 2719/2719/2719 2718/2718/2718
f 2719/2719/2719 2721/2721/2721 2722/2722/2722
f 2723/2723/2723 2717/2717/2717 2724/2724/2724
f 2717/2717/2717 2723/2723/2723 2725/2725/2725
f 2726/2726/2726 2721/2721/2721 2727/2727/2727
f 2721/2721/2721 2726/2726/2726 2728/2728/2728
f 2729/2729/2729 2730/2730/2730 2731/2731/2731
f 2730/2730/2730 2729/2729/2729 2732/2732/2732
f 2729/2729/2729 2733/2733/2733 2732/2732/2732
f 2733/2733/2733 2729/2729/2729 2734/2734/2734
f 2735/2735/2735 2733/2733/2733 2734/2734/2734
f 2733/2733/2733 2735/2735/2735 2736/2736/2736
f 2737/2737/2737 2738/2738/2738 2739/2739/2739
f 2738/2738/2738 2737/2737/2737 2740/2740/2740
f 2741/2741/2741 2739/2739/2739 2738/2738/2738
f 2739/2739/2739 2741/2741/2741 2742/2742/2742
f 2743/2743/2743 2737/2737/2737 2744/2744/2744
f 2737/2737/2737 2743/2743/2743 2745/2745/2745
f 2746/2746/2746 2743/2743/2743 2747/2747/2747
f 2743/2743/2743 2746/2746/2746 2748/2748/2748
f 2746/2746/2746 2749/2749/2749 2748/2748/2748
f 2749/2749/2749 2746/2746/2746 2750/2750/2750
f 2751/2751/2751 2749/2749/2749 2752/2752/2752
f 2749/2749/2749 2751/2751/2751 2753/2753/2753
f 2751/2751/2751 2754/2754/2754 2753/2753/2753
f 2754/2754/2754 2751/2751/2751 2755/2755/2755
f 2756/2756/2756 2757/2757/2757 2758/2758/2758
f 2757/2757/2757 2756/2756/2756 2759/2759/2759
f 2760/2760/2760 2761/2761/2761 2762/2762/2762
f 2761/2761/2761 2760/2760/2760 2763/2763/2763
f 2764/2764/2764 2760/2760/2760 2762/2762/2762
f 2760/2760/2760 2764/2764/2764 2765/2765/2765
f 2766/2766/2766 2767/2767/2767 2768/2768/2768
f 2769/2769/2769 2768/2768/2768 2767/2767/2767
f 2766/2766/2766 2770/2770/2770 2767/2767/2767
f 2768/2768/2768 2769/2769/2769 2771/2771/2771
f 2770/2770/2770 2766/2766/2766 2772/2772/2772
f 2773/2773/2773 2771/2771/2771 2769/2769/2769
f 2772/2772/2772 2774/2774/2774 2770/2770/2770
f 2773/2773/2773 2775/2775/2775 2771/2771/2771
f 2774/2774/2774 2772/2772/2772 2776/2776/2776
f 2775/2775/2775 2773/2773/2773 2777/2777/2777
f 2778/2778/2778 2774/2774/2774 2776/2776/2776
f 2777/2777/2777 2779/2779/2779 2775/2775/2775
f 2774/2774/2774 2778/2778/2778 2780/2780/2780
f 2779/2779/2779 2780/2780/2780 2778/2778/2778
f 2779/2779/2779 2777/2777/2777 2781/2781/2781
f 2780/2780/2780 2779/2779/2779 2781/2781/2781
f 2782/2782/2782 2783/2783/2783 2784/2784/2784
f 2783/2783/2783 2782/2782/2782 2785/2785/2785
f 2786/2786/2786 2787/2787/2787 2788/2788/2788
f 2787/2787/2787 2786/2786/2786 2789/2789/2789
f 2786/2786/2786 2788/2788/2788 2790/2790/2790
f 2790/2790/2790 2791/2791/2791 2786/2786/2786
f 2792/2792/2792 2793/2793/2793 2794/2794/2794
f 2793/2793/2793 2792/2792/2792 2795/2795/2795
f 2796/2796/2796 2797/2797/2797 2798/2798/2798
f 2797/2797/2797 2796/2796/2796 2799/2799/2799
f 2800/2800/2800 2801/2801/2801 2802/2802/2802
f 2801/2801/2801 2800/2800/2800 2803/2803/2803
f 2804/2804/2804 2805/2805/2805 2806/2806/2806
f 2805/2805/2805 2804/2804/2804 2807/2807/2807
f 2808/2808/2808 2804/2804/2804 2806/2806/2806
f 2804/2804/2804 2808/2808/2808 2809/2809/2809
f 2809/2809/2809 2808/2808/2808 2810/2810/2810
f 2811/2811/2811 2812/2812/2812 2813/2813/2813
f 2812/2812/2812 2811/2811/2811 2814/2814/2814
f 2815/2815/2815 2816/2816/2816 2817/2817/2817
f 2816/2816/2816 2815/2815/2815 2818/2818/2818
f 2819/2819/2819 2816/2816/2816 2818/2818/2818
f 2816/2816/2816 2819/2819/2819 2820/2820/2820
f 2821/2821/2821 2822/2822/2822 2823/2823/2823
f 2823/2823/2823 2822/2822/2822 2824/2824/2824
f 2825/2825/2825 2823/2823/2823 2826/2826/2826
f 2823/2823/2823 2825/2825/2825 2827/2827/2827
f 2828/2828/2828 2829/2829/2829 2830/2830/2830
f 2829/2829/2829 2828/2828/2828 2831/2831/2831
f 2832/2832/2832 2833/2833/2833 2834/2834/2834
f 2833/2833/2833 2832/2832/2832 2835/2835/2835
f 2836/2836/2836 2837/2837/2837 2838/2838/2838
f 2838/2838/2838 2839/2839/2839 2836/2836/2836
f 2840/2840/2840 2841/2841/2841 2842/2842/2842
f 2841/2841/2841 2840/2840/2840 2843/2843/2843
f 2844/2844/2844 2845/2845/2845 2846/2846/2846
f 2845/2845/2845 2844/2844/2844 2847/2847/2847
f 2844/2844/2844 2846/2846/2846 2848/2848/2848
f 2848/2848/2848 2849/2849/2849 2844/2844/2844
f 2850/2850/2850 2851/2851/2851 2852/2852/2852
f 2851/2851/2851 2850/2850/2850 2853/2853/2853
f 2854/2854/2854 2855/2855/2855 2856/2856/2856
f 2854/2854/2854 2856/2856/2856 2857/2857/2857
f 2858/2858/2858 2859/2859/2859 2860/2860/2860
f 2859/2859/2859 2858/2858/2858 2861/2861/2861
f 2862/2862/2862 2863/2863/2863 2864/2864/2864
f 2863/2863/2863 2862/2862/2862 2865/2865/2865
f 2866/2866/2866 2867/2867/2867 2868/2868/2868
f 2867/2867/2867 2866/2866/2866 2869/2869/2869
f 2866/2866/2866 2868/2868/2868 2870/2870/2870
f 2870/2870/2870 2871/2871/2871 2866/2866/2866
f 2872/2872/2872 2873/2873/2873 2874/2874/2874
f 2873/2873/2873 2872/2872/2872 2875/2875/2875
f 2876/2876/2876 2877/2877/2877 2878/2878/2878
f 2877/2877/2877 2876/2876/2876 2879/2879/2879
f 2877/2877/2877 2880/2880/2880 2881/2881/2881
f 2880/2880/2880 2877/2877/2877 2882/2882/2882
f 2883/2883/2883 2884/2884/2884 2885/2885/2885
f 2884/2884/2884 2883/2883/2883 2886/2886/2886
f 2887/2887/2887 2885/2885/2885 2884/2884/2884
f 2885/2885/2885 2887/2887/2887 2888/2888/2888
f 2889/2889/2889 2883/2883/2883 2890/2890/2890
f 2883/2883/2883 2889/2889/2889 2891/2891/2891
f 2892/2892/2892 2887/2887/2887 2893/2893/2893
f 2887/2887/2887 2892/2892/2892 2894/2894/2894
f 2892/2892/2892 2895/2895/2895 2896/2896/2896
f 2896/2896/2896 2897/2897/2897 2892/2892/2892
f 2896/2896/2896 2898/2898/2898 2897/2897/2897
f 2898/2898/2898 2896/2896/2896 2899/2899/2899
f 2898/2898/2898 2900/2900/2900 2901/2901/2901
f 2901/2901/2901 2902/2902/2902 2898/2898/2898
f 2901/2901/2901 2903/2903/2903 2902/2902/2902
f 2903/2903/2903 2901/2901/2901 2904/2904/2904
f 2905/2905/2905 2906/2906/2906 2907/2907/2907
f 2906/2906/2906 2905/2905/2905 2908/2908/2908
f 2909/2909/2909 2910/2910/2910 2911/2911/2911
f 2910/2910/2910 2909/2909/2909 2912/2912/2912
f 2913/2913/2913 2914/2914/2914 2915/2915/2915
f 2914/2914/2914 2913/2913/2913 2916/2916/2916
f 2917/2917/2917 2913/2913/2913 2918/2918/2918
f 2913/2913/2913 2917/2917/2917 2919/2919/2919
f 2914/2914/2914 2920/2920/2920 2921/2921/2921
f 2920/2920/2920 2914/2914/2914 2922/2922/2922
f 2920/2920/2920 2922/2922/2922 2923/2923/2923
f 2923/2923/2923 2924/2924/2924 2920/2920/2920
f 2923/2923/2923 2925/2925/2925 2924/2924/2924
f 2925/2925/2925 2923/2923/2923 2926/2926/2926
f 2925/2925/2925 2926/2926/2926 2927/2927/2927
f 2927/2927/2927 2928/2928/2928 2925/2925/2925
f 2927/2927/2927 2929/2929/2929 2928/2928/2928
f 2929/2929/2929 2927/2927/2927 2930/2930/2930
f 2929/2929/2929 2931/2931/2931 2932/2932/2932
f 2932/2932/2932 2933/2933/2933 2929/2929/2929
f 2932/2932/2932 2934/2934/2934 2933/2933/2933
f 2934/2934/2934 2932/2932/2932 2935/2935/2935
f 2936/2936/2936 2937/2937/2937 2938/2938/2938
f 2937/2937/2937 2936/2936/2936 2939/2939/2939
f 2936/2936/2936 2940/2940/2940 2941/2941/2941
f 2940/2940/2940 2936/2936/2936 2942/2942/2942
f 2943/2943/2943 2940/2940/2940 2944/2944/2944
f 2940/2940/2940 2943/2943/2943 2945/2945/2945
f 2943/2943/2943 2946/2946/2946 2945/2945/2945
f 2947/2947/2947 2946/2946/2946 2943/2943/2943
f 2948/2948/2948 2949/2949/2949 2950/2950/2950
f 2949/2949/2949 2948/2948/2948 2951/2951/2951
f 2952/2952/2952 2953/2953/2953 2954/2954/2954
f 2953/2953/2953 2952/2952/2952 2955/2955/2955
f 2956/2956/2956 2957/2957/2957 2958/2958/2958
f 2957/2957/2957 2956/2956/2956 2959/2959/2959
f 2956/2956/2956 2960/2960/2960 2959/2959/2959
f 2960/2960/2960 2956/2956/2956 2961/2961/2961
f 2962/2962/2962 2960/2960/2960 2961/2961/2961
f 2960/2960/2960 2962/2962/2962 2963/2963/2963
f 2964/2964/2964 2965/2965/2965 2966/2966/2966
f 2965/2965/2965 2964/2964/2964 2967/2967/2967
f 2968/2968/2968 2969/2969/2969 2970/2970/2970
f 2969/2969/2969 2968/2968/2968 2971/2971/2971
f 2972/2972/2972 2973/2973/2973 2974/2974/2974
f 2973/2973/2973 2972/2972/2972 2975/2975/2975
f 2976/2976/2976 2977/2977/2977 2978/2978/2978
f 2977/2977/2977 2976/2976/2976 2979/2979/2979
f 2980/2980/2980 2981/2981/2981 2982/2982/2982
f 2981/2981/2981 2980/2980/2980 2983/2983/2983
f 2980/2980/2980 2984/2984/2984 2985/2985/2985
f 2984/2984/2984 2980/2980/2980 2986/2986/2986
f 2987/2987/2987 2988/2988/2988 2989/2989/2989
f 2988/2988/2988 2987/2987/2987 2990/2990/2990
f 2991/2991/2991 2992/2992/2992 2993/2993/2993
f 2992/2992/2992 2991/2991/2991 2994/2994/2994
f 2995/2995/2995 2996/2996/2996 2997/2997/2997
f 2996/2996/2996 2995/2995/2995 2998/2998/2998
f 2999/2999/2999 2995/2995/2995 2997/2997/2997
f 2998/2998/2998 3000/3000/3000 2996/2996/2996
f 2999/2999/2999 2997/2997/2997 3001/3001/3001
f 3000/3000/3000 2998/2998/2998 3002/3002/3002
f 3003/3003/3003 2999/2999/2999 3001/3001/3001
f 3002/3002/3002 3004/3004/3004 3000/3000/3000
f 2999/2999/2999 3003/3003/3003 3005/3005/3005
f 3004/3004/3004 3002/3002/3002 3006/3006/3006
f 3007/3007/3007 3005/3005/3005 3003/3003/3003
f 3008/3008/3008 3004/3004/3004 3006/3006/3006
f 3009/3009/3009 3005/3005/3005 3007/3007/3007
f 3004/3004/3004 3008/3008/3008 3010/3010/3010
f 3009/3009/3009 3010/3010/3010 3008/3008/3008
f 3010/3010/3010 3009/3009/3009 3007/3007/3007
f 3011/3011/3011 3012/3012/3012 3013/3013/3013
f 3012/3012/3012 3011/3011/3011 3014/3014/3014
f 3015/3015/3015 3016/3016/3016 3017/3017/3017
f 3016/3016/3016 3015/3015/3015 3018/3018/3018
f 3016/3016/3016 3019/3019/3019 3020/3020/3020
f 3019/3019/3019 3016/3016/3016 3021/3021/3021
f 3022/3022/3022 3023/3023/3023 3024/3024/3024
f 3023/3023/3023 3022/3022/3022 3025/3025/3025
f 3023/3023/3023 3026/3026/3026 3027/3027/3027
f 3026/3026/3026 3023/3023/3023 3028/3028/3028
f 3029/3029/3029 3030/3030/3030 3031/3031/3031
f 3030/3030/3030 3029/3029/3029 3032/3032/3032
f 3033/3033/3033 3034/3034/3034 3035/3035/3035
f 3034/3034/3034 3033/3033/3033 3036/3036/3036
f 3033/3033/3033 3037/3037/3037 3036/3036/3036
f 3037/3037/3037 3033/3033/3033 3038/3038/3038
f 3039/3039/3039 3040/3040/3040 3041/3041/3041
f 3040/3040/3040 3039/3039/3039 3042/3042/3042
f 3039/3039/3039 3041/3041/3041 3043/3043/3043
f 3043/3043/3043 3044/3044/3044 3039/3039/3039
f 3043/3043/3043 3045/3045/3045 3044/3044/3044
f 3045/3045/3045 3043/3043/3043 3046/3046/3046
f 3047/3047/3047 3048/3048/3048 3049/3049/3049
f 3049/3049/3049 3048/3048/3048 3050/3050/3050
f 3051/3051/3051 3052/3052/3052 3053/3053/3053
f 3052/3052/3052 3051/3051/3051 3054/3054/3054
f 3055/3055/3055 3056/3056/3056 3057/3057/3057
f 3056/3056/3056 3055/3055/3055 3058/3058/3058
f 3059/3059/3059 3055/3055/3055 3060/3060/3060
f 3055/3055/3055 3059/3059/3059 3061/3061/3061
f 3062/3062/3062 3063/3063/3063 3064/3064/3064
f 3063/3063/3063 3062/3062/3062 3065/3065/3065
f 3066/3066/3066 3062/3062/3062 3064/3064/3064
f 3062/3062/3062 3066/3066/3066 3067/3067/3067
f 3067/3067/3067 3066/3066/3066 3068/3068/3068
f 3069/3069/3069 3070/3070/3070 3071/3071/3071
f 3070/3070/3070 3069/3069/3069 3072/3072/3072
f 3073/3073/3073 3070/3070/3070 3072/3072/3072
f 3070/3070/3070 3073/3073/3073 3074/3074/3074
f 3075/3075/3075 3076/3076/3076 3077/3077/3077
f 3076/3076/3076 3075/3075/3075 3078/3078/3078
f 3079/3079/3079 3080/3080/3080 3081/3081/3081
f 3080/3080/3080 3079/3079/3079 3082/3082/3082
f 3083/3083/3083 3080/3080/3080 3082/3082/3082
f 3080/3080/3080 3083/3083/3083 3084/3084/3084
f 3085/3085/3085 3086/3086/3086 3087/3087/3087
f 3086/3086/3086 3085/3085/3085 3088/3088/3088
f 3085/3085/3085 3087/3087/3087 2917/2917/2917
f 2917/2917/2917 3089/3089/3089 3085/3085/3085
f 3090/3090/3090 3091/3091/3091 3092/3092/3092
f 3092/3092/3092 3091/3091/3091 3093/3093/3093
f 3094/3094/3094 3095/3095/3095 3096/3096/3096
f 3095/3095/3095 3094/3094/3094 3097/3097/3097
f 3098/3098/3098 3099/3099/3099 3100/3100/3100
f 3099/3099/3099 3098/3098/3098 3101/3101/3101
f 3098/3098/3098 3100/3100/3100 3102/3102/3102
f 3102/3102/3102 3103/3103/3103 3098/3098/3098
f 3102/3102/3102 3104/3104/3104 3103/3103/3103
f 3104/3104/3104 3102/3102/3102 3105/3105/3105
f 3104/3104/3104 3105/3105/3105 3106/3106/3106
f 3106/3106/3106 3107/3107/3107 3104/3104/3104
f 3108/3108/3108 3109/3109/3109 3110/3110/3110
f 3109/3109/3109 3108/3108/3108 3111/3111/3111
f 3108/3108/3108 3112/3112/3112 3113/3113/3113
f 3113/3113/3113 3114/3114/3114 3108/3108/3108
f 3113/3113/3113 3115/3115/3115 3114/3114/3114
f 3115/3115/3115 3113/3113/3113 3116/3116/3116
f 3117/3117/3117 3118/3118/3118 3119/3119/3119
f 3118/3118/3118 3117/3117/3117 3120/3120/3120
f 3121/3121/3121 3117/3117/3117 3119/3119/3119
f 3117/3117/3117 3121/3121/3121 3122/3122/3122
f 3122/3122/3122 3121/3121/3121 3123/3123/3123
f 3124/3124/3124 3125/3125/3125 3126/3126/3126
f 3124/3124/3124 3126/3126/3126 3127/3127/3127
f 3125/3125/3125 3128/3128/3128 3126/3126/3126
f 3125/3125/3125 3129/3129/3129 3128/3128/3128
f 3130/3130/3130 3131/3131/3131 3132/3132/3132
f 3131/3131/3131 3130/3130/3130 3133/3133/3133
f 3134/3134/3134 3135/3135/3135 3136/3136/3136
f 3135/3135/3135 3134/3134/3134 3137/3137/3137
f 3138/3138/3138 3139/3139/3139 3140/3140/3140
f 3139/3139/3139 3138/3138/3138 3141/3141/3141
f 3142/3142/3142 3143/3143/3143 3144/3144/3144
f 3143/3143/3143 3142/3142/3142 3145/3145/3145
f 3143/3143/3143 3146/3146/3146 3147/3147/3147
f 3146/3146/3146 3143/3143/3143 3148/3148/3148
f 3149/3149/3149 3150/3150/3150 3151/3151/3151
f 3150/3150/3150 3149/3149/3149 3152/3152/3152
f 3153/3153/3153 3154/3154/3154 3155/3155/3155
f 3154/3154/3154 3153/3153/3153 3156/3156/3156
f 3157/3157/3157 3158/3158/3158 3159/3159/3159
f 3159/3159/3159 3160/3160/3160 3157/3157/3157
f 3161/3161/3161 3159/3159/3159 3162/3162/3162
f 3159/3159/3159 3161/3161/3161 3163/3163/3163
f 3164/3164/3164 3161/3161/3161 3165/3165/3165
f 3161/3161/3161 3164/3164/3164 3166/3166/3166
f 3167/3167/3167 3166/3166/3166 3168/3168/3168
f 3166/3166/3166 3167/3167/3167 3169/3169/3169
f 3167/3167/3167 3170/3170/3170 3169/3169/3169
f 3170/3170/3170 3167/3167/3167 3171/3171/3171
f 3172/3172/3172 3170/3170/3170 3171/3171/3171
f 3170/3170/3170 3172/3172/3172 3173/3173/3173
f 3174/3174/3174 3175/3175/3175 3176/3176/3176
f 3175/3175/3175 3174/3174/3174 3177/3177/3177
f 3178/3178/3178 3179/3179/3179 3180/3180/3180
f 3179/3179/3179 3178/3178/3178 3181/3181/3181
f 3182/3182/3182 3183/3183/3183 3184/3184/3184
f 3183/3183/3183 3182/3182/3182 3185/3185/3185
f 3186/3186/3186 3187/3187/3187 3188/3188/3188
f 3187/3187/3187 3186/3186/3186 3189/3189/3189
f 3190/3190/3190 3186/3186/3186 3191/3191/3191
f 3186/3186/3186 3190/3190/3190 3192/3192/3192
f 3190/3190/3190 3193/3193/3193 3192/3192/3192
f 3194/3194/3194 3193/3193/3193 3190/3190/3190
f 3195/3195/3195 3196/3196/3196 3197/3197/3197
f 3196/3196/3196 3195/3195/3195 3198/3198/3198
f 3199/3199/3199 3200/3200/3200 3201/3201/3201
f 3200/3200/3200 3199/3199/3199 3202/3202/3202
f 3203/3203/3203 3204/3204/3204 3205/3205/3205
f 3204/3204/3204 3203/3203/3203 3206/3206/3206
f 3207/3207/3207 3208/3208/3208 3209/3209/3209
f 3208/3208/3208 3207/3207/3207 3210/3210/3210
f 3211/3211/3211 3212/3212/3212 3213/3213/3213
f 3212/3212/3212 3211/3211/3211 3214/3214/3214
f 3215/3215/3215 3216/3216/3216 3217/3217/3217
f 3216/3216/3216 3215/3215/3215 3218/3218/3218
f 3219/3219/3219 3220/3220/3220 3221/3221/3221
f 3220/3220/3220 3219/3219/3219 3222/3222/3222
f 3219/3219/3219 3223/3223/3223 3224/3224/3224
f 3223/3223/3223 3219/3219/3219 3225/3225/3225
f 3226/3226/3226 3227/3227/3227 3228/3228/3228
f 3227/3227/3227 3226/3226/3226 3229/3229/3229
f 3230/3230/3230 3231/3231/3231 3232/3232/3232
f 3231/3231/3231 3230/3230/3230 3233/3233/3233
f 3230/3230/3230 3234/3234/3234 3233/3233/3233
f 3234/3234/3234 3230/3230/3230 3235/3235/3235
f 3236/3236/3236 3237/3237/3237 3238/3238/3238
f 3237/3237/3237 3236/3236/3236 3239/3239/3239
f 3236/3236/3236 3240/3240/3240 3239/3239/3239
f 3240/3240/3240 3236/3236/3236 3241/3241/3241
f 3242/3242/3242 3243/3243/3243 3244/3244/3244
f 3243/3243/3243 3242/3242/3242 3245/3245/3245
f 3246/3246/3246 3247/3247/3247 3248/3248/3248
f 3247/3247/3247 3246/3246/3246 3249/3249/3249
f 3246/3246/3246 3250/3250/3250 3249/3249/3249
f 3250/3250/3250 3246/3246/3246 3251/3251/3251
f 3252/3252/3252 3253/3253/3253 3254/3254/3254
f 3253/3253/3253 3252/3252/3252 3255/3255/3255
f 3256/3256/3256 3257/3257/3257 3258/3258/3258
f 3257/3257/3257 3256/3256/3256 3259/3259/3259
f 3260/3260/3260 3261/3261/3261 3262/3262/3262
f 3261/3261/3261 3260/3260/3260 3263/3263/3263
f 3264/3264/3264 3265/3265/3265 3266/3266/3266
f 3265/3265/3265 3264/3264/3264 3267/3267/3267
f 3268/3268/3268 3269/3269/3269 3270/3270/3270
f 3269/3269/3269 3268/3268/3268 3271/3271/3271
f 3272/3272/3272 3273/3273/3273 3274/3274/3274
f 3273/3273/3273 3272/3272/3272 3275/3275/3275
f 3272/3272/3272 3276/3276/3276 3275/3275/3275
f 3277/3277/3277 3276/3276/3276 3272/3272/3272
f 3278/3278/3278 3279/3279/3279 3280/3280/3280
f 3279/3279/3279 3278/3278/3278 3281/3281/3281
f 3282/3282/3282 3283/3283/3283 3284/3284/3284
f 3284/3284/3284 3283/3283/3283 3285/3285/3285
f 3286/3286/3286 3284/3284/3284 3287/3287/3287
f 3284/3284/3284 3286/3286/3286 3288/3288/3288
f 3289/3289/3289 3283/3283/3283 3290/3290/3290
f 3283/3283/3283 3289/3289/3289 3291/3291/3291
f 3289/3289/3289 3292/3292/3292 3291/3291/3291
f 3292/3292/3292 3289/3289/3289 3293/3293/3293
f 3294/3294/3294 3295/3295/3295 3296/3296/3296
f 3296/3296/3296 3295/3295/3295 3297/3297/3297
f 3298/3298/3298 3299/3299/3299 3300/3300/3300
f 3299/3299/3299 3298/3298/3298 3301/3301/3301
f 3298/3298/3298 3300/3300/3300 3302/3302/3302
f 3302/3302/3302 3303/3303/3303 3298/3298/3298
f 3304/3304/3304 3302/3302/3302 3305/3305/3305
f 3302/3302/3302 3304/3304/3304 3306/3306/3306
f 3307/3307/3307 3308/3308/3308 3309/3309/3309
f 3308/3308/3308 3307/3307/3307 3310/3310/3310
f 3307/3307/3307 3309/3309/3309 3311/3311/3311
f 3311/3311/3311 3312/3312/3312 3307/3307/3307
f 3311/3311/3311 3313/3313/3313 3312/3312/3312
f 3313/3313/3313 3311/3311/3311 3314/3314/3314
f 3315/3315/3315 3313/3313/3313 3314/3314/3314
f 3313/3313/3313 3315/3315/3315 3316/3316/3316
f 3317/3317/3317 3318/3318/3318 3319/3319/3319
f 3318/3318/3318 3317/3317/3317 3320/3320/3320
f 3318/3318/3318 3321/3321/3321 3322/3322/3322
f 3321/3321/3321 3318/3318/3318 3323/3323/3323
f 3324/3324/3324 3325/3325/3325 3326/3326/3326
f 3325/3325/3325 3324/3324/3324 3327/3327/3327
f 3328/3328/3328 3329/3329/3329 3330/3330/3330
f 3329/3329/3329 3328/3328/3328 3331/3331/3331
f 3332/3332/3332 3329/3329/3329 3331/3331/3331
f 3329/3329/3329 3332/3332/3332 3333/3333/3333
f 3334/3334/3334 3335/3335/3335 3336/3336/3336
f 3335/3335/3335 3334/3334/3334 3337/3337/3337
f 3338/3338/3338 3339/3339/3339 3340/3340/3340
f 3339/3339/3339 3338/3338/3338 3341/3341/3341
f 3342/3342/3342 3343/3343/3343 3344/3344/3344
f 3343/3343/3343 3342/3342/3342 3345/3345/3345
f 3346/3346/3346 3343/3343/3343 3345/3345/3345
f 3343/3343/3343 3346/3346/3346 3347/3347/3347
f 3348/3348/3348 3349/3349/3349 3350/3350/3350
f 3349/3349/3349 3348/3348/3348 3351/3351/3351
f 3352/3352/3352 3353/3353/3353 3354/3354/3354
f 3354/3354/3354 3353/3353/3353 3355/3355/3355
f 3353/3353/3353 3356/3356/3356 3355/3355/3355
f 3355/3355/3355 3356/3356/3356 3357/3357/3357
f 3356/3356/3356 3358/3358/3358 3357/3357/3357
f 3357/3357/3357 3358/3358/3358 3359/3359/3359
f 3358/3358/3358 3360/3360/3360 3359/3359/3359
f 3359/3359/3359 3360/3360/3360 3361/3361/3361
f 3360/3360/3360 3362/3362/3362 3361/3361/3361
f 3361/3361/3361 3362/3362/3362 3363/3363/3363
f 3364/3364/3364 3363/3363/3363 3362/3362/3362
f 3364/3364/3364 3365/3365/3365 3363/3363/3363
f 3366/3366/3366 3365/3365/3365 3364/3364/3364
f 3366/3366/3366 3367/3367/3367 3365/3365/3365
f 3366/3366/3366 3368/3368/3368 3367/3367/3367
f 3367/3367/3367 3368/3368/3368 3369/3369/3369
f 3370/3370/3370 3371/3371/3371 3372/3372/3372
f 3371/3371/3371 3370/3370/3370 3373/3373/3373
f 3371/3371/3371 3374/3374/3374 3372/3372/3372
f 3374/3374/3374 3371/3371/3371 3375/3375/3375
f 3375/3375/3375 3376/3376/3376 3374/3374/3374
f 3376/3376/3376 3375/3375/3375 3377/3377/3377
f 3378/3378/3378 3376/3376/3376 3377/3377/3377
f 3379/3379/3379 3378/3378/3378 3377/3377/3377
f 3380/3380/3380 3378/3378/3378 3379/3379/3379
f 3381/3381/3381 3380/3380/3380 3379/3379/3379
f 3382/3382/3382 3380/3380/3380 3381/3381/3381
f 3383/3383/3383 3380/3380/3380 3382/3382/3382
f 3384/3384/3384 3383/3383/3383 3382/3382/3382
f 3385/3385/3385 3383/3383/3383 3384/3384/3384
f 3386/3386/3386 3385/3385/3385 3384/3384/3384
f 3385/3385/3385 3386/3386/3386 3387/3387/3387
f 3388/3388/3388 3389/3389/3389 3390/3390/3390
f 3390/3390/3390 3389/3389/3389 3391/3391/3391
f 3390/3390/3390 3392/3392/3392 3388/3388/3388
f 3392/3392/3392 3390/3390/3390 3393/3393/3393
f 3393/3393/3393 3394/3394/3394 3392/3392/3392
f 3394/3394/3394 3393/3393/3393 3395/3395/3395
f 3396/3396/3396 3394/3394/3394 3395/3395/3395
f 3397/3397/3397 3396/3396/3396 3395/3395/3395
f 3398/3398/3398 3396/3396/3396 3397/3397/3397
f 3399/3399/3399 3398/3398/3398 3397/3397/3397
f 3400/3400/3400 3398/3398/3398 3399/3399/3399
f 3401/3401/3401 3398/3398/3398 3400/3400/3400
f 3402/3402/3402 3401/3401/3401 3400/3400/3400
f 3403/3403/3403 3401/3401/3401 3402/3402/3402
f 3404/3404/3404 3403/3403/3403 3402/3402/3402
f 3405/3405/3405 3403/3403/3403 3404/3404/3404
f 3406/3406/3406 3407/3407/3407 3408/3408/3408
f 3408/3408/3408 3407/3407/3407 3409/3409/3409
f 3407/3407/3407 3410/3410/3410 3411/3411/3411
f 3410/3410/3410 3407/3407/3407 3412/3412/3412
f 3413/3413/3413 3408/3408/3408 3414/3414/3414
f 3408/3408/3408 3413/3413/3413 3415/3415/3415
f 3416/3416/3416 3417/3417/3417 3418/3418/3418
f 3417/3417/3417 3416/3416/3416 3419/3419/3419
f 3420/3420/3420 3421/3421/3421 3422/3422/3422
f 3422/3422/3422 3423/3423/3423 3420/3420/3420
f 3420/3420/3420 3424/3424/3424 3425/3425/3425
f 3424/3424/3424 3420/3420/3420 3426/3426/3426
f 3427/3427/3427 3428/3428/3428 3426/3426/3426
f 3428/3428/3428 3427/3427/3427 3429/3429/3429
f 3430/3430/3430 3431/3431/3431 3432/3432/3432
f 3431/3431/3431 3430/3430/3430 3433/3433/3433
f 3434/3434/3434 3435/3435/3435 3436/3436/3436
f 3436/3436/3436 3437/3437/3437 3434/3434/3434
f 3434/3434/3434 3438/3438/3438 3435/3435/3435
f 3438/3438/3438 3434/3434/3434 3439/3439/3439
f 3440/3440/3440 3438/3438/3438 3439/3439/3439
f 3438/3438/3438 3440/3440/3440 3441/3441/3441
f 3441/3441/3441 3440/3440/3440 3442/3442/3442
f 3443/3443/3443 3444/3444/3444 3445/3445/3445
f 3444/3444/3444 3443/3443/3443 3446/3446/3446
f 3443/3443/3443 3447/3447/3447 3448/3448/3448
f 3447/3447/3447 3443/3443/3443 3449/3449/3449
f 3450/3450/3450 3447/3447/3447 3451/3451/3451
f 3447/3447/3447 3450/3450/3450 3452/3452/3452
f 3450/3450/3450 3453/3453/3453 3452/3452/3452
f 3454/3454/3454 3453/3453/3453 3450/3450/3450
f 3455/3455/3455 3456/3456/3456 3457/3457/3457
f 3457/3457/3457 3458/3458/3458 3455/3455/3455
f 3459/3459/3459 3460/3460/3460 3461/3461/3461
f 3460/3460/3460 3459/3459/3459 3462/3462/3462
f 3463/3463/3463 3464/3464/3464 3465/3465/3465
f 3464/3464/3464 3463/3463/3463 3466/3466/3466
f 3467/3467/3467 3468/3468/3468 3469/3469/3469
f 3468/3468/3468 3467/3467/3467 3470/3470/3470
f 3467/3467/3467 3469/3469/3469 3471/3471/3471
f 3471/3471/3471 3472/3472/3472 3467/3467/3467
f 3471/3471/3471 3473/3473/3473 3472/3472/3472
f 3473/3473/3473 3471/3471/3471 3474/3474/3474
f 3475/3475/3475 3476/3476/3476 3473/3473/3473
f 3473/3473/3473 3477/3477/3477 3475/3475/3475
f 3478/3478/3478 3479/3479/3479 3480/3480/3480
f 3479/3479/3479 3478/3478/3478 3481/3481/3481
f 3482/3482/3482 3483/3483/3483 3484/3484/3484
f 3483/3483/3483 3482/3482/3482 3485/3485/3485
f 3486/3486/3486 3487/3487/3487 3488/3488/3488
f 3487/3487/3487 3486/3486/3486 3489/3489/3489
f 3490/3490/3490 3491/3491/3491 3492/3492/3492
f 3491/3491/3491 3490/3490/3490 3493/3493/3493
f 3490/3490/3490 3492/3492/3492 3494/3494/3494
f 3494/3494/3494 3495/3495/3495 3490/3490/3490
f 3494/3494/3494 3496/3496/3496 3495/3495/3495
f 3496/3496/3496 3494/3494/3494 3497/3497/3497
f 3498/3498/3498 3499/3499/3499 3500/3500/3500
f 3500/3500/3500 3501/3501/3501 3498/3498/3498
f 3498/3498/3498 3502/3502/3502 3499/3499/3499
f 3502/3502/3502 3498/3498/3498 3503/3503/3503
f 3504/3504/3504 3502/3502/3502 3503/3503/3503
f 3502/3502/3502 3504/3504/3504 3505/3505/3505
f 3506/3506/3506 3507/3507/3507 3508/3508/3508
f 3507/3507/3507 3506/3506/3506 3509/3509/3509
f 3510/3510/3510 3506/3506/3506 3511/3511/3511
f 3506/3506/3506 3510/3510/3510 3512/3512/3512
f 3513/3513/3513 3510/3510/3510 3514/3514/3514
f 3510/3510/3510 3513/3513/3513 3515/3515/3515
f 3507/3507/3507 3516/3516/3516 3517/3517/3517
f 3516/3516/3516 3507/3507/3507 3518/3518/3518
f 3519/3519/3519 3520/3520/3520 3516/3516/3516
f 3516/3516/3516 3521/3521/3521 3519/3519/3519
f 3522/3522/3522 3523/3523/3523 3524/3524/3524
f 3523/3523/3523 3522/3522/3522 3525/3525/3525
f 3526/3526/3526 3527/3527/3527 3528/3528/3528
f 3527/3527/3527 3526/3526/3526 3529/3529/3529
f 3530/3530/3530 3531/3531/3531 3532/3532/3532
f 3531/3531/3531 3530/3530/3530 3533/3533/3533
f 3534/3534/3534 3535/3535/3535 3536/3536/3536
f 3535/3535/3535 3534/3534/3534 3537/3537/3537
f 3538/3538/3538 3539/3539/3539 3540/3540/3540
f 3539/3539/3539 3538/3538/3538 3541/3541/3541
f 3542/3542/3542 3543/3543/3543 3544/3544/3544
f 3543/3543/3543 3542/3542/3542 3545/3545/3545
f 3546/3546/3546 3547/3547/3547 3548/3548/3548
f 3548/3548/3548 3549/3549/3549 3546/3546/3546
f 3546/3546/3546 3550/3550/3550 3551/3551/3551
f 3550/3550/3550 3546/3546/3546 3552/3552/3552
f 3553/3553/3553 3554/3554/3554 3552/3552/3552
f 3554/3554/3554 3553/3553/3553 3555/3555/3555
f 3556/3556/3556 3557/3557/3557 3558/3558/3558
f 3557/3557/3557 3556/3556/3556 3559/3559/3559
f 3560/3560/3560 3557/3557/3557 3561/3561/3561
f 3562/3562/3562 3557/3557/3557 3560/3560/3560
f 3563/3563/3563 3564/3564/3564 3565/3565/3565
f 3565/3565/3565 3566/3566/3566 3563/3563/3563
f 3567/3567/3567 3568/3568/3568 3569/3569/3569
f 3568/3568/3568 3567/3567/3567 3570/3570/3570
f 3571/3571/3571 3572/3572/3572 3573/3573/3573
f 3572/3572/3572 3571/3571/3571 3574/3574/3574
f 3575/3575/3575 3576/3576/3576 3577/3577/3577
f 3576/3576/3576 3575/3575/3575 3578/3578/3578
f 3579/3579/3579 3580/3580/3580 3581/3581/3581
f 3580/3580/3580 3579/3579/3579 3582/3582/3582
f 3583/3583/3583 3584/3584/3584 3585/3585/3585
f 3584/3584/3584 3583/3583/3583 3586/3586/3586
f 3583/3583/3583 3587/3587/3587 3588/3588/3588
f 3587/3587/3587 3583/3583/3583 3589/3589/3589
f 3590/3590/3590 3587/3587/3587 3589/3589/3589
f 3587/3587/3587 3590/3590/3590 3591/3591/3591
f 3590/3590/3590 3592/3592/3592 3591/3591/3591
f 3592/3592/3592 3590/3590/3590 3593/3593/3593
f 3594/3594/3594 3592/3592/3592 3593/3593/3593
f 3592/3592/3592 3594/3594/3594 3595/3595/3595
f 3596/3596/3596 3597/3597/3597 3598/3598/3598
f 3598/3598/3598 3597/3597/3597 3599/3599/3599
f 3598/3598/3598 3600/3600/3600 3601/3601/3601
f 3601/3601/3601 3602/3602/3602 3598/3598/3598
f 3603/3603/3603 3601/3601/3601 3604/3604/3604
f 3601/3601/3601 3603/3603/3603 3605/3605/3605
f 3606/3606/3606 3607/3607/3607 3608/3608/3608
f 3607/3607/3607 3606/3606/3606 3609/3609/3609
f 3606/3606/3606 3610/3610/3610 3611/3611/3611
f 3611/3611/3611 3612/3612/3612 3606/3606/3606
f 3611/3611/3611 3613/3613/3613 3612/3612/3612
f 3613/3613/3613 3611/3611/3611 3614/3614/3614
f 3615/3615/3615 3616/3616/3616 3617/3617/3617
f 3616/3616/3616 3615/3615/3615 3618/3618/3618
f 3615/3615/3615 3619/3619/3619 3620/3620/3620
f 3619/3619/3619 3615/3615/3615 3621/3621/3621
f 3622/3622/3622 3619/3619/3619 3623/3623/3623
f 3619/3619/3619 3622/3622/3622 3624/3624/3624
f 3622/3622/3622 3625/3625/3625 3624/3624/3624
f 3626/3626/3626 3625/3625/3625 3622/3622/3622
f 3627/3627/3627 3628/3628/3628 3629/3629/3629
f 3628/3628/3628 3627/3627/3627 3630/3630/3630
f 3627/3627/3627 3631/3631/3631 3630/3630/3630
f 3631/3631/3631 3627/3627/3627 3632/3632/3632
f 3631/3631/3631 3633/3633/3633 3634/3634/3634
f 3633/3633/3633 3631/3631/3631 3635/3635/3635
f 3636/3636/3636 3637/3637/3637 3638/3638/3638
f 3637/3637/3637 3636/3636/3636 3639/3639/3639
f 3636/3636/3636 3638/3638/3638 3640/3640/3640
f 3640/3640/3640 3641/3641/3641 3636/3636/3636
f 3642/3642/3642 3643/3643/3643 3644/3644/3644
f 3643/3643/3643 3642/3642/3642 3645/3645/3645
f 3646/3646/3646 3647/3647/3647 3648/3648/3648
f 3647/3647/3647 3646/3646/3646 3649/3649/3649
f 3650/3650/3650 3651/3651/3651 3652/3652/3652
f 3651/3651/3651 3650/3650/3650 3653/3653/3653
f 3650/3650/3650 3654/3654/3654 3653/3653/3653
f 3654/3654/3654 3650/3650/3650 3655/3655/3655
f 3656/3656/3656 3657/3657/3657 3658/3658/3658
f 3657/3657/3657 3656/3656/3656 3659/3659/3659
f 3660/3660/3660 3661/3661/3661 3662/3662/3662
f 3661/3661/3661 3660/3660/3660 3663/3663/3663
f 3664/3664/3664 3660/3660/3660 3662/3662/3662
f 3660/3660/3660 3664/3664/3664 3665/3665/3665
f 3665/3665/3665 3664/3664/3664 3666/3666/3666
f 3667/3667/3667 3668/3668/3668 3669/3669/3669
f 3668/3668/3668 3667/3667/3667 3670/3670/3670
f 3671/3671/3671 3672/3672/3672 3673/3673/3673
f 3672/3672/3672 3671/3671/3671 3674/3674/3674
f 3672/3672/3672 3675/3675/3675 3676/3676/3676
f 3675/3675/3675 3672/3672/3672 3677/3677/3677
f 3678/3678/3678 3679/3679/3679 3680/3680/3680
f 3679/3679/3679 3678/3678/3678 3681/3681/3681
f 3679/3679/3679 3682/3682/3682 3683/3683/3683
f 3682/3682/3682 3679/3679/3679 3684/3684/3684
f 3685/3685/3685 3686/3686/3686 3687/3687/3687
f 3687/3687/3687 3688/3688/3688 3685/3685/3685
f 3685/3685/3685 3689/3689/3689 3690/3690/3690
f 3689/3689/3689 3685/3685/3685 3691/3691/3691
f 3692/3692/3692 3693/3693/3693 3691/3691/3691
f 3693/3693/3693 3692/3692/3692 3694/3694/3694
f 3695/3695/3695 3696/3696/3696 3697/3697/3697
f 3697/3697/3697 3698/3698/3698 3695/3695/3695
f 3699/3699/3699 3700/3700/3700 3697/3697/3697
f 3700/3700/3700 3699/3699/3699 3701/3701/3701
f 3701/3701/3701 3702/3702/3702 3703/3703/3703
f 3702/3702/3702 3701/3701/3701 3704/3704/3704
f 3705/3705/3705 3706/3706/3706 3707/3707/3707
f 3706/3706/3706 3705/3705/3705 3708/3708/3708
f 3709/3709/3709 3710/3710/3710 3711/3711/3711
f 3711/3711/3711 3710/3710/3710 3712/3712/3712
f 3711/3711/3711 3713/3713/3713 3714/3714/3714
f 3714/3714/3714 3715/3715/3715 3711/3711/3711
f 3714/3714/3714 3716/3716/3716 3715/3715/3715
f 3716/3716/3716 3714/3714/3714 3717/3717/3717
f 3718/3718/3718 3719/3719/3719 3720/3720/3720
f 3719/3719/3719 3718/3718/3718 3721/3721/3721
f 3722/3722/3722 3723/3723/3723 3724/3724/3724
f 3723/3723/3723 3722/3722/3722 3725/3725/3725
f 3726/3726/3726 3727/3727/3727 3728/3728/3728
f 3726/3726/3726 3728/3728/3728 3729/3729/3729
f 3730/3730/3730 3731/3731/3731 3732/3732/3732
f 3731/3731/3731 3730/3730/3730 3733/3733/3733
f 3734/3734/3734 3735/3735/3735 3736/3736/3736
f 3735/3735/3735 3734/3734/3734 3737/3737/3737
f 3738/3738/3738 3734/3734/3734 3736/3736/3736
f 3734/3734/3734 3738/3738/3738 3739/3739/3739
f 3740/3740/3740 3741/3741/3741 3742/3742/3742
f 3743/3743/3743 3742/3742/3742 3741/3741/3741
f 3744/3744/3744 3745/3745/3745 3746/3746/3746
f 3746/3746/3746 3745/3745/3745 3747/3747/3747
f 3748/3748/3748 3744/3744/3744 3746/3746/3746
f 3749/3749/3749 3747/3747/3747 3745/3745/3745
f 3750/3750/3750 3744/3744/3744 3748/3748/3748
f 3747/3747/3747 3749/3749/3749 3751/3751/3751
f 3752/3752/3752 3750/3750/3750 3748/3748/3748
f 3753/3753/3753 3751/3751/3751 3749/3749/3749
f 3752/3752/3752 3748/3748/3748 3754/3754/3754
f 3751/3751/3751 3753/3753/3753 3755/3755/3755
f 3754/3754/3754 3756/3756/3756 3752/3752/3752
f 3753/3753/3753 3757/3757/3757 3755/3755/3755
f 3756/3756/3756 3754/3754/3754 3758/3758/3758
f 3753/3753/3753 3759/3759/3759 3757/3757/3757
f 3758/3758/3758 3759/3759/3759 3756/3756/3756
f 3759/3759/3759 3758/3758/3758 3757/3757/3757
f 3760/3760/3760 3761/3761/3761 3762/3762/3762
f 3761/3761/3761 3760/3760/3760 3763/3763/3763
f 3764/3764/3764 3760/3760/3760 3762/3762/3762
f 3760/3760/3760 3764/3764/3764 3765/3765/3765
f 3765/3765/3765 3764/3764/3764 3766/3766/3766
f 3767/3767/3767 3768/3768/3768 3769/3769/3769
f 3768/3768/3768 3767/3767/3767 3770/3770/3770
f 3771/3771/3771 3767/3767/3767 3772/3772/3772
f 3767/3767/3767 3771/3771/3771 3773/3773/3773
f 3774/3774/3774 3771/3771/3771 3775/3775/3775
f 3771/3771/3771 3774/3774/3774 3776/3776/3776
f 3768/3768/3768 3777/3777/3777 3778/3778/3778
f 3777/3777/3777 3768/3768/3768 3779/3779/3779
f 3777/3777/3777 3779/3779/3779 3780/3780/3780
f 3780/3780/3780 3781/3781/3781 3777/3777/3777
f 3780/3780/3780 3782/3782/3782 3781/3781/3781
f 3782/3782/3782 3780/3780/3780 3783/3783/3783
f 3784/3784/3784 3785/3785/3785 3786/3786/3786
f 3787/3787/3787 3786/3786/3786 3785/3785/3785
f 3784/3784/3784 3786/3786/3786 3788/3788/3788
f 3786/3786/3786 3787/3787/3787 3789/3789/3789
f 3788/3788/3788 3790/3790/3790 3784/3784/3784
f 3791/3791/3791 3789/3789/3789 3787/3787/3787
f 3790/3790/3790 3788/3788/3788 3792/3792/3792
f 3789/3789/3789 3791/3791/3791 3793/3793/3793
f 3794/3794/3794 3790/3790/3790 3792/3792/3792
f 3795/3795/3795 3793/3793/3793 3791/3791/3791
f 3794/3794/3794 3792/3792/3792 3796/3796/3796
f 3793/3793/3793 3795/3795/3795 3797/3797/3797
f 3798/3798/3798 3794/3794/3794 3796/3796/3796
f 3798/3798/3798 3797/3797/3797 3795/3795/3795
f 3798/3798/3798 3796/3796/3796 3799/3799/3799
f 3797/3797/3797 3798/3798/3798 3799/3799/3799
